dt,ma cfr
2013-1-4,353.0
2013-1-7,354.0
2013-1-8,355.0
2013-1-9,354.0
2013-1-10,354.0
2013-1-11,355.0
2013-1-14,355.0
2013-1-15,356.0
2013-1-16,356.0
2013-1-17,356.0
2013-1-18,359.0
2013-1-21,359.0
2013-1-22,357.0
2013-1-23,358.0
2013-1-24,360.0
2013-1-25,361.0
2013-1-28,361.0
2013-1-29,362.0
2013-1-30,362.0
2013-1-31,363.0
2013-2-1,364.0
2013-2-4,366.0
2013-2-5,367.0
2013-2-6,367.0
2013-2-7,367.0
2013-2-8,367.0
2013-2-11,367.0
2013-2-12,367.0
2013-2-13,367.0
2013-2-14,367.0
2013-2-15,371.0
2013-2-18,371.0
2013-2-19,371.0
2013-2-20,373.0
2013-2-21,374.0
2013-2-22,374.0
2013-2-25,374.0
2013-2-26,373.0
2013-2-27,373.0
2013-2-28,374.0
2013-3-1,374.0
2013-3-4,372.0
2013-3-5,371.0
2013-3-6,370.5
2013-3-7,368.0
2013-3-8,368.0
2013-3-11,366.0
2013-3-12,367.0
2013-3-13,367.0
2013-3-14,367.0
2013-3-15,368.0
2013-3-18,367.0
2013-3-19,366.0
2013-3-20,365.0
2013-3-21,365.0
2013-3-22,365.0
2013-3-25,368.0
2013-3-26,367.0
2013-3-27,366.0
2013-3-28,366.0
2013-3-29,366.0
2013-4-1,365.0
2013-4-2,365.0
2013-4-3,365.0
2013-4-4,365.0
2013-4-5,366.0
2013-4-8,366.0
2013-4-9,366.0
2013-4-10,366.0
2013-4-11,367.0
2013-4-12,367.0
2013-4-15,366.0
2013-4-16,365.0
2013-4-17,365.0
2013-4-18,363.0
2013-4-19,362.0
2013-4-22,362.0
2013-4-23,361.0
2013-4-24,361.0
2013-4-25,361.0
2013-4-26,361.0
2013-4-29,361.0
2013-4-30,361.0
2013-5-1,361.0
2013-5-2,361.0
2013-5-3,362.0
2013-5-6,363.0
2013-5-7,364.0
2013-5-8,365.0
2013-5-9,366.0
2013-5-10,367.0
2013-5-13,368.0
2013-5-14,368.0
2013-5-15,367.0
2013-5-16,366.0
2013-5-17,367.0
2013-5-20,367.0
2013-5-21,368.0
2013-5-22,368.5
2013-5-23,368.5
2013-5-24,368.0
2013-5-27,368.0
2013-5-28,367.0
2013-5-29,366.5
2013-5-30,366.0
2013-5-31,366.0
2013-6-3,366.0
2013-6-4,365.0
2013-6-5,365.0
2013-6-6,363.0
2013-6-7,363.0
2013-6-10,363.0
2013-6-11,363.0
2013-6-12,363.0
2013-6-13,361.0
2013-6-14,358.0
2013-6-17,358.0
2013-6-18,358.0
2013-6-19,357.0
2013-6-20,356.0
2013-6-21,356.0
2013-6-24,355.5
2013-6-25,355.5
2013-6-26,355.0
2013-6-27,355.0
2013-6-28,355.0
2013-7-1,356.0
2013-7-2,356.0
2013-7-3,358.0
2013-7-4,358.0
2013-7-5,358.0
2013-7-8,358.0
2013-7-9,358.0
2013-7-10,358.0
2013-7-11,359.0
2013-7-12,360.0
2013-7-15,360.0
2013-7-16,360.0
2013-7-17,360.5
2013-7-18,362.0
2013-7-19,365.0
2013-7-22,365.0
2013-7-23,367.0
2013-7-24,368.0
2013-7-25,368.0
2013-7-26,369.0
2013-7-29,372.0
2013-7-30,376.0
2013-7-31,377.0
2013-8-1,377.0
2013-8-2,377.0
2013-8-5,377.5
2013-8-6,377.5
2013-8-7,377.5
2013-8-8,377.5
2013-8-9,377.5
2013-8-12,379.0
2013-8-13,379.5
2013-8-14,380.0
2013-8-15,382.0
2013-8-16,382.0
2013-8-19,382.0
2013-8-20,382.0
2013-8-21,380.0
2013-8-22,381.0
2013-8-23,383.0
2013-8-26,383.0
2013-8-27,383.0
2013-8-28,385.0
2013-8-29,385.5
2013-8-30,387.0
2013-9-2,387.0
2013-9-3,389.0
2013-9-4,390.0
2013-9-5,391.0
2013-9-6,395.0
2013-9-9,395.0
2013-9-10,396.0
2013-9-11,396.0
2013-9-12,397.0
2013-9-13,401.0
2013-9-16,401.0
2013-9-17,401.0
2013-9-18,401.0
2013-9-19,401.0
2013-9-20,402.0
2013-9-23,403.0
2013-9-24,403.5
2013-9-25,405.0
2013-9-26,406.0
2013-9-27,412.0
2013-9-30,412.0
2013-10-1,412.0
2013-10-2,412.0
2013-10-3,412.0
2013-10-4,412.0
2013-10-7,415.0
2013-10-8,416.0
2013-10-9,417.0
2013-10-10,419.0
2013-10-11,420.0
2013-10-14,420.0
2013-10-15,420.0
2013-10-16,421.0
2013-10-17,425.0
2013-10-18,430.0
2013-10-21,430.0
2013-10-22,429.0
2013-10-23,431.0
2013-10-24,436.0
2013-10-25,456.0
2013-10-28,456.0
2013-10-29,456.0
2013-10-30,457.0
2013-10-31,457.0
2013-11-1,458.0
2013-11-4,458.0
2013-11-5,459.0
2013-11-6,460.0
2013-11-7,461.0
2013-11-8,465.0
2013-11-11,467.0
2013-11-12,467.0
2013-11-13,467.0
2013-11-14,469.0
2013-11-15,475.0
2013-11-18,470.0
2013-11-19,470.0
2013-11-20,475.0
2013-11-21,485.0
2013-11-22,495.0
2013-11-25,485.0
2013-11-26,490.0
2013-11-27,521.0
2013-11-28,521.0
2013-11-29,516.0
2013-12-2,516.0
2013-12-3,520.0
2013-12-4,525.0
2013-12-5,525.0
2013-12-6,530.0
2013-12-9,530.0
2013-12-10,535.0
2013-12-11,540.0
2013-12-12,540.0
2013-12-13,550.0
2013-12-16,535.0
2013-12-17,530.0
2013-12-18,535.0
2013-12-19,535.0
2013-12-20,545.0
2013-12-23,535.0
2013-12-24,535.0
2013-12-25,535.0
2013-12-26,535.0
2013-12-27,535.0
2013-12-30,535.0
2013-12-31,535.0
2014-1-1,535.0
2014-1-2,530.0
2014-1-3,530.0
2014-1-6,520.0
2014-1-7,520.0
2014-1-8,520.0
2014-1-9,520.0
2014-1-10,520.0
2014-1-13,520.0
2014-1-14,520.0
2014-1-15,520.0
2014-1-16,517.0
2014-1-17,517.0
2014-1-20,517.0
2014-1-21,515.0
2014-1-22,515.0
2014-1-23,510.0
2014-1-24,510.0
2014-1-27,510.0
2014-1-28,509.0
2014-1-29,509.0
2014-1-30,509.0
2014-1-31,509.0
2014-2-3,509.0
2014-2-4,509.0
2014-2-5,509.0
2014-2-6,505.0
2014-2-7,505.0
2014-2-10,505.0
2014-2-11,507.0
2014-2-12,506.0
2014-2-13,506.0
2014-2-14,503.0
2014-2-17,503.0
2014-2-18,505.0
2014-2-19,505.0
2014-2-20,495.0
2014-2-21,490.0
2014-2-24,490.0
2014-2-25,485.0
2014-2-26,470.0
2014-2-27,470.0
2014-2-28,470.0
2014-3-3,460.0
2014-3-4,460.0
2014-3-5,455.0
2014-3-6,455.0
2014-3-7,445.0
2014-3-10,430.0
2014-3-11,410.0
2014-3-12,395.0
2014-3-13,375.0
2014-3-14,365.0
2014-3-17,360.0
2014-3-18,360.0
2014-3-19,345.0
2014-3-20,335.0
2014-3-21,350.0
2014-3-24,340.0
2014-3-25,345.0
2014-3-26,345.0
2014-3-27,345.0
2014-3-28,345.0
2014-3-31,345.0
2014-4-1,350.0
2014-4-2,345.0
2014-4-3,360.0
2014-4-4,360.0
2014-4-7,350.0
2014-4-8,350.0
2014-4-9,350.0
2014-4-10,350.0
2014-4-11,346.0
2014-4-14,350.0
2014-4-15,345.0
2014-4-16,340.0
2014-4-17,340.0
2014-4-18,340.0
2014-4-21,345.0
2014-4-22,355.0
2014-4-23,355.0
2014-4-24,355.0
2014-4-25,361.0
2014-4-28,361.0
2014-4-29,361.0
2014-4-30,361.0
2014-5-1,361.0
2014-5-2,366.0
2014-5-5,360.0
2014-5-6,358.0
2014-5-7,355.0
2014-5-8,355.0
2014-5-9,357.0
2014-5-12,356.0
2014-5-13,356.0
2014-5-14,356.0
2014-5-15,351.0
2014-5-16,355.0
2014-5-19,353.0
2014-5-20,351.0
2014-5-21,350.0
2014-5-22,350.0
2014-5-23,346.0
2014-5-26,346.0
2014-5-27,345.0
2014-5-28,343.0
2014-5-29,342.0
2014-5-30,342.0
2014-6-2,341.0
2014-6-3,340.0
2014-6-4,339.0
2014-6-5,336.0
2014-6-6,336.0
2014-6-9,334.0
2014-6-10,329.0
2014-6-11,329.0
2014-6-12,331.0
2014-6-13,331.0
2014-6-16,331.0
2014-6-17,331.0
2014-6-18,331.0
2014-6-19,331.0
2014-6-20,330.0
2014-6-23,330.0
2014-6-24,330.0
2014-6-25,330.0
2014-6-26,332.0
2014-6-27,336.0
2014-6-30,336.0
2014-7-1,334.0
2014-7-2,333.0
2014-7-3,336.0
2014-7-4,336.0
2014-7-7,336.0
2014-7-8,336.0
2014-7-9,335.0
2014-7-10,340.0
2014-7-11,340.0
2014-7-14,340.0
2014-7-15,339.0
2014-7-16,338.0
2014-7-17,338.0
2014-7-18,338.0
2014-7-21,337.0
2014-7-22,337.0
2014-7-23,337.0
2014-7-24,337.0
2014-7-25,337.0
2014-7-28,337.0
2014-7-29,341.0
2014-7-30,341.0
2014-7-31,341.0
2014-8-1,345.0
2014-8-4,345.0
2014-8-5,345.0
2014-8-6,345.0
2014-8-7,345.0
2014-8-8,345.0
2014-8-11,345.0
2014-8-12,346.0
2014-8-13,347.0
2014-8-14,349.0
2014-8-15,350.0
2014-8-18,350.0
2014-8-19,350.0
2014-8-20,350.0
2014-8-21,350.0
2014-8-22,354.0
2014-8-25,354.0
2014-8-26,352.0
2014-8-27,352.5
2014-8-28,352.5
2014-8-29,353.5
2014-9-1,354.5
2014-9-2,354.5
2014-9-3,354.5
2014-9-4,354.5
2014-9-5,354.5
2014-9-8,355.5
2014-9-9,356.5
2014-9-10,357.5
2014-9-11,357.0
2014-9-12,357.0
2014-9-15,358.0
2014-9-16,361.0
2014-9-17,362.0
2014-9-18,363.0
2014-9-19,363.0
2014-9-22,362.0
2014-9-23,363.0
2014-9-24,362.0
2014-9-25,362.0
2014-9-26,362.0
2014-9-29,362.0
2014-9-30,364.0
2014-10-1,365.0
2014-10-2,366.0
2014-10-3,366.0
2014-10-6,366.0
2014-10-7,367.0
2014-10-8,367.0
2014-10-9,364.0
2014-10-10,359.0
2014-10-13,359.0
2014-10-14,359.0
2014-10-15,359.0
2014-10-16,357.0
2014-10-17,355.0
2014-10-20,355.5
2014-10-21,356.5
2014-10-22,356.5
2014-10-23,356.5
2014-10-24,348.5
2014-10-27,347.5
2014-10-28,345.5
2014-10-29,344.5
2014-10-30,341.5
2014-10-31,331.95
2014-11-3,328.55
2014-11-4,328.55
2014-11-5,326.55
2014-11-6,319.55
2014-11-7,319.55
2014-11-10,321.55
2014-11-11,322.55
2014-11-12,324.55
2014-11-13,324.55
2014-11-14,324.55
2014-11-17,324.55
2014-11-18,324.55
2014-11-19,323.55
2014-11-20,324.55
2014-11-21,322.55
2014-11-24,322.55
2014-11-25,322.55
2014-11-26,321.55
2014-11-27,321.55
2014-11-28,328.55
2014-12-1,328.55
2014-12-2,329.55
2014-12-3,332.55
2014-12-4,330.55
2014-12-5,329.55
2014-12-8,326.5
2014-12-9,321.5
2014-12-10,318.5
2014-12-11,315.5
2014-12-12,300.5
2014-12-15,298.5
2014-12-16,297.5
2014-12-17,280.5
2014-12-18,268.5
2014-12-19,265.5
2014-12-22,263.5
2014-12-23,259.5
2014-12-24,252.5
2014-12-25,252.5
2014-12-26,252.5
2014-12-29,249.5
2014-12-30,247.5
2014-12-31,247.5
2015-1-1,247.5
2015-1-2,244.5
2015-1-5,241.5
2015-1-6,240.5
2015-1-7,240.5
2015-1-8,240.5
2015-1-9,239.5
2015-1-12,236.5
2015-1-13,235.5
2015-1-14,234.5
2015-1-15,234.5
2015-1-16,229.5
2015-1-19,229.5
2015-1-20,233.5
2015-1-21,233.5
2015-1-22,233.5
2015-1-23,236.5
2015-1-26,235.5
2015-1-27,234.5
2015-1-28,234.5
2015-1-29,236.5
2015-1-30,236.5
2015-2-2,237.5
2015-2-3,239.5
2015-2-4,240.5
2015-2-5,238.5
2015-2-6,242.5
2015-2-9,243.5
2015-2-10,244.5
2015-2-11,244.5
2015-2-12,247.5
2015-2-13,249.5
2015-2-16,251.0
2015-2-17,253.0
2015-2-18,253.0
2015-2-19,253.0
2015-2-20,253.0
2015-2-23,253.0
2015-2-24,253.0
2015-2-25,254.5
2015-2-26,258.5
2015-2-27,260.5
2015-3-2,265.5
2015-3-3,267.5
2015-3-4,267.5
2015-3-5,268.5
2015-3-6,301.5
2015-3-9,300.5
2015-3-10,305.5
2015-3-11,304.5
2015-3-12,304.5
2015-3-13,307.5
2015-3-16,307.5
2015-3-17,307.5
2015-3-18,306.5
2015-3-19,299.5
2015-3-20,294.5
2015-3-23,295.5
2015-3-24,298.5
2015-3-25,297.5
2015-3-26,298.5
2015-3-27,307.5
2015-3-30,307.5
2015-3-31,307.5
2015-4-1,307.5
2015-4-2,310.5
2015-4-3,310.5
2015-4-6,310.5
2015-4-7,310.5
2015-4-8,312.5
2015-4-9,311.5
2015-4-10,313.5
2015-4-13,313.5
2015-4-14,313.5
2015-4-15,318.5
2015-4-16,318.5
2015-4-17,325.5
2015-4-20,332.5
2015-4-21,333.5
2015-4-22,329.5
2015-4-23,331.5
2015-4-24,335.5
2015-4-27,334.5
2015-4-28,334.5
2015-4-29,333.5
2015-4-30,334.5
2015-5-1,334.5
2015-5-4,334.5
2015-5-5,334.5
2015-5-6,334.5
2015-5-7,333.5
2015-5-8,325.5
2015-5-11,323.5
2015-5-12,324.5
2015-5-13,324.5
2015-5-14,325.5
2015-5-15,326.5
2015-5-18,325.5
2015-5-19,323.5
2015-5-20,321.5
2015-5-21,321.5
2015-5-22,319.5
2015-5-25,319.5
2015-5-26,321.5
2015-5-27,319.5
2015-5-28,319.5
2015-5-29,319.5
2015-6-1,319.5
2015-6-2,319.5
2015-6-3,319.5
2015-6-4,314.5
2015-6-5,314.5
2015-6-8,312.5
2015-6-9,313.5
2015-6-10,314.5
2015-6-11,311.5
2015-6-12,310.5
2015-6-15,310.5
2015-6-16,311.5
2015-6-17,311.5
2015-6-18,309.5
2015-6-19,311.5
2015-6-22,311.5
2015-6-23,311.5
2015-6-24,310.5
2015-6-25,310.5
2015-6-26,311.5
2015-6-29,310.5
2015-6-30,310.5
2015-7-1,311.5
2015-7-2,309.5
2015-7-3,310.5
2015-7-6,308.5
2015-7-7,302.5
2015-7-8,289.5
2015-7-9,289.5
2015-7-10,300.5
2015-7-13,299.5
2015-7-14,296.5
2015-7-15,295.5
2015-7-16,295.5
2015-7-17,295.5
2015-7-20,297.5
2015-7-21,295.5
2015-7-22,295.5
2015-7-23,293.5
2015-7-24,291.5
2015-7-27,282.5
2015-7-28,279.5
2015-7-29,281.5
2015-7-30,281.5
2015-7-31,277.5
2015-8-3,274.5
2015-8-4,272.5
2015-8-5,272.5
2015-8-6,271.5
2015-8-7,271.5
2015-8-10,271.5
2015-8-11,271.5
2015-8-12,268.5
2015-8-13,258.5
2015-8-14,254.5
2015-8-17,251.5
2015-8-18,244.5
2015-8-19,244.5
2015-8-20,243.5
2015-8-21,239.5
2015-8-24,239.5
2015-8-25,230.5
2015-8-26,227.5
2015-8-27,230.5
2015-8-28,234.5
2015-8-31,233.5
2015-9-1,231.5
2015-9-2,230.5
2015-9-3,230.5
2015-9-4,230.5
2015-9-7,232.5
2015-9-8,231.5
2015-9-9,233.5
2015-9-10,233.5
2015-9-11,233.5
2015-9-14,232.5
2015-9-15,229.5
2015-9-16,229.5
2015-9-17,229.5
2015-9-18,231.5
2015-9-21,232.5
2015-9-22,232.5
2015-9-23,236.5
2015-9-24,236.5
2015-9-25,232.5
2015-9-28,231.5
2015-9-29,230.5
2015-9-30,229.5
2015-10-1,229.5
2015-10-2,229.5
2015-10-5,229.5
2015-10-6,230.0
2015-10-7,229.5
2015-10-8,229.5
2015-10-9,240.5
2015-10-12,240.5
2015-10-13,240.5
2015-10-14,238.5
2015-10-15,236.5
2015-10-16,237.5
2015-10-19,236.5
2015-10-20,235.5
2015-10-21,235.5
2015-10-22,236.5
2015-10-23,235.5
2015-10-26,233.5
2015-10-27,233.5
2015-10-28,234.5
2015-10-29,232.5
2015-10-30,235.5
2015-11-2,237.5
2015-11-3,237.5
2015-11-4,239.5
2015-11-5,239.5
2015-11-6,239.5
2015-11-9,240.5
2015-11-10,240.5
2015-11-11,239.5
2015-11-12,240.5
2015-11-13,242.5
2015-11-16,245.5
2015-11-17,245.5
2015-11-18,239.5
2015-11-19,240.5
2015-11-20,236.5
2015-11-23,230.5
2015-11-24,231.5
2015-11-25,234.5
2015-11-26,236.5
2015-11-27,234.5
2015-11-30,233.5
2015-12-1,232.5
2015-12-2,231.5
2015-12-3,230.5
2015-12-4,229.5
2015-12-7,229.5
2015-12-8,228.5
2015-12-9,228.5
2015-12-10,228.5
2015-12-11,223.5
2015-12-14,217.5
2015-12-15,208.5
2015-12-16,204.5
2015-12-17,204.5
2015-12-18,202.5
2015-12-21,202.5
2015-12-22,202.5
2015-12-23,201.5
2015-12-24,202.5
2015-12-25,202.5
2015-12-28,202.5
2015-12-29,201.5
2015-12-30,201.5
2015-12-31,200.5
2016-1-1,200.5
2016-1-4,199.5
2016-1-5,199.5
2016-1-6,204.5
2016-1-7,205.5
2016-1-8,209.5
2016-1-11,208.5
2016-1-12,205.5
2016-1-13,206.5
2016-1-14,207.5
2016-1-15,208.5
2016-1-18,208.5
2016-1-19,208.5
2016-1-20,207.5
2016-1-21,207.5
2016-1-22,206.5
2016-1-25,206.5
2016-1-26,206.5
2016-1-27,206.5
2016-1-28,206.5
2016-1-29,207.5
2016-2-1,207.5
2016-2-2,207.5
2016-2-3,207.5
2016-2-4,207.5
2016-2-5,207.5
2016-2-8,207.5
2016-2-9,207.5
2016-2-10,207.5
2016-2-11,207.5
2016-2-12,207.5
2016-2-15,207.5
2016-2-16,210.5
2016-2-17,212.5
2016-2-18,214.5
2016-2-19,218.5
2016-2-22,222.5
2016-2-23,222.5
2016-2-24,222.5
2016-2-25,221.5
2016-2-26,217.5
2016-2-29,217.5
2016-3-1,217.5
2016-3-2,219.5
2016-3-3,216.5
2016-3-4,215.5
2016-3-7,217.5
2016-3-8,218.5
2016-3-9,218.5
2016-3-10,218.5
2016-3-11,221.5
2016-3-14,223.5
2016-3-15,223.5
2016-3-16,220.5
2016-3-17,222.5
2016-3-18,230.5
2016-3-21,231.5
2016-3-22,230.5
2016-3-23,229.5
2016-3-24,229.5
2016-3-25,229.5
2016-3-28,228.5
2016-3-29,228.5
2016-3-30,228.5
2016-3-31,227.5
2016-4-1,225.5
2016-4-4,225.5
2016-4-5,225.5
2016-4-6,223.5
2016-4-7,224.5
2016-4-8,224.5
2016-4-11,224.5
2016-4-12,224.5
2016-4-13,224.5
2016-4-14,224.5
2016-4-15,225.5
2016-4-18,225.5
2016-4-19,224.5
2016-4-20,223.5
2016-4-21,227.5
2016-4-22,230.5
2016-4-25,228.5
2016-4-26,227.5
2016-4-27,233.5
2016-4-28,235.5
2016-4-29,235.5
2016-5-2,235.5
2016-5-3,233.5
2016-5-4,233.5
2016-5-5,237.5
2016-5-6,227.5
2016-5-9,225.5
2016-5-10,228.5
2016-5-11,230.5
2016-5-12,231.5
2016-5-13,229.5
2016-5-16,229.5
2016-5-17,229.5
2016-5-18,229.5
2016-5-19,225.5
2016-5-20,226.5
2016-5-23,225.5
2016-5-24,226.5
2016-5-25,227.5
2016-5-26,227.5
2016-5-27,231.5
2016-5-30,231.5
2016-5-31,231.5
2016-6-1,233.5
2016-6-2,233.5
2016-6-3,233.5
2016-6-6,233.5
2016-6-7,231.5
2016-6-8,228.5
2016-6-9,228.5
2016-6-10,228.5
2016-6-13,228.5
2016-6-14,225.5
2016-6-15,225.5
2016-6-16,225.5
2016-6-17,225.5
2016-6-20,226.5
2016-6-21,226.5
2016-6-22,226.5
2016-6-23,224.5
2016-6-24,222.5
2016-6-27,222.5
2016-6-28,223.5
2016-6-29,223.5
2016-6-30,225.5
2016-7-1,226.5
2016-7-4,226.5
2016-7-5,228.5
2016-7-6,228.5
2016-7-7,227.5
2016-7-8,224.5
2016-7-11,222.5
2016-7-12,222.5
2016-7-13,225.5
2016-7-14,222.5
2016-7-15,222.5
2016-7-18,222.5
2016-7-19,222.5
2016-7-20,222.5
2016-7-21,222.5
2016-7-22,219.5
2016-7-25,217.5
2016-7-26,217.5
2016-7-27,217.5
2016-7-28,217.5
2016-7-29,217.5
2016-8-1,220.5
2016-8-2,220.5
2016-8-3,220.5
2016-8-4,220.5
2016-8-5,220.5
2016-8-8,222.5
2016-8-9,222.5
2016-8-10,222.5
2016-8-11,222.5
2016-8-12,225.5
2016-8-15,226.5
2016-8-16,226.5
2016-8-17,226.5
2016-8-18,227.5
2016-8-19,227.5
2016-8-22,226.0
2016-8-23,226.0
2016-8-24,225.0
2016-8-25,225.0
2016-8-26,225.0
2016-8-29,224.0
2016-8-30,224.0
2016-8-31,224.0
2016-9-1,224.0
2016-9-2,225.0
2016-9-5,226.0
2016-9-6,227.0
2016-9-7,231.0
2016-9-8,231.0
2016-9-9,233.0
2016-9-12,235.0
2016-9-13,235.0
2016-9-14,235.0
2016-9-15,233.5
2016-9-16,233.5
2016-9-19,233.5
2016-9-20,233.5
2016-9-21,233.5
2016-9-22,233.5
2016-9-23,233.5
2016-9-26,233.5
2016-9-27,233.5
2016-9-28,235.5
2016-9-29,236.5
2016-9-30,238.5
2016-10-3,238.5
2016-10-4,238.5
2016-10-5,238.5
2016-10-6,238.5
2016-10-7,240.5
2016-10-10,247.0
2016-10-11,252.0
2016-10-12,255.5
2016-10-13,255.5
2016-10-14,255.5
2016-10-17,255.5
2016-10-18,257.5
2016-10-19,260.0
2016-10-20,260.0
2016-10-21,261.0
2016-10-24,259.0
2016-10-25,267.0
2016-10-26,269.0
2016-10-27,273.5
2016-10-28,273.5
2016-10-31,277.5
2016-11-1,277.5
2016-11-2,276.5
2016-11-3,283.5
2016-11-4,283.5
2016-11-7,283.5
2016-11-8,280.5
2016-11-9,282.5
2016-11-10,284.5
2016-11-11,284.5
2016-11-14,278.5
2016-11-15,273.0
2016-11-16,277.0
2016-11-17,285.0
2016-11-18,286.0
2016-11-21,293.0
2016-11-22,296.0
2016-11-23,296.0
2016-11-24,294.0
2016-11-25,292.5
2016-11-28,294.0
2016-11-29,294.0
2016-11-30,291.0
2016-12-1,291.0
2016-12-2,292.0
2016-12-5,297.0
2016-12-6,314.0
2016-12-7,336.0
2016-12-8,336.0
2016-12-9,335.0
2016-12-12,337.0
2016-12-13,349.0
2016-12-14,349.0
2016-12-15,349.0
2016-12-16,353.5
2016-12-19,353.5
2016-12-20,351.5
2016-12-21,351.5
2016-12-22,351.5
2016-12-23,351.5
2016-12-26,351.5
2016-12-27,349.5
2016-12-28,349.5
2016-12-29,349.5
2016-12-30,349.5
2017-1-2,349.5
2017-1-3,349.5
2017-1-4,346.5
2017-1-5,344.5
2017-1-6,332.5
2017-1-9,334.5
2017-1-10,331.5
2017-1-11,331.5
2017-1-12,331.5
2017-1-13,332.5
2017-1-16,335.5
2017-1-17,335.5
2017-1-18,335.5
2017-1-19,335.5
2017-1-20,342.5
2017-1-23,342.5
2017-1-24,342.5
2017-1-25,342.5
2017-1-26,342.5
2017-1-27,343.5
2017-1-30,343.5
2017-1-31,343.5
2017-2-1,343.5
2017-2-2,343.5
2017-2-3,340.5
2017-2-6,344.5
2017-2-7,353.5
2017-2-8,352.5
2017-2-9,352.5
2017-2-10,358.5
2017-2-13,361.5
2017-2-14,383.5
2017-2-15,383.5
2017-2-16,373.5
2017-2-17,381.5
2017-2-20,381.5
2017-2-21,378.5
2017-2-22,378.5
2017-2-23,376.5
2017-2-24,371.5
2017-2-27,374.5
2017-2-28,372.5
2017-3-1,371.5
2017-3-2,371.5
2017-3-3,377.5
2017-3-6,377.5
2017-3-7,374.5
2017-3-8,370.5
2017-3-9,366.5
2017-3-10,348.5
2017-3-13,346.5
2017-3-14,346.5
2017-3-15,346.5
2017-3-16,344.5
2017-3-17,334.5
2017-3-20,331.5
2017-3-21,320.0
2017-3-22,311.0
2017-3-23,308.0
2017-3-24,302.0
2017-3-27,294.0
2017-3-28,300.0
2017-3-29,300.0
2017-3-30,301.0
2017-3-31,295.0
2017-4-5,295.0
2017-4-6,305.0
2017-4-7,302.0
2017-4-10,301.0
2017-4-11,300.0
2017-4-12,300.0
2017-4-13,291.0
2017-4-14,291.0
2017-4-17,285.0
2017-4-18,285.0
2017-4-19,285.0
2017-4-20,278.0
2017-4-21,278.0
2017-4-24,278.0
2017-4-25,280.0
2017-4-26,280.0
2017-4-27,279.0
2017-4-28,285.0
2017-5-2,284.0
2017-5-3,280.0
2017-5-4,269.0
2017-5-5,267.0
2017-5-8,267.0
2017-5-9,267.0
2017-5-10,267.0
2017-5-11,263.0
2017-5-12,260.0
2017-5-15,260.0
2017-5-16,262.0
2017-5-17,265.0
2017-5-18,265.0
2017-5-19,263.0
2017-5-22,263.0
2017-5-23,265.0
2017-5-24,265.0
2017-5-25,265.0
2017-5-26,265.0
2017-5-31,260.0
2017-6-1,261.0
2017-6-2,261.0
2017-6-5,260.0
2017-6-6,263.0
2017-6-7,263.0
2017-6-8,265.0
2017-6-9,265.0
2017-6-12,265.0
2017-6-13,262.0
2017-6-14,262.0
2017-6-15,270.0
2017-6-16,270.0
2017-6-19,276.0
2017-6-20,276.0
2017-6-21,274.0
2017-6-22,274.0
2017-6-23,270.0
2017-6-26,270.0
2017-6-27,269.0
2017-6-28,270.0
2017-6-29,270.0
2017-6-30,275.0
2017-7-3,279.0
2017-7-4,277.0
2017-7-5,278.0
2017-7-6,280.0
2017-7-7,283.0
2017-7-10,280.0
2017-7-11,283.0
2017-7-12,283.0
2017-7-13,281.0
2017-7-14,281.0
2017-7-17,285.0
2017-7-18,286.0
2017-7-19,286.0
2017-7-20,286.0
2017-7-21,281.0
2017-7-24,280.0
2017-7-25,280.0
2017-7-26,276.0
2017-7-27,277.0
2017-7-28,275.0
2017-7-31,275.0
2017-8-1,279.0
2017-8-2,282.0
2017-8-3,282.0
2017-8-4,284.0
2017-8-7,283.0
2017-8-8,285.0
2017-8-9,285.0
2017-8-10,289.5
2017-8-11,282.5
2017-8-14,282.5
2017-8-15,282.0
2017-8-16,285.0
2017-8-17,291.0
2017-8-18,293.0
2017-8-21,295.0
2017-8-22,295.0
2017-8-23,300.0
2017-8-24,300.5
2017-8-25,310.0
2017-8-28,310.0
2017-8-29,315.0
2017-8-30,317.0
2017-8-31,324.0
2017-9-1,324.0
2017-9-4,330.0
2017-9-5,328.0
2017-9-6,350.0
2017-9-7,348.0
2017-9-8,360.5
2017-9-11,358.0
2017-9-12,358.0
2017-9-13,360.0
2017-9-14,360.0
2017-9-15,359.2
2017-9-18,355.0
2017-9-19,350.0
2017-9-20,349.5
2017-9-21,348.0
2017-9-22,335.0
2017-9-25,335.0
2017-9-26,335.0
2017-9-27,341.0
2017-9-28,338.0
2017-9-29,337.0
2017-10-9,340.0
2017-10-10,340.0
2017-10-11,340.0
2017-10-12,334.0
2017-10-13,333.0
2017-10-16,333.0
2017-10-17,330.0
2017-10-18,330.0
2017-10-19,330.0
2017-10-20,341.0
2017-10-23,336.0
2017-10-24,340.0
2017-10-25,343.0
2017-10-26,343.0
2017-10-27,343.0
2017-10-30,338.0
2017-10-31,338.0
2017-11-1,338.0
2017-11-2,340.0
2017-11-3,342.0
2017-11-6,342.0
2017-11-7,343.0
2017-11-8,343.0
2017-11-9,343.0
2017-11-10,349.0
2017-11-13,349.0
2017-11-14,365.0
2017-11-15,361.0
2017-11-16,360.0
2017-11-17,363.0
2017-11-20,365.0
2017-11-21,370.0
2017-11-22,372.0
2017-11-23,372.0
2017-11-24,372.0
2017-11-27,370.0
2017-11-28,373.0
2017-11-29,375.0
2017-11-30,375.0
2017-12-1,381.0
2017-12-4,382.0
2017-12-5,383.0
2017-12-6,383.0
2017-12-7,383.0
2017-12-8,395.0
2017-12-11,398.0
2017-12-12,398.0
2017-12-13,405.0
2017-12-14,411.0
2017-12-15,411.0
2017-12-18,411.0
2017-12-19,412.0
2017-12-20,417.0
2017-12-21,417.0
2017-12-22,421.0
2017-12-25,420.5
2017-12-26,420.0
2017-12-27,415.0
2017-12-28,410.0
2017-12-29,410.0
2018-1-2,410.0
2018-1-3,410.0
2018-1-4,414.0
2018-1-5,415.0
2018-1-8,418.0
2018-1-9,415.0
2018-1-10,420.0
2018-1-11,415.0
2018-1-12,413.0
2018-1-15,410.0
2018-1-16,400.0
2018-1-17,400.0
2018-1-18,398.0
2018-1-19,395.0
2018-1-22,395.0
2018-1-23,395.0
2018-1-24,395.0
2018-1-25,400.0
2018-1-26,410.0
2018-1-29,400.0
2018-1-30,395.0
2018-1-31,394.0
2018-2-1,393.0
2018-2-2,390.0
2018-2-5,390.0
2018-2-6,390.0
2018-2-7,390.0
2018-2-8,388.0
2018-2-9,386.0
2018-2-12,384.0
2018-2-13,382.0
2018-2-14,382.0
2018-2-22,385.0
2018-2-23,366.0
2018-2-26,360.0
2018-2-27,357.0
2018-2-28,357.0
2018-3-1,369.0
2018-3-2,373.0
2018-3-5,373.0
2018-3-6,370.0
2018-3-7,370.0
2018-3-8,365.0
2018-3-9,359.5
2018-3-12,365.0
2018-3-13,370.0
2018-3-14,373.0
2018-3-15,375.0
2018-3-16,367.0
2018-3-19,375.0
2018-3-20,375.0
2018-3-21,375.0
2018-3-22,378.0
2018-3-23,376.0
2018-3-26,369.0
2018-3-27,373.0
2018-3-28,373.0
2018-3-29,370.0
2018-3-30,370.0
2018-4-2,369.5
2018-4-3,365.0
2018-4-4,365.0
2018-4-9,371.0
2018-4-10,371.0
2018-4-11,368.0
2018-4-12,368.0
2018-4-13,380.0
2018-4-16,380.0
2018-4-17,380.0
2018-4-18,380.0
2018-4-19,385.0
2018-4-20,385.0
2018-4-23,385.0
2018-4-24,386.0
2018-4-25,386.0
2018-4-26,391.0
2018-4-27,398.0
2018-5-2,397.0
2018-5-3,396.0
2018-5-4,403.0
2018-5-7,400.0
2018-5-8,400.0
2018-5-9,408.0
2018-5-10,405.0
2018-5-11,412.0
2018-5-14,412.0
2018-5-15,415.0
2018-5-16,415.0
2018-5-17,415.0
2018-5-18,418.0
2018-5-21,413.0
2018-5-22,410.0
2018-5-23,405.0
2018-5-24,408.0
2018-5-25,410.0
2018-5-28,410.0
2018-5-29,410.0
2018-5-30,409.0
2018-5-31,405.0
2018-6-1,410.0
2018-6-4,410.0
2018-6-5,405.0
2018-6-6,408.0
2018-6-7,408.0
2018-6-8,399.0
2018-6-11,399.0
2018-6-12,402.0
2018-6-13,400.0
2018-6-14,400.0
2018-6-15,400.0
2018-6-19,398.0
2018-6-20,398.0
2018-6-21,392.0
2018-6-22,391.5
2018-6-25,395.0
2018-6-26,395.0
2018-6-27,398.0
2018-6-28,400.0
2018-6-29,402.0
2018-7-2,400.0
2018-7-3,395.0
2018-7-4,400.0
2018-7-5,401.0
2018-7-6,395.0
2018-7-9,395.0
2018-7-10,395.0
2018-7-11,390.0
2018-7-12,390.0
2018-7-13,384.0
2018-7-16,384.0
2018-7-17,384.0
2018-7-18,384.0
2018-7-19,385.0
2018-7-20,394.0
2018-7-23,390.0
2018-7-24,390.0
2018-7-25,388.0
2018-7-26,385.0
2018-7-27,398.0
2018-7-30,398.0
2018-7-31,398.0
2018-8-1,398.0
2018-8-2,398.0
2018-8-3,392.0
2018-8-6,392.0
2018-8-7,398.0
2018-8-8,398.0
2018-8-9,398.0
2018-8-10,394.0
2018-8-13,394.0
2018-8-14,396.0
2018-8-15,396.0
2018-8-16,396.0
2018-8-17,396.0
2018-8-20,396.0
2018-8-21,396.0
2018-8-22,396.0
2018-8-23,398.0
2018-8-24,400.0
2018-8-27,402.0
2018-8-28,402.0
2018-8-29,401.0
2018-8-30,400.0
2018-8-31,393.5
2018-9-3,392.0
2018-9-4,392.0
2018-9-5,392.0
2018-9-6,392.0
2018-9-7,399.0
2018-9-10,399.0
2018-9-11,404.0
2018-9-12,402.0
2018-9-13,402.0
2018-9-14,402.0
2018-9-17,402.0
2018-9-18,402.0
2018-9-19,406.0
2018-9-20,406.0
2018-9-21,411.0
2018-9-24,411.0
2018-9-25,409.0
2018-9-26,408.0
2018-9-27,408.0
2018-9-28,411.0
2018-10-8,416.0
2018-10-9,417.0
2018-10-10,417.0
2018-10-11,422.0
2018-10-12,424.0
2018-10-15,424.0
2018-10-16,423.0
2018-10-17,423.0
2018-10-18,426.0
2018-10-19,423.0
2018-10-22,421.0
2018-10-23,421.0
2018-10-24,422.0
2018-10-25,424.0
2018-10-26,421.0
2018-10-29,420.0
2018-10-30,420.0
2018-10-31,406.0
2018-11-1,387.0
2018-11-2,405.0
2018-11-5,405.0
2018-11-6,405.0
2018-11-7,380.0
2018-11-8,370.0
2018-11-9,360.0
2018-11-12,359.0
2018-11-13,332.0
2018-11-14,328.0
2018-11-15,328.0
2018-11-16,310.0
2018-11-19,310.0
2018-11-20,310.0
2018-11-21,306.0
2018-11-22,305.0
2018-11-23,300.0
2018-11-26,280.0
2018-11-27,280.0
2018-11-28,280.0
2018-11-29,280.0
2018-11-30,270.0
2018-12-3,268.0
2018-12-4,268.0
2018-12-5,268.0
2018-12-6,268.0
2018-12-7,270.0
2018-12-10,270.0
2018-12-11,270.0
2018-12-12,270.0
2018-12-13,274.0
2018-12-14,274.0
2018-12-17,275.0
2018-12-18,268.0
2018-12-19,265.0
2018-12-20,265.0
2018-12-21,265.0
2018-12-24,265.0
2018-12-25,265.0
2018-12-26,265.0
2018-12-27,263.0
2018-12-28,263.0
2019-1-2,263.0
2019-1-3,263.0
2019-1-4,265.0
2019-1-7,264.0
2019-1-8,267.0
2019-1-9,267.0
2019-1-10,269.0
2019-1-11,269.0
2019-1-14,272.0
2019-1-15,275.0
2019-1-16,280.0
2019-1-17,280.0
2019-1-18,280.0
2019-1-21,280.0
2019-1-22,279.0
2019-1-23,279.0
2019-1-24,279.0
2019-1-25,275.0
2019-1-28,275.0
2019-1-29,275.0
2019-1-30,280.0
2019-1-31,280.0
2019-2-1,280.0
2019-2-11,292.0
2019-2-12,294.0
2019-2-13,295.0
2019-2-14,293.0
2019-2-15,293.0
2019-2-18,285.0
2019-2-19,283.0
2019-2-20,283.0
2019-2-21,283.0
2019-2-22,285.0
2019-2-25,286.0
2019-2-26,287.0
2019-2-27,287.0
2019-2-28,287.0
2019-3-1,290.0
2019-3-4,292.0
2019-3-5,292.0
2019-3-6,306.0
2019-3-7,300.0
2019-3-8,300.0
2019-3-11,300.0
2019-3-12,308.0
2019-3-13,308.0
2019-3-14,308.0
2019-3-15,303.0
2019-3-18,301.0
2019-3-19,300.0
2019-3-20,300.0
2019-3-21,300.0
2019-3-22,300.0
2019-3-25,299.0
2019-3-26,299.0
2019-3-27,298.0
2019-3-28,288.0
2019-3-29,288.0
2019-4-1,288.0
2019-4-2,290.0
2019-4-3,292.0
2019-4-4,292.0
2019-4-8,296.0
2019-4-9,300.0
2019-4-10,300.0
2019-4-11,299.0
2019-4-12,298.0
2019-4-15,295.0
2019-4-16,290.0
2019-4-17,290.0
2019-4-18,285.0
2019-4-19,285.0
2019-4-22,285.0
2019-4-23,283.0
2019-4-24,283.0
2019-4-25,285.0
2019-4-26,285.0
2019-4-29,280.0
2019-4-30,279.0
2019-5-1,279.0
2019-5-2,279.0
2019-5-3,279.0
2019-5-6,280.0
2019-5-7,282.0
2019-5-8,280.0
2019-5-9,280.0
2019-5-10,282.0
2019-5-13,282.0
2019-5-14,282.0
2019-5-15,280.0
2019-5-16,277.0
2019-5-17,279.0
2019-5-20,279.0
2019-5-21,284.0
2019-5-22,284.0
2019-5-23,283.0
2019-5-24,280.0
2019-5-27,276.0
2019-5-28,276.0
2019-5-29,279.0
2019-5-30,275.0
2019-5-31,275.0
2019-6-3,273.0
2019-6-4,266.0
2019-6-5,265.0
2019-6-6,265.0
2019-6-7,265.0
2019-6-10,262.0
2019-6-11,262.0
2019-6-12,263.0
2019-6-13,270.0
2019-6-14,270.0
2019-6-17,265.0
2019-6-18,265.0
2019-6-19,266.0
2019-6-20,266.0
2019-6-21,268.0
2019-6-24,268.0
2019-6-25,267.0
2019-6-26,267.0
2019-6-27,265.0
2019-6-28,265.0
2019-7-1,262.0
2019-7-2,267.0
2019-7-3,266.0
2019-7-4,266.0
2019-7-5,266.0
2019-7-8,262.0
2019-7-9,262.0
2019-7-10,262.0
2019-7-11,260.0
2019-7-12,260.0
2019-7-15,260.0
2019-7-16,252.0
2019-7-17,252.0
2019-7-18,247.0
2019-7-19,247.0
2019-7-22,245.0
2019-7-23,240.0
2019-7-24,240.0
2019-7-25,237.0
2019-7-26,232.0
2019-7-29,232.0
2019-7-30,234.0
2019-7-31,239.0
2019-8-1,239.0
2019-8-2,239.0
2019-8-5,233.0
2019-8-6,233.0
2019-8-7,231.0
2019-8-8,233.0
2019-8-9,233.0
2019-8-12,233.0
2019-8-13,234.0
2019-8-14,233.0
2019-8-15,233.0
2019-8-16,232.0
2019-8-19,231.0
2019-8-20,230.0
2019-8-21,225.0
2019-8-22,225.0
2019-8-23,226.0
2019-8-26,226.0
2019-8-27,225.0
2019-8-28,226.0
2019-8-29,225.0
2019-8-30,223.0
2019-9-2,223.0
2019-9-3,225.0
2019-9-4,225.0
2019-9-5,224.0
2019-9-6,226.0
2019-9-9,231.0
2019-9-10,231.0
2019-9-11,231.0
2019-9-12,231.0
2019-9-16,235.0
2019-9-17,237.0
2019-9-18,230.0
2019-9-19,238.0
2019-9-20,238.0
2019-9-23,241.0
2019-9-24,241.0
2019-9-25,243.0
2019-9-26,243.0
2019-9-27,240.0
2019-9-30,242.0
2019-10-8,243.0
2019-10-9,243.0
2019-10-10,241.0
2019-10-11,239.0
2019-10-14,238.0
2019-10-15,237.0
2019-10-16,235.0
2019-10-17,235.0
2019-10-18,234.0
2019-10-21,234.0
2019-10-22,233.0
2019-10-23,232.0
2019-10-24,232.0
2019-10-25,228.0
2019-10-28,228.0
2019-10-29,228.0
2019-10-30,228.0
2019-10-31,228.0
2019-11-1,224.0
2019-11-4,225.0
2019-11-5,230.0
2019-11-6,230.0
2019-11-7,225.0
2019-11-8,220.0
2019-11-11,219.0
2019-11-12,219.0
2019-11-13,219.0
2019-11-14,217.0
2019-11-15,214.0
2019-11-18,214.0
2019-11-19,212.0
2019-11-20,212.0
2019-11-21,212.0
2019-11-22,211.0
2019-11-25,211.0
2019-11-26,211.0
2019-11-27,210.0
2019-11-28,210.0
2019-11-29,211.0
2019-12-2,211.0
2019-12-3,211.0
2019-12-4,215.0
2019-12-5,216.0
2019-12-6,213.0
2019-12-9,213.0
2019-12-10,213.0
2019-12-11,213.0
2019-12-12,216.0
2019-12-13,216.0
2019-12-16,216.0
2019-12-17,217.0
2019-12-18,215.0
2019-12-19,217.0
2019-12-20,219.0
2019-12-23,219.0
2019-12-24,219.0
