dt,ma rmb
2013/1/4,2720.0
2013/1/7,2725.0
2013/1/8,2740.0
2013/1/9,2735.0
2013/1/10,2730.0
2013/1/11,2740.0
2013/1/14,2735.0
2013/1/15,2730.0
2013/1/16,2715.0
2013/1/17,2735.0
2013/1/18,2765.0
2013/1/21,2810.0
2013/1/22,2795.0
2013/1/23,2800.0
2013/1/24,2775.0
2013/1/25,2770.0
2013/1/28,2775.0
2013/1/29,2775.0
2013/1/30,2800.0
2013/1/31,2795.0
2013/2/1,2790.0
2013/2/4,2800.0
2013/2/5,2815.0
2013/2/6,2815.0
2013/2/7,2840.0
2013/2/8,2840.0
2013/2/11,2840.0
2013/2/12,2840.0
2013/2/13,2840.0
2013/2/14,2840.0
2013/2/15,2840.0
2013/2/18,2865.0
2013/2/19,2855.0
2013/2/20,2865.0
2013/2/21,2815.0
2013/2/22,2815.0
2013/2/25,2800.0
2013/2/26,2785.0
2013/2/27,2785.0
2013/2/28,2775.0
2013/3/1,2785.0
2013/3/4,2760.0
2013/3/5,2775.0
2013/3/6,2775.0
2013/3/7,2760.0
2013/3/8,2755.0
2013/3/11,2735.0
2013/3/12,2735.0
2013/3/13,2720.0
2013/3/14,2710.0
2013/3/15,2725.0
2013/3/18,2725.0
2013/3/19,2725.0
2013/3/20,2725.0
2013/3/21,2730.0
2013/3/22,2720.0
2013/3/25,2735.0
2013/3/26,2730.0
2013/3/27,2735.0
2013/3/28,2725.0
2013/3/29,2735.0
2013/4/1,2720.0
2013/4/2,2710.0
2013/4/3,2715.0
2013/4/4,2715.0
2013/4/5,2715.0
2013/4/8,2715.0
2013/4/9,2715.0
2013/4/10,2720.0
2013/4/11,2710.0
2013/4/12,2705.0
2013/4/15,2695.0
2013/4/16,2675.0
2013/4/17,2675.0
2013/4/18,2665.0
2013/4/19,2665.0
2013/4/22,2650.0
2013/4/23,2635.0
2013/4/24,2627.5
2013/4/25,2625.0
2013/4/26,2635.0
2013/4/29,2635.0
2013/4/30,2635.0
2013/5/1,2635.0
2013/5/2,2645.0
2013/5/3,2655.0
2013/5/6,2675.0
2013/5/7,2675.0
2013/5/8,2675.0
2013/5/9,2700.0
2013/5/10,2685.0
2013/5/13,2685.0
2013/5/14,2675.0
2013/5/15,2675.0
2013/5/16,2650.0
2013/5/17,2650.0
2013/5/20,2650.0
2013/5/21,2650.0
2013/5/22,2650.0
2013/5/23,2630.0
2013/5/24,2620.0
2013/5/27,2600.0
2013/5/28,2620.0
2013/5/29,2625.0
2013/5/30,2620.0
2013/5/31,2630.0
2013/6/3,2625.0
2013/6/4,2625.0
2013/6/5,2620.0
2013/6/6,2610.0
2013/6/7,2605.0
2013/6/10,2605.0
2013/6/11,2605.0
2013/6/12,2605.0
2013/6/13,2600.0
2013/6/14,2590.0
2013/6/17,2580.0
2013/6/18,2590.0
2013/6/19,2585.0
2013/6/20,2580.0
2013/6/21,2580.0
2013/6/24,2570.0
2013/6/25,2555.0
2013/6/26,2555.0
2013/6/27,2545.0
2013/6/28,2520.0
2013/7/1,2520.0
2013/7/2,2535.0
2013/7/3,2535.0
2013/7/4,2540.0
2013/7/5,2545.0
2013/7/8,2540.0
2013/7/9,2550.0
2013/7/10,2580.0
2013/7/11,2585.0
2013/7/12,2625.0
2013/7/15,2605.0
2013/7/16,2610.0
2013/7/17,2610.0
2013/7/18,2620.0
2013/7/19,2670.0
2013/7/22,2660.0
2013/7/23,2670.0
2013/7/24,2655.0
2013/7/25,2695.0
2013/7/26,2725.0
2013/7/29,2735.0
2013/7/30,2790.0
2013/7/31,2845.0
2013/8/1,2835.0
2013/8/2,2840.0
2013/8/5,2830.0
2013/8/6,2835.0
2013/8/7,2840.0
2013/8/8,2845.0
2013/8/9,2855.0
2013/8/12,2865.0
2013/8/13,2885.0
2013/8/14,2910.0
2013/8/15,2980.0
2013/8/16,3090.0
2013/8/19,3125.0
2013/8/20,2975.0
2013/8/21,2975.0
2013/8/22,2920.0
2013/8/23,2900.0
2013/8/26,2900.0
2013/8/27,2925.0
2013/8/28,2950.0
2013/8/29,2945.0
2013/8/30,2960.0
2013/9/2,3005.0
2013/9/3,3035.0
2013/9/4,3040.0
2013/9/5,3035.0
2013/9/6,3050.0
2013/9/9,3085.0
2013/9/10,3135.0
2013/9/11,3180.0
2013/9/12,3170.0
2013/9/13,3180.0
2013/9/16,3150.0
2013/9/17,3185.0
2013/9/18,3185.0
2013/9/19,3185.0
2013/9/20,3185.0
2013/9/23,3325.0
2013/9/24,3460.0
2013/9/25,3450.0
2013/9/26,3460.0
2013/9/27,3460.0
2013/9/30,3460.0
2013/10/1,3460.0
2013/10/2,3460.0
2013/10/3,3460.0
2013/10/4,3460.0
2013/10/7,3460.0
2013/10/8,3390.0
2013/10/9,3375.0
2013/10/10,3375.0
2013/10/11,3385.0
2013/10/14,3390.0
2013/10/15,3410.0
2013/10/16,3375.0
2013/10/17,3385.0
2013/10/18,3400.0
2013/10/21,3375.0
2013/10/22,3365.0
2013/10/23,3365.0
2013/10/24,3365.0
2013/10/25,3370.0
2013/10/28,3405.0
2013/10/29,3365.0
2013/10/30,3365.0
2013/10/31,3365.0
2013/11/1,3370.0
2013/11/4,3375.0
2013/11/5,3375.0
2013/11/6,3390.0
2013/11/7,3390.0
2013/11/8,3390.0
2013/11/11,3390.0
2013/11/12,3435.0
2013/11/13,3440.0
2013/11/14,3440.0
2013/11/15,3470.0
2013/11/18,3470.0
2013/11/19,3525.0
2013/11/20,3525.0
2013/11/21,3525.0
2013/11/22,3525.0
2013/11/25,3625.0
2013/11/26,3635.0
2013/11/27,3640.0
2013/11/28,3565.0
2013/11/29,3590.0
2013/12/2,3590.0
2013/12/3,3675.0
2013/12/4,3775.0
2013/12/5,3825.0
2013/12/6,3875.0
2013/12/9,4050.0
2013/12/10,4050.0
2013/12/11,4175.0
2013/12/12,4025.0
2013/12/13,3900.0
2013/12/16,3875.0
2013/12/17,3675.0
2013/12/18,3550.0
2013/12/19,3525.0
2013/12/20,3525.0
2013/12/23,3525.0
2013/12/24,3560.0
2013/12/25,3560.0
2013/12/26,3725.0
2013/12/27,3725.0
2013/12/30,3545.0
2013/12/31,3525.0
2014/1/1,3525.0
2014/1/2,3500.0
2014/1/3,3475.0
2014/1/6,3300.0
2014/1/7,3300.0
2014/1/8,3305.0
2014/1/9,3265.0
2014/1/10,3275.0
2014/1/13,3300.0
2014/1/14,3300.0
2014/1/15,3350.0
2014/1/16,3375.0
2014/1/17,3350.0
2014/1/20,3325.0
2014/1/21,3320.0
2014/1/22,3315.0
2014/1/23,3275.0
2014/1/24,3300.0
2014/1/27,3325.0
2014/1/28,3300.0
2014/1/29,3325.0
2014/1/30,3325.0
2014/1/31,3325.0
2014/2/3,3325.0
2014/2/4,3325.0
2014/2/5,3325.0
2014/2/6,3325.0
2014/2/7,3325.0
2014/2/10,3300.0
2014/2/11,3375.0
2014/2/12,3375.0
2014/2/13,3375.0
2014/2/14,3335.0
2014/2/17,3325.0
2014/2/18,3305.0
2014/2/19,3290.0
2014/2/20,3280.0
2014/2/21,3250.0
2014/2/24,3210.0
2014/2/25,3120.0
2014/2/26,3085.0
2014/2/27,3040.0
2014/2/28,3050.0
2014/3/3,2900.0
2014/3/4,2940.0
2014/3/5,2975.0
2014/3/6,3015.0
2014/3/7,3010.0
2014/3/10,2985.0
2014/3/11,2975.0
2014/3/12,2950.0
2014/3/13,2915.0
2014/3/14,2745.0
2014/3/17,2775.0
2014/3/18,2775.0
2014/3/19,2775.0
2014/3/20,2750.0
2014/3/21,2750.0
2014/3/24,2740.0
2014/3/25,2755.0
2014/3/26,2790.0
2014/3/27,2765.0
2014/3/28,2780.0
2014/3/31,2850.0
2014/4/1,2865.0
2014/4/2,2875.0
2014/4/3,2860.0
2014/4/4,2855.0
2014/4/7,2855.0
2014/4/8,2855.0
2014/4/9,2860.0
2014/4/10,2830.0
2014/4/11,2825.0
2014/4/14,2810.0
2014/4/15,2800.0
2014/4/16,2800.0
2014/4/17,2730.0
2014/4/18,2735.0
2014/4/21,2775.0
2014/4/22,2775.0
2014/4/23,2780.0
2014/4/24,2805.0
2014/4/25,2815.0
2014/4/28,2825.0
2014/4/29,2815.0
2014/4/30,2815.0
2014/5/1,2815.0
2014/5/2,2815.0
2014/5/5,2795.0
2014/5/6,2795.0
2014/5/7,2740.0
2014/5/8,2740.0
2014/5/9,2715.0
2014/5/12,2735.0
2014/5/13,2735.0
2014/5/14,2735.0
2014/5/15,2725.0
2014/5/16,2725.0
2014/5/19,2685.0
2014/5/20,2685.0
2014/5/21,2645.0
2014/5/22,2630.0
2014/5/23,2635.0
2014/5/26,2635.0
2014/5/27,2635.0
2014/5/28,2640.0
2014/5/29,2630.0
2014/5/30,2615.0
2014/6/2,2615.0
2014/6/3,2600.0
2014/6/4,2600.0
2014/6/5,2580.0
2014/6/6,2550.0
2014/6/9,2550.0
2014/6/10,2535.0
2014/6/11,2535.0
2014/6/12,2540.0
2014/6/13,2615.0
2014/6/16,2665.0
2014/6/17,2675.0
2014/6/18,2665.0
2014/6/19,2635.0
2014/6/20,2620.0
2014/6/23,2640.0
2014/6/24,2635.0
2014/6/25,2635.0
2014/6/26,2670.0
2014/6/27,2690.0
2014/6/30,2690.0
2014/7/1,2685.0
2014/7/2,2655.0
2014/7/3,2635.0
2014/7/4,2640.0
2014/7/7,2650.0
2014/7/8,2675.0
2014/7/9,2660.0
2014/7/10,2645.0
2014/7/11,2630.0
2014/7/14,2635.0
2014/7/15,2610.0
2014/7/16,2610.0
2014/7/17,2590.0
2014/7/18,2600.0
2014/7/21,2565.0
2014/7/22,2560.0
2014/7/23,2580.0
2014/7/24,2555.0
2014/7/25,2590.0
2014/7/28,2610.0
2014/7/29,2625.0
2014/7/30,2595.0
2014/7/31,2615.0
2014/8/1,2590.0
2014/8/4,2585.0
2014/8/5,2605.0
2014/8/6,2595.0
2014/8/7,2590.0
2014/8/8,2580.0
2014/8/11,2580.0
2014/8/12,2575.0
2014/8/13,2635.0
2014/8/14,2615.0
2014/8/15,2630.0
2014/8/18,2615.0
2014/8/19,2615.0
2014/8/20,2620.0
2014/8/21,2620.0
2014/8/22,2615.0
2014/8/25,2610.0
2014/8/26,2590.0
2014/8/27,2580.0
2014/8/28,2580.0
2014/8/29,2580.0
2014/9/1,2600.0
2014/9/2,2600.0
2014/9/3,2620.0
2014/9/4,2610.0
2014/9/5,2610.0
2014/9/8,2610.0
2014/9/9,2620.0
2014/9/10,2620.0
2014/9/11,2620.0
2014/9/12,2620.0
2014/9/15,2650.0
2014/9/16,2670.0
2014/9/17,2670.0
2014/9/18,2660.0
2014/9/19,2670.0
2014/9/22,2650.0
2014/9/23,2640.0
2014/9/24,2640.0
2014/9/25,2630.0
2014/9/26,2620.0
2014/9/29,2620.0
2014/9/30,2620.0
2014/10/1,2620.0
2014/10/2,2620.0
2014/10/3,2620.0
2014/10/6,2620.0
2014/10/7,2620.0
2014/10/8,2620.0
2014/10/9,2600.0
2014/10/10,2560.0
2014/10/13,2570.0
2014/10/14,2590.0
2014/10/15,2580.0
2014/10/16,2580.0
2014/10/17,2580.0
2014/10/20,2560.0
2014/10/21,2550.0
2014/10/22,2550.0
2014/10/23,2560.0
2014/10/24,2550.0
2014/10/27,2530.0
2014/10/28,2500.0
2014/10/29,2500.0
2014/10/30,2500.0
2014/10/31,2470.0
2014/11/3,2450.0
2014/11/4,2450.0
2014/11/5,2430.0
2014/11/6,2420.0
2014/11/7,2400.0
2014/11/10,2410.0
2014/11/11,2440.0
2014/11/12,2480.0
2014/11/13,2480.0
2014/11/14,2480.0
2014/11/17,2510.0
2014/11/18,2500.0
2014/11/19,2480.0
2014/11/20,2560.0
2014/11/21,2600.0
2014/11/24,2570.0
2014/11/25,2570.0
2014/11/26,2570.0
2014/11/27,2580.0
2014/11/28,2600.0
2014/12/1,2600.0
2014/12/2,2600.0
2014/12/3,2650.0
2014/12/4,2630.0
2014/12/5,2610.0
2014/12/8,2460.0
2014/12/9,2440.0
2014/12/10,2440.0
2014/12/11,2410.0
2014/12/12,2380.0
2014/12/15,2330.0
2014/12/16,2300.0
2014/12/17,1950.0
2014/12/18,1900.0
2014/12/19,1930.0
2014/12/22,1940.0
2014/12/23,1780.0
2014/12/24,1900.0
2014/12/25,1900.0
2014/12/26,1920.0
2014/12/29,1900.0
2014/12/30,1840.0
2014/12/31,1840.0
2015/1/1,1840.0
2015/1/2,1840.0
2015/1/5,1800.0
2015/1/6,1820.0
2015/1/7,1820.0
2015/1/8,1810.0
2015/1/9,1810.0
2015/1/12,1790.0
2015/1/13,1750.0
2015/1/14,1780.0
2015/1/15,1830.0
2015/1/16,1840.0
2015/1/19,1900.0
2015/1/20,1880.0
2015/1/21,1920.0
2015/1/22,1900.0
2015/1/23,1870.0
2015/1/26,1840.0
2015/1/27,1850.0
2015/1/28,1900.0
2015/1/29,1890.0
2015/1/30,1860.0
2015/2/2,1890.0
2015/2/3,1920.0
2015/2/4,1980.0
2015/2/5,1970.0
2015/2/6,2000.0
2015/2/9,1980.0
2015/2/10,1980.0
2015/2/11,1990.0
2015/2/12,2020.0
2015/2/13,2070.0
2015/2/16,2070.0
2015/2/17,2070.0
2015/2/18,2070.0
2015/2/19,2070.0
2015/2/20,2070.0
2015/2/23,2070.0
2015/2/24,2070.0
2015/2/25,2150.0
2015/2/26,2190.0
2015/2/27,2200.0
2015/3/2,2350.0
2015/3/3,2300.0
2015/3/4,2280.0
2015/3/5,2340.0
2015/3/6,2340.0
2015/3/9,2390.0
2015/3/10,2380.0
2015/3/11,2370.0
2015/3/12,2390.0
2015/3/13,2420.0
2015/3/16,2400.0
2015/3/17,2390.0
2015/3/18,2350.0
2015/3/19,2330.0
2015/3/20,2320.0
2015/3/23,2320.0
2015/3/24,2350.0
2015/3/25,2350.0
2015/3/26,2360.0
2015/3/27,2350.0
2015/3/30,2350.0
2015/3/31,2350.0
2015/4/1,2370.0
2015/4/2,2380.0
2015/4/3,2370.0
2015/4/6,2370.0
2015/4/7,2390.0
2015/4/8,2400.0
2015/4/9,2400.0
2015/4/10,2410.0
2015/4/13,2420.0
2015/4/14,2420.0
2015/4/15,2430.0
2015/4/16,2500.0
2015/4/17,2520.0
2015/4/20,2570.0
2015/4/21,2530.0
2015/4/22,2510.0
2015/4/23,2520.0
2015/4/24,2520.0
2015/4/27,2540.0
2015/4/28,2550.0
2015/4/29,2520.0
2015/4/30,2540.0
2015/5/1,2540.0
2015/5/4,2530.0
2015/5/5,2530.0
2015/5/6,2530.0
2015/5/7,2500.0
2015/5/8,2475.0
2015/5/11,2500.0
2015/5/12,2495.0
2015/5/13,2490.0
2015/5/14,2495.0
2015/5/15,2495.0
2015/5/18,2485.0
2015/5/19,2470.0
2015/5/20,2450.0
2015/5/21,2475.0
2015/5/22,2490.0
2015/5/25,2490.0
2015/5/26,2490.0
2015/5/27,2480.0
2015/5/28,2470.0
2015/5/29,2490.0
2015/6/1,2490.0
2015/6/2,2475.0
2015/6/3,2470.0
2015/6/4,2440.0
2015/6/5,2440.0
2015/6/8,2440.0
2015/6/9,2450.0
2015/6/10,2445.0
2015/6/11,2390.0
2015/6/12,2430.0
2015/6/15,2425.0
2015/6/16,2450.0
2015/6/17,2465.0
2015/6/18,2450.0
2015/6/19,2450.0
2015/6/22,2450.0
2015/6/23,2450.0
2015/6/24,2460.0
2015/6/25,2460.0
2015/6/26,2450.0
2015/6/29,2440.0
2015/6/30,2440.0
2015/7/1,2440.0
2015/7/2,2440.0
2015/7/3,2430.0
2015/7/6,2420.0
2015/7/7,2350.0
2015/7/8,2350.0
2015/7/9,2350.0
2015/7/10,2380.0
2015/7/13,2360.0
2015/7/14,2320.0
2015/7/15,2330.0
2015/7/16,2300.0
2015/7/17,2305.0
2015/7/20,2310.0
2015/7/21,2290.0
2015/7/22,2290.0
2015/7/23,2290.0
2015/7/24,2260.0
2015/7/27,2150.0
2015/7/28,2150.0
2015/7/29,2150.0
2015/7/30,2165.0
2015/7/31,2150.0
2015/8/3,2070.0
2015/8/4,2040.0
2015/8/5,2050.0
2015/8/6,2020.0
2015/8/7,2010.0
2015/8/10,2025.0
2015/8/11,2080.0
2015/8/12,2070.0
2015/8/13,2100.0
2015/8/14,2060.0
2015/8/17,2040.0
2015/8/18,2005.0
2015/8/19,2010.0
2015/8/20,1990.0
2015/8/21,1980.0
2015/8/24,1870.0
2015/8/25,1830.0
2015/8/26,1850.0
2015/8/27,1890.0
2015/8/28,1950.0
2015/8/31,1890.0
2015/9/1,1890.0
2015/9/2,1880.0
2015/9/3,1880.0
2015/9/4,1880.0
2015/9/7,1900.0
2015/9/8,1890.0
2015/9/9,1900.0
2015/9/10,1900.0
2015/9/11,1915.0
2015/9/14,1900.0
2015/9/15,1905.0
2015/9/16,1910.0
2015/9/17,1930.0
2015/9/18,1930.0
2015/9/21,1935.0
2015/9/22,1945.0
2015/9/23,1950.0
2015/9/24,1935.0
2015/9/25,1930.0
2015/9/28,1915.0
2015/9/29,1905.0
2015/9/30,1900.0
2015/10/1,1900.0
2015/10/2,1900.0
2015/10/5,1900.0
2015/10/6,1900.0
2015/10/7,1900.0
2015/10/8,1955.0
2015/10/9,1960.0
2015/10/12,1980.0
2015/10/13,1970.0
2015/10/14,1950.0
2015/10/15,1940.0
2015/10/16,1905.0
2015/10/19,1910.0
2015/10/20,1890.0
2015/10/21,1890.0
2015/10/22,1890.0
2015/10/23,1870.0
2015/10/26,1865.0
2015/10/27,1845.0
2015/10/28,1850.0
2015/10/29,1850.0
2015/10/30,1845.0
2015/11/2,1865.0
2015/11/3,1860.0
2015/11/4,1895.0
2015/11/5,1895.0
2015/11/6,1930.0
2015/11/9,1945.0
2015/11/10,1945.0
2015/11/11,1940.0
2015/11/12,1955.0
2015/11/13,1975.0
2015/11/16,1990.0
2015/11/17,1960.0
2015/11/18,1940.0
2015/11/19,1940.0
2015/11/20,1950.0
2015/11/23,1860.0
2015/11/24,1900.0
2015/11/25,1910.0
2015/11/26,1950.0
2015/11/27,1920.0
2015/11/30,1860.0
2015/12/1,1850.0
2015/12/2,1840.0
2015/12/3,1800.0
2015/12/4,1820.0
2015/12/7,1830.0
2015/12/8,1800.0
2015/12/9,1795.0
2015/12/10,1795.0
2015/12/11,1795.0
2015/12/14,1800.0
2015/12/15,1800.0
2015/12/16,1800.0
2015/12/17,1780.0
2015/12/18,1745.0
2015/12/21,1745.0
2015/12/22,1750.0
2015/12/23,1750.0
2015/12/24,1760.0
2015/12/25,1765.0
2015/12/28,1745.0
2015/12/29,1750.0
2015/12/30,1745.0
2015/12/31,1750.0
2016/1/1,1750.0
2016/1/4,1745.0
2016/1/5,1750.0
2016/1/6,1760.0
2016/1/7,1780.0
2016/1/8,1820.0
2016/1/11,1760.0
2016/1/12,1740.0
2016/1/13,1730.0
2016/1/14,1750.0
2016/1/15,1760.0
2016/1/18,1770.0
2016/1/19,1790.0
2016/1/20,1750.0
2016/1/21,1755.0
2016/1/22,1755.0
2016/1/25,1760.0
2016/1/26,1780.0
2016/1/27,1770.0
2016/1/28,1770.0
2016/1/29,1770.0
2016/2/1,1755.0
2016/2/2,1755.0
2016/2/3,1760.0
2016/2/4,1760.0
2016/2/5,1760.0
2016/2/8,1760.0
2016/2/9,1760.0
2016/2/10,1760.0
2016/2/11,1760.0
2016/2/12,1760.0
2016/2/15,1800.0
2016/2/16,1795.0
2016/2/17,1810.0
2016/2/18,1820.0
2016/2/19,1855.0
2016/2/22,1850.0
2016/2/23,1850.0
2016/2/24,1810.0
2016/2/25,1810.0
2016/2/26,1810.0
2016/2/29,1825.0
2016/3/1,1800.0
2016/3/2,1805.0
2016/3/3,1805.0
2016/3/4,1820.0
2016/3/7,1875.0
2016/3/8,1855.0
2016/3/9,1885.0
2016/3/10,1890.0
2016/3/11,1880.0
2016/3/14,1890.0
2016/3/15,1885.0
2016/3/16,1900.0
2016/3/17,1925.0
2016/3/18,1970.0
2016/3/21,1990.0
2016/3/22,1965.0
2016/3/23,1950.0
2016/3/24,1920.0
2016/3/25,1900.0
2016/3/28,1890.0
2016/3/29,1895.0
2016/3/30,1890.0
2016/3/31,1865.0
2016/4/1,1868.0
2016/4/4,1868.0
2016/4/5,1850.0
2016/4/6,1855.0
2016/4/7,1855.0
2016/4/8,1840.0
2016/4/11,1840.0
2016/4/12,1845.0
2016/4/13,1875.0
2016/4/14,1900.0
2016/4/15,1890.0
2016/4/18,1890.0
2016/4/19,1900.0
2016/4/20,1890.0
2016/4/21,1920.0
2016/4/22,1910.0
2016/4/25,1920.0
2016/4/26,1920.0
2016/4/27,1920.0
2016/4/28,1915.0
2016/4/29,1920.0
2016/5/2,1920.0
2016/5/3,1900.0
2016/5/4,1905.0
2016/5/5,1900.0
2016/5/6,1885.0
2016/5/9,1865.0
2016/5/10,1880.0
2016/5/11,1890.0
2016/5/12,1895.0
2016/5/13,1880.0
2016/5/16,1890.0
2016/5/17,1895.0
2016/5/18,1880.0
2016/5/19,1870.0
2016/5/20,1875.0
2016/5/23,1855.0
2016/5/24,1850.0
2016/5/25,1855.0
2016/5/26,1875.0
2016/5/27,1860.0
2016/5/30,1880.0
2016/5/31,1885.0
2016/6/1,1870.0
2016/6/2,1875.0
2016/6/3,1885.0
2016/6/6,1880.0
2016/6/7,1880.0
2016/6/8,1880.0
2016/6/9,1880.0
2016/6/10,1880.0
2016/6/13,1870.0
2016/6/14,1855.0
2016/6/15,1860.0
2016/6/16,1860.0
2016/6/17,1865.0
2016/6/20,1885.0
2016/6/21,1870.0
2016/6/22,1870.0
2016/6/23,1860.0
2016/6/24,1850.0
2016/6/27,1870.0
2016/6/28,1885.0
2016/6/29,1890.0
2016/6/30,1900.0
2016/7/1,1900.0
2016/7/4,1930.0
2016/7/5,1900.0
2016/7/6,1890.0
2016/7/7,1900.0
2016/7/8,1870.0
2016/7/11,1870.0
2016/7/12,1880.0
2016/7/13,1900.0
2016/7/14,1890.0
2016/7/15,1875.0
2016/7/18,1865.0
2016/7/19,1865.0
2016/7/20,1860.0
2016/7/21,1860.0
2016/7/22,1850.0
2016/7/25,1845.0
2016/7/26,1840.0
2016/7/27,1840.0
2016/7/28,1840.0
2016/7/29,1845.0
2016/8/1,1865.0
2016/8/2,1870.0
2016/8/3,1860.0
2016/8/4,1855.0
2016/8/5,1850.0
2016/8/8,1855.0
2016/8/9,1865.0
2016/8/10,1860.0
2016/8/11,1865.0
2016/8/12,1865.0
2016/8/15,1875.0
2016/8/16,1875.0
2016/8/17,1880.0
2016/8/18,1875.0
2016/8/19,1875.0
2016/8/22,1860.0
2016/8/23,1855.0
2016/8/24,1855.0
2016/8/25,1855.0
2016/8/26,1850.0
2016/8/29,1840.0
2016/8/30,1840.0
2016/8/31,1845.0
2016/9/1,1845.0
2016/9/2,1850.0
2016/9/5,1865.0
2016/9/6,1880.0
2016/9/7,1885.0
2016/9/8,1895.0
2016/9/9,1885.0
2016/9/12,1900.0
2016/9/13,1900.0
2016/9/14,1920.0
2016/9/15,1920.0
2016/9/16,1920.0
2016/9/19,1950.0
2016/9/20,1950.0
2016/9/21,1940.0
2016/9/22,1925.0
2016/9/23,1915.0
2016/9/26,1915.0
2016/9/27,1920.0
2016/9/28,1940.0
2016/9/29,1990.0
2016/9/30,1995.0
2016/10/3,1995.0
2016/10/4,1995.0
2016/10/5,1995.0
2016/10/6,1995.0
2016/10/7,1995.0
2016/10/10,2120.0
2016/10/11,2180.0
2016/10/12,2175.0
2016/10/13,2165.0
2016/10/14,2175.0
2016/10/17,2195.0
2016/10/18,2210.0
2016/10/19,2230.0
2016/10/20,2210.0
2016/10/21,2185.0
2016/10/24,2195.0
2016/10/25,2250.0
2016/10/26,2270.0
2016/10/27,2285.0
2016/10/28,2330.0
2016/10/31,2410.0
2016/11/1,2415.0
2016/11/2,2350.0
2016/11/3,2360.0
2016/11/4,2345.0
2016/11/7,2360.0
2016/11/8,2340.0
2016/11/9,2380.0
2016/11/10,2350.0
2016/11/11,2430.0
2016/11/14,2345.0
2016/11/15,2320.0
2016/11/16,2365.0
2016/11/17,2440.0
2016/11/18,2440.0
2016/11/21,2540.0
2016/11/22,2550.0
2016/11/23,2565.0
2016/11/24,2530.0
2016/11/25,2510.0
2016/11/28,2540.0
2016/11/29,2530.0
2016/11/30,2490.0
2016/12/1,2530.0
2016/12/2,2580.0
2016/12/5,2630.0
2016/12/6,2700.0
2016/12/7,2850.0
2016/12/8,2920.0
2016/12/9,2920.0
2016/12/12,2970.0
2016/12/13,2950.0
2016/12/14,3020.0
2016/12/15,3110.0
2016/12/16,3220.0
2016/12/19,3150.0
2016/12/20,2980.0
2016/12/21,3150.0
2016/12/22,3180.0
2016/12/23,3170.0
2016/12/26,3130.0
2016/12/27,3180.0
2016/12/28,3100.0
2016/12/29,3120.0
2016/12/30,3100.0
2017/1/2,3100.0
2017/1/3,3070.0
2017/1/4,3030.0
2017/1/5,3040.0
2017/1/6,3030.0
2017/1/9,3020.0
2017/1/10,2945.0
2017/1/11,2880.0
2017/1/12,2890.0
2017/1/13,2950.0
2017/1/16,3025.0
2017/1/17,2995.0
2017/1/18,3010.0
2017/1/19,2960.0
2017/1/20,2960.0
2017/1/23,2975.0
2017/1/24,3020.0
2017/1/25,3020.0
2017/1/26,3020.0
2017/1/27,3020.0
2017/1/30,3020.0
2017/1/31,3020.0
2017/2/1,3020.0
2017/2/2,3020.0
2017/2/3,3030.0
2017/2/6,3025.0
2017/2/7,3025.0
2017/2/8,3010.0
2017/2/9,3020.0
2017/2/10,3020.0
2017/2/13,3100.0
2017/2/14,3150.0
2017/2/15,3165.0
2017/2/16,3170.0
2017/2/17,3160.0
2017/2/20,3160.0
2017/2/21,3100.0
2017/2/22,3075.0
2017/2/23,3050.0
2017/2/24,3050.0
2017/2/27,3080.0
2017/2/28,3060.0
2017/3/1,3045.0
2017/3/2,3000.0
2017/3/3,3020.0
2017/3/6,3010.0
2017/3/7,3000.0
2017/3/8,2940.0
2017/3/9,2900.0
2017/3/10,2900.0
2017/3/13,2800.0
2017/3/14,2820.0
2017/3/15,2870.0
2017/3/16,2820.0
2017/3/17,2810.0
2017/3/20,2770.0
2017/3/21,2660.0
2017/3/22,2590.0
2017/3/23,2600.0
2017/3/24,2620.0
2017/3/27,2570.0
2017/3/28,2620.0
2017/3/29,2630.0
2017/3/30,2615.0
2017/3/31,2640.0
2017/4/5,2660.0
2017/4/6,2710.0
2017/4/7,2750.0
2017/4/10,2700.0
2017/4/11,2680.0
2017/4/12,2680.0
2017/4/13,2630.0
2017/4/14,2600.0
2017/4/17,2570.0
2017/4/18,2590.0
2017/4/19,2620.0
2017/4/20,2580.0
2017/4/21,2580.0
2017/4/24,2530.0
2017/4/25,2520.0
2017/4/26,2510.0
2017/4/27,2510.0
2017/4/28,2500.0
2017/5/2,2480.0
2017/5/3,2470.0
2017/5/4,2430.0
2017/5/5,2330.0
2017/5/8,2300.0
2017/5/9,2300.0
2017/5/10,2290.0
2017/5/11,2280.0
2017/5/12,2280.0
2017/5/15,2270.0
2017/5/16,2290.0
2017/5/17,2330.0
2017/5/18,2300.0
2017/5/19,2360.0
2017/5/22,2410.0
2017/5/23,2390.0
2017/5/24,2350.0
2017/5/25,2400.0
2017/5/26,2370.0
2017/5/31,2360.0
2017/6/1,2300.0
2017/6/2,2300.0
2017/6/5,2280.0
2017/6/6,2320.0
2017/6/7,2330.0
2017/6/8,2310.0
2017/6/9,2360.0
2017/6/12,2390.0
2017/6/13,2360.0
2017/6/14,2330.0
2017/6/15,2340.0
2017/6/16,2380.0
2017/6/19,2400.0
2017/6/20,2430.0
2017/6/21,2430.0
2017/6/22,2420.0
2017/6/23,2410.0
2017/6/26,2370.0
2017/6/27,2370.0
2017/6/28,2340.0
2017/6/29,2360.0
2017/6/30,2360.0
2017/7/3,2390.0
2017/7/4,2380.0
2017/7/5,2400.0
2017/7/6,2410.0
2017/7/7,2460.0
2017/7/10,2480.0
2017/7/11,2480.0
2017/7/12,2490.0
2017/7/13,2490.0
2017/7/14,2480.0
2017/7/17,2480.0
2017/7/18,2490.0
2017/7/19,2490.0
2017/7/20,2540.0
2017/7/21,2465.0
2017/7/24,2455.0
2017/7/25,2450.0
2017/7/26,2430.0
2017/7/27,2360.0
2017/7/28,2360.0
2017/7/31,2360.0
2017/8/1,2400.0
2017/8/2,2400.0
2017/8/3,2430.0
2017/8/4,2450.0
2017/8/7,2460.0
2017/8/8,2490.0
2017/8/9,2540.0
2017/8/10,2520.0
2017/8/11,2500.0
2017/8/14,2490.0
2017/8/15,2470.0
2017/8/16,2470.0
2017/8/17,2540.0
2017/8/18,2560.0
2017/8/21,2600.0
2017/8/22,2570.0
2017/8/23,2520.0
2017/8/24,2610.0
2017/8/25,2610.0
2017/8/28,2630.0
2017/8/29,2670.0
2017/8/30,2760.0
2017/8/31,2780.0
2017/9/1,2820.0
2017/9/4,2940.0
2017/9/5,2900.0
2017/9/6,2900.0
2017/9/7,2910.0
2017/9/8,2910.0
2017/9/11,2860.0
2017/9/12,2930.0
2017/9/13,2950.0
2017/9/14,2890.0
2017/9/15,2810.0
2017/9/18,2745.0
2017/9/19,2770.0
2017/9/20,2815.0
2017/9/21,2720.0
2017/9/22,2680.0
2017/9/25,2655.0
2017/9/26,2730.0
2017/9/27,2695.0
2017/9/28,2650.0
2017/9/29,2720.0
2017/10/9,2750.0
2017/10/10,2735.0
2017/10/11,2690.0
2017/10/12,2640.0
2017/10/13,2725.0
2017/10/16,2710.0
2017/10/17,2715.0
2017/10/18,2770.0
2017/10/19,2730.0
2017/10/20,2750.0
2017/10/23,2810.0
2017/10/24,2860.0
2017/10/25,2810.0
2017/10/26,2815.0
2017/10/27,2800.0
2017/10/30,2790.0
2017/10/31,2750.0
2017/11/1,2765.0
2017/11/2,2820.0
2017/11/3,2830.0
2017/11/6,2900.0
2017/11/7,2900.0
2017/11/8,2910.0
2017/11/9,2950.0
2017/11/10,2940.0
2017/11/13,2930.0
2017/11/14,2990.0
2017/11/15,2950.0
2017/11/16,2960.0
2017/11/17,2960.0
2017/11/20,3000.0
2017/11/21,3050.0
2017/11/22,3180.0
2017/11/23,3180.0
2017/11/24,3160.0
2017/11/27,3100.0
2017/11/28,3100.0
2017/11/29,3190.0
2017/11/30,3230.0
2017/12/1,3230.0
2017/12/4,3430.0
2017/12/5,3510.0
2017/12/6,3550.0
2017/12/7,3400.0
2017/12/8,3400.0
2017/12/11,3450.0
2017/12/12,3530.0
2017/12/13,3570.0
2017/12/14,3680.0
2017/12/15,3750.0
2017/12/18,3620.0
2017/12/19,3640.0
2017/12/20,3700.0
2017/12/21,3650.0
2017/12/22,3640.0
2017/12/25,3580.0
2017/12/26,3470.0
2017/12/27,3330.0
2017/12/28,3230.0
2017/12/29,3290.0
2018/1/2,3420.0
2018/1/3,3370.0
2018/1/4,3440.0
2018/1/5,3550.0
2018/1/8,3700.0
2018/1/9,3670.0
2018/1/10,3700.0
2018/1/11,3680.0
2018/1/12,3550.0
2018/1/15,3510.0
2018/1/16,3300.0
2018/1/17,3280.0
2018/1/18,3480.0
2018/1/19,3400.0
2018/1/22,3400.0
2018/1/23,3400.0
2018/1/24,3410.0
2018/1/25,3370.0
2018/1/26,3340.0
2018/1/29,3380.0
2018/1/30,3350.0
2018/1/31,3310.0
2018/2/1,3300.0
2018/2/2,3270.0
2018/2/5,3260.0
2018/2/6,3270.0
2018/2/7,3240.0
2018/2/8,3290.0
2018/2/9,3140.0
2018/2/12,3120.0
2018/2/13,3000.0
2018/2/14,3000.0
2018/2/22,3050.0
2018/2/23,3060.0
2018/2/26,2910.0
2018/2/27,2760.0
2018/2/28,2750.0
2018/3/1,2700.0
2018/3/2,2720.0
2018/3/5,2730.0
2018/3/6,2730.0
2018/3/7,2700.0
2018/3/8,2700.0
2018/3/9,2760.0
2018/3/12,2760.0
2018/3/13,2810.0
2018/3/14,2900.0
2018/3/15,2860.0
2018/3/16,2815.0
2018/3/19,2880.0
2018/3/20,2880.0
2018/3/21,2920.0
2018/3/22,2950.0
2018/3/23,2860.0
2018/3/26,2910.0
2018/3/27,2930.0
2018/3/28,2870.0
2018/3/29,2880.0
2018/3/30,2870.0
2018/4/2,2860.0
2018/4/3,2840.0
2018/4/4,2840.0
2018/4/9,2900.0
2018/4/10,2880.0
2018/4/11,2860.0
2018/4/12,2890.0
2018/4/13,2930.0
2018/4/16,3090.0
2018/4/17,3090.0
2018/4/18,3090.0
2018/4/19,3170.0
2018/4/20,3070.0
2018/4/23,3070.0
2018/4/24,3190.0
2018/4/25,3160.0
2018/4/26,3140.0
2018/4/27,3200.0
2018/5/2,3290.0
2018/5/3,3310.0
2018/5/4,3340.0
2018/5/7,3430.0
2018/5/8,3450.0
2018/5/9,3480.0
2018/5/10,3460.0
2018/5/11,3290.0
2018/5/14,3290.0
2018/5/15,3320.0
2018/5/16,3410.0
2018/5/17,3410.0
2018/5/18,3380.0
2018/5/21,3210.0
2018/5/22,3190.0
2018/5/23,3130.0
2018/5/24,3120.0
2018/5/25,3085.0
2018/5/28,3080.0
2018/5/29,3120.0
2018/5/30,3120.0
2018/5/31,3100.0
2018/6/1,3120.0
2018/6/4,3070.0
2018/6/5,3020.0
2018/6/6,2960.0
2018/6/7,3040.0
2018/6/8,3020.0
2018/6/11,3030.0
2018/6/12,3060.0
2018/6/13,3110.0
2018/6/14,3110.0
2018/6/15,3065.0
2018/6/19,3040.0
2018/6/20,3040.0
2018/6/21,3020.0
2018/6/22,2980.0
2018/6/25,3000.0
2018/6/26,2980.0
2018/6/27,3000.0
2018/6/28,3030.0
2018/6/29,3040.0
2018/7/2,3020.0
2018/7/3,3030.0
2018/7/4,3040.0
2018/7/5,3110.0
2018/7/6,3110.0
2018/7/9,3120.0
2018/7/10,3120.0
2018/7/11,3120.0
2018/7/12,3145.0
2018/7/13,3110.0
2018/7/16,3090.0
2018/7/17,3090.0
2018/7/18,3100.0
2018/7/19,3135.0
2018/7/20,3130.0
2018/7/23,3160.0
2018/7/24,3125.0
2018/7/25,3070.0
2018/7/26,3050.0
2018/7/27,3070.0
2018/7/30,3090.0
2018/7/31,3105.0
2018/8/1,3100.0
2018/8/2,3120.0
2018/8/3,3250.0
2018/8/6,3320.0
2018/8/7,3280.0
2018/8/8,3310.0
2018/8/9,3280.0
2018/8/10,3170.0
2018/8/13,3195.0
2018/8/14,3300.0
2018/8/15,3270.0
2018/8/16,3250.0
2018/8/17,3255.0
2018/8/20,3280.0
2018/8/21,3305.0
2018/8/22,3350.0
2018/8/23,3370.0
2018/8/24,3310.0
2018/8/27,3320.0
2018/8/28,3330.0
2018/8/29,3325.0
2018/8/30,3320.0
2018/8/31,3330.0
2018/9/3,3265.0
2018/9/4,3320.0
2018/9/5,3350.0
2018/9/6,3350.0
2018/9/7,3410.0
2018/9/10,3430.0
2018/9/11,3430.0
2018/9/12,3350.0
2018/9/13,3360.0
2018/9/14,3360.0
2018/9/17,3360.0
2018/9/18,3370.0
2018/9/19,3405.0
2018/9/20,3400.0
2018/9/21,3380.0
2018/9/24,3380.0
2018/9/25,3390.0
2018/9/26,3345.0
2018/9/27,3340.0
2018/9/28,3330.0
2018/10/8,3400.0
2018/10/9,3500.0
2018/10/10,3520.0
2018/10/11,3500.0
2018/10/12,3550.0
2018/10/15,3550.0
2018/10/16,3450.0
2018/10/17,3470.0
2018/10/18,3450.0
2018/10/19,3470.0
2018/10/22,3440.0
2018/10/23,3440.0
2018/10/24,3460.0
2018/10/25,3370.0
2018/10/26,3340.0
2018/10/29,3160.0
2018/10/30,3155.0
2018/10/31,3160.0
2018/11/1,3050.0
2018/11/2,3100.0
2018/11/5,3130.0
2018/11/6,3040.0
2018/11/7,2950.0
2018/11/8,2980.0
2018/11/9,2960.0
2018/11/12,2920.0
2018/11/13,2860.0
2018/11/14,2760.0
2018/11/15,2730.0
2018/11/16,2790.0
2018/11/19,2760.0
2018/11/20,2730.0
2018/11/21,2600.0
2018/11/22,2600.0
2018/11/23,2520.0
2018/11/26,2380.0
2018/11/27,2390.0
2018/11/28,2500.0
2018/11/29,2450.0
2018/11/30,2380.0
2018/12/3,2340.0
2018/12/4,2490.0
2018/12/5,2500.0
2018/12/6,2480.0
2018/12/7,2500.0
2018/12/10,2480.0
2018/12/11,2420.0
2018/12/12,2370.0
2018/12/13,2410.0
2018/12/14,2420.0
2018/12/17,2440.0
2018/12/18,2420.0
2018/12/19,2400.0
2018/12/20,2400.0
2018/12/21,2370.0
2018/12/24,2370.0
2018/12/25,2360.0
2018/12/26,2250.0
2018/12/27,2270.0
2018/12/28,2290.0
2019/1/2,2310.0
2019/1/3,2330.0
2019/1/4,2400.0
2019/1/7,2380.0
2019/1/8,2370.0
2019/1/9,2400.0
2019/1/10,2400.0
2019/1/11,2395.0
2019/1/14,2400.0
2019/1/15,2410.0
2019/1/16,2425.0
2019/1/17,2390.0
2019/1/18,2400.0
2019/1/21,2460.0
2019/1/22,2450.0
2019/1/23,2410.0
2019/1/24,2400.0
2019/1/25,2430.0
2019/1/28,2400.0
2019/1/29,2400.0
2019/1/30,2420.0
2019/1/31,2460.0
2019/2/1,2460.0
2019/2/11,2480.0
2019/2/12,2500.0
2019/2/13,2480.0
2019/2/14,2500.0
2019/2/15,2440.0
2019/2/18,2400.0
2019/2/19,2420.0
2019/2/20,2425.0
2019/2/21,2450.0
2019/2/22,2450.0
2019/2/25,2450.0
2019/2/26,2480.0
2019/2/27,2455.0
2019/2/28,2460.0
2019/3/1,2565.0
2019/3/4,2590.0
2019/3/5,2600.0
2019/3/6,2600.0
2019/3/7,2560.0
2019/3/8,2540.0
2019/3/11,2550.0
2019/3/12,2600.0
2019/3/13,2600.0
2019/3/14,2570.0
2019/3/15,2540.0
2019/3/18,2490.0
2019/3/19,2470.0
2019/3/20,2510.0
2019/3/21,2525.0
2019/3/22,2520.0
2019/3/25,2510.0
2019/3/26,2500.0
2019/3/27,2470.0
2019/3/28,2420.0
2019/3/29,2410.0
2019/4/1,2415.0
2019/4/2,2420.0
2019/4/3,2420.0
2019/4/4,2420.0
2019/4/8,2485.0
2019/4/9,2470.0
2019/4/10,2450.0
2019/4/11,2450.0
2019/4/12,2440.0
2019/4/15,2420.0
2019/4/16,2380.0
2019/4/17,2380.0
2019/4/18,2340.0
2019/4/19,2340.0
2019/4/22,2350.0
2019/4/23,2360.0
2019/4/24,2335.0
2019/4/25,2340.0
2019/4/26,2285.0
2019/4/29,2290.0
2019/4/30,2280.0
2019/5/1,2280.0
2019/5/2,2280.0
2019/5/3,2280.0
2019/5/6,2310.0
2019/5/7,2335.0
2019/5/8,2330.0
2019/5/9,2330.0
2019/5/10,2345.0
2019/5/13,2320.0
2019/5/14,2280.0
2019/5/15,2305.0
2019/5/16,2340.0
2019/5/17,2350.0
2019/5/20,2415.0
2019/5/21,2440.0
2019/5/22,2430.0
2019/5/23,2380.0
2019/5/24,2340.0
2019/5/27,2350.0
2019/5/28,2350.0
2019/5/29,2400.0
2019/5/30,2350.0
2019/5/31,2330.0
2019/6/3,2245.0
2019/6/4,2255.0
2019/6/5,2230.0
2019/6/6,2210.0
2019/6/7,2210.0
2019/6/10,2270.0
2019/6/11,2290.0
2019/6/12,2265.0
2019/6/13,2315.0
2019/6/14,2300.0
2019/6/17,2305.0
2019/6/18,2310.0
2019/6/19,2320.0
2019/6/20,2350.0
2019/6/21,2340.0
2019/6/24,2355.0
2019/6/25,2320.0
2019/6/26,2320.0
2019/6/27,2280.0
2019/6/28,2230.0
2019/7/1,2250.0
2019/7/2,2300.0
2019/7/3,2280.0
2019/7/4,2260.0
2019/7/5,2270.0
2019/7/8,2270.0
2019/7/9,2240.0
2019/7/10,2230.0
2019/7/11,2215.0
2019/7/12,2200.0
2019/7/15,2200.0
2019/7/16,2155.0
2019/7/17,2145.0
2019/7/18,2120.0
2019/7/19,2145.0
2019/7/22,2120.0
2019/7/23,2060.0
2019/7/24,2060.0
2019/7/25,2040.0
2019/7/26,2000.0
2019/7/29,2010.0
2019/7/30,2030.0
2019/7/31,2070.0
2019/8/1,2070.0
2019/8/2,2095.0
2019/8/5,2020.0
2019/8/6,2040.0
2019/8/7,2070.0
2019/8/8,2110.0
2019/8/9,2095.0
2019/8/12,2100.0
2019/8/13,2115.0
2019/8/14,2100.0
2019/8/15,2080.0
2019/8/16,2065.0
2019/8/19,2090.0
2019/8/20,2080.0
2019/8/21,2035.0
2019/8/22,2030.0
2019/8/23,2055.0
2019/8/26,2045.0
2019/8/27,2015.0
2019/8/28,2045.0
2019/8/29,2032.5
2019/8/30,2020.0
2019/9/2,2080.0
2019/9/3,2087.5
2019/9/4,2095.0
2019/9/5,2067.5
2019/9/6,2080.0
2019/9/9,2130.0
2019/9/10,2125.0
2019/9/11,2117.5
2019/9/12,2117.5
2019/9/16,2212.5
2019/9/17,2255.0
2019/9/18,2180.0
2019/9/19,2175.0
2019/9/20,2185.0
2019/9/23,2255.0
2019/9/24,2255.0
2019/9/25,2290.0
2019/9/26,2267.5
2019/9/27,2240.0
2019/9/30,2300.0
2019/10/8,2310.0
2019/10/9,2320.0
2019/10/10,2295.0
2019/10/11,2265.0
2019/10/14,2210.0
2019/10/15,2175.0
2019/10/16,2115.0
2019/10/17,2120.0
2019/10/18,2120.0
2019/10/21,2080.0
2019/10/22,2065.0
2019/10/23,2060.0
2019/10/24,2065.0
2019/10/25,2005.0
2019/10/28,2005.0
2019/10/29,2025.0
2019/10/30,2035.0
2019/10/31,2035.0
2019/11/1,2005.0
2019/11/4,2030.0
2019/11/5,2060.0
2019/11/6,2025.0
2019/11/7,2000.0
2019/11/8,1965.0
2019/11/11,1920.0
2019/11/12,1930.0
2019/11/13,1920.0
2019/11/14,1915.0
2019/11/15,1915.0
2019/11/18,1935.0
