,每日PnL,净值,资金占用比例,杠杆倍数,换手率
2012-01-04,0.0,1.0,0.0,0.0,0.0
2012-01-05,0.0,1.0,0.0,0.0,0.0
2012-01-06,0.0,1.0,0.0,0.0,0.0
2012-01-09,0.0,1.0,0.0,0.0,0.0
2012-01-10,0.0,1.0,0.0,0.0,0.0
2012-01-11,0.0,1.0,0.0,0.0,0.0
2012-01-12,0.0,1.0,0.0,0.0,0.0
2012-01-13,0.0,1.0,0.0,0.0,0.0
2012-01-16,0.0,1.0,0.0,0.0,0.0
2012-01-17,0.0,1.0,0.0,0.0,0.0
2012-01-18,0.0,1.0,0.0,0.0,0.0
2012-01-19,0.0,1.0,0.0,0.0,0.0
2012-01-20,0.0,1.0,0.0,0.0,0.0
2012-01-30,0.0,1.0,0.0,0.0,0.0
2012-01-31,0.0,1.0,0.0,0.0,0.0
2012-02-01,0.0,1.0,0.0,0.0,0.0
2012-02-02,0.0,1.0,0.0,0.0,0.0
2012-02-03,0.0,1.0,0.0,0.0,0.0
2012-02-06,0.0,1.0,0.0,0.0,0.0
2012-02-07,0.0,1.0,0.0,0.0,0.0
2012-02-08,0.0,1.0,0.0,0.0,0.0
2012-02-09,0.0,1.0,0.0,0.0,0.0
2012-02-10,0.0,1.0,0.0,0.0,0.0
2012-02-13,0.0,1.0,0.0,0.0,0.0
2012-02-14,0.0,1.0,0.0,0.0,0.0
2012-02-15,0.0,1.0,0.0,0.0,0.0
2012-02-16,0.0,1.0,0.0,0.0,0.0
2012-02-17,0.0,1.0,0.0,0.0,0.0
2012-02-20,0.0,1.0,0.0,0.0,0.0
2012-02-21,0.0,1.0,0.0,0.0,0.0
2012-02-22,0.0,1.0,0.0,0.0,0.0
2012-02-23,0.0,1.0,0.0,0.0,0.0
2012-02-24,0.0,1.0,0.0,0.0,0.0
2012-02-27,0.0,1.0,0.0,0.0,0.0
2012-02-28,0.0,1.0,0.0,0.0,0.0
2012-02-29,0.0,1.0,0.0,0.0,0.0
2012-03-01,0.0,1.0,0.0,0.0,0.0
2012-03-02,0.0,1.0,0.0,0.0,0.0
2012-03-05,0.0,1.0,0.0,0.0,0.0
2012-03-06,0.0,1.0,0.0,0.0,0.0
2012-03-07,0.0,1.0,0.0,0.0,0.0
2012-03-08,0.0,1.0,0.0,0.0,0.0
2012-03-09,0.0,1.0,0.0,0.0,0.0
2012-03-12,0.0,1.0,0.0,0.0,0.0
2012-03-13,0.0,1.0,0.0,0.0,0.0
2012-03-14,0.0,1.0,0.0,0.0,0.0
2012-03-15,0.0,1.0,0.0,0.0,0.0
2012-03-16,0.0,1.0,0.0,0.0,0.0
2012-03-19,0.0,1.0,0.0,0.0,0.0
2012-03-20,0.0,1.0,0.0,0.0,0.0
2012-03-21,0.0,1.0,0.0,0.0,0.0
2012-03-22,0.0,1.0,0.0,0.0,0.0
2012-03-23,0.0,1.0,0.0,0.0,0.0
2012-03-26,0.0,1.0,0.0,0.0,0.0
2012-03-27,0.0,1.0,0.0,0.0,0.0
2012-03-28,0.0,1.0,0.0,0.0,0.0
2012-03-29,0.0,1.0,0.0,0.0,0.0
2012-03-30,0.0,1.0,0.0,0.0,0.0
2012-04-05,0.0,1.0,0.0,0.0,0.0
2012-04-06,0.0,1.0,0.0,0.0,0.0
2012-04-09,0.0,1.0,0.0,0.0,0.0
2012-04-10,0.0,1.0,0.0,0.0,0.0
2012-04-11,0.0,1.0,0.0,0.0,0.0
2012-04-12,0.0,1.0,0.0,0.0,0.0
2012-04-13,0.0,1.0,0.0,0.0,0.0
2012-04-16,0.0,1.0,0.0,0.0,0.0
2012-04-17,0.0,1.0,0.0,0.0,0.0
2012-04-18,0.0,1.0,0.0,0.0,0.0
2012-04-19,0.0,1.0,0.0,0.0,0.0
2012-04-20,0.0,1.0,0.0,0.0,0.0
2012-04-23,0.0,1.0,0.0,0.0,0.0
2012-04-24,0.0,1.0,0.0,0.0,0.0
2012-04-25,0.0,1.0,0.0,0.0,0.0
2012-04-26,0.0,1.0,0.0,0.0,0.0
2012-04-27,0.0,1.0,0.0,0.0,0.0
2012-05-02,0.0,1.0,0.0,0.0,0.0
2012-05-03,0.0,1.0,0.0,0.0,0.0
2012-05-04,0.0,1.0,0.0,0.0,0.0
2012-05-07,0.0,1.0,0.0,0.0,0.0
2012-05-08,0.0,1.0,0.0,0.0,0.0
2012-05-09,0.0,1.0,0.0,0.0,0.0
2012-05-10,0.0,1.0,0.0,0.0,0.0
2012-05-11,0.0,1.0,0.0,0.0,0.0
2012-05-14,0.0,1.0,0.0,0.0,0.0
2012-05-15,0.0,1.0,0.0,0.0,0.0
2012-05-16,0.0,1.0,0.0,0.0,0.0
2012-05-17,0.0,1.0,0.0,0.0,0.0
2012-05-18,0.0,1.0,0.0,0.0,0.0
2012-05-21,0.0,1.0,0.0,0.0,0.0
2012-05-22,0.0,1.0,0.0,0.0,0.0
2012-05-23,0.0,1.0,0.0,0.0,0.0
2012-05-24,0.0,1.0,0.0,0.0,0.0
2012-05-25,0.0,1.0,0.0,0.0,0.0
2012-05-28,0.0,1.0,0.0,0.0,0.0
2012-05-29,0.0,1.0,0.0,0.0,0.0
2012-05-30,0.0,1.0,0.0,0.0,0.0
2012-05-31,0.0,1.0,0.0,0.0,0.0
2012-06-01,0.0,1.0,0.0,0.0,0.0
2012-06-04,0.0,1.0,0.0,0.0,0.0
2012-06-05,0.0,1.0,0.0,0.0,0.0
2012-06-06,0.0,1.0,0.0,0.0,0.0
2012-06-07,0.0,1.0,0.0,0.0,0.0
2012-06-08,0.0,1.0,0.0,0.0,0.0
2012-06-11,0.0,1.0,0.0,0.0,0.0
2012-06-12,0.0,1.0,0.0,0.0,0.0
2012-06-13,0.0,1.0,0.0,0.0,0.0
2012-06-14,0.0,1.0,0.0,0.0,0.0
2012-06-15,0.0,1.0,0.0,0.0,0.0
2012-06-18,0.0,1.0,0.0,0.0,0.0
2012-06-19,0.0,1.0,0.0,0.0,0.0
2012-06-20,0.0,1.0,0.0,0.0,0.0
2012-06-21,0.0,1.0,0.0,0.0,0.0
2012-06-25,0.0,1.0,0.0,0.0,0.0
2012-06-26,0.0,1.0,0.0,0.0,0.0
2012-06-27,0.0,1.0,0.0,0.0,0.0
2012-06-28,0.0,1.0,0.0,0.0,0.0
2012-06-29,0.0,1.0,0.0,0.0,0.0
2012-07-02,0.0,1.0,0.0,0.0,0.0
2012-07-03,0.0,1.0,0.0,0.0,0.0
2012-07-04,0.0,1.0,0.0,0.0,0.0
2012-07-05,0.0,1.0,0.0,0.0,0.0
2012-07-06,0.0,1.0,0.0,0.0,0.0
2012-07-09,0.0,1.0,0.0,0.0,0.0
2012-07-10,0.0,1.0,0.0,0.0,0.0
2012-07-11,0.0,1.0,0.0,0.0,0.0
2012-07-12,0.0,1.0,0.0,0.0,0.0
2012-07-13,0.0,1.0,0.0,0.0,0.0
2012-07-16,0.0,1.0,0.0,0.0,0.0
2012-07-17,0.0,1.0,0.0,0.0,0.0
2012-07-18,0.0,1.0,0.0,0.0,0.0
2012-07-19,0.0,1.0,0.0,0.0,0.0
2012-07-20,0.0,1.0,0.0,0.0,0.0
2012-07-23,0.0,1.0,0.0,0.0,0.0
2012-07-24,0.0,1.0,0.0,0.0,0.0
2012-07-25,0.0,1.0,0.0,0.0,0.0
2012-07-26,0.0,1.0,0.0,0.0,0.0
2012-07-27,0.0,1.0,0.0,0.0,0.0
2012-07-30,0.0,1.0,0.0,0.0,0.0
2012-07-31,0.0,1.0,0.0,0.0,0.0
2012-08-01,0.0,1.0,0.0,0.0,0.0
2012-08-02,0.0,1.0,0.0,0.0,0.0
2012-08-03,0.0,1.0,0.0,0.0,0.0
2012-08-06,0.0,1.0,0.0,0.0,0.0
2012-08-07,0.0,1.0,0.0,0.0,0.0
2012-08-08,0.0,1.0,0.0,0.0,0.0
2012-08-09,0.0,1.0,0.0,0.0,0.0
2012-08-10,0.0,1.0,0.0,0.0,0.0
2012-08-13,0.0,1.0,0.0,0.0,0.0
2012-08-14,0.0,1.0,0.0,0.0,0.0
2012-08-15,0.0,1.0,0.0,0.0,0.0
2012-08-16,0.0,1.0,0.0,0.0,0.0
2012-08-17,0.0,1.0,0.0,0.0,0.0
2012-08-20,0.0,1.0,0.0,0.0,0.0
2012-08-21,0.0,1.0,0.0,0.0,0.0
2012-08-22,0.0,1.0,0.0,0.0,0.0
2012-08-23,0.0,1.0,0.0,0.0,0.0
2012-08-24,0.0,1.0,0.0,0.0,0.0
2012-08-27,0.0,1.0,0.0,0.0,0.0
2012-08-28,0.0,1.0,0.0,0.0,0.0
2012-08-29,0.0,1.0,0.0,0.0,0.0
2012-08-30,0.0,1.0,0.0,0.0,0.0
2012-08-31,0.0,1.0,0.0,0.0,0.0
2012-09-03,0.0,1.0,0.0,0.0,0.0
2012-09-04,0.0,1.0,0.0,0.0,0.0
2012-09-05,0.0,1.0,0.0,0.0,0.0
2012-09-06,0.0,1.0,0.0,0.0,0.0
2012-09-07,0.0,1.0,0.0,0.0,0.0
2012-09-10,0.0,1.0,0.0,0.0,0.0
2012-09-11,0.0,1.0,0.0,0.0,0.0
2012-09-12,0.0,1.0,0.0,0.0,0.0
2012-09-13,0.0,1.0,0.0,0.0,0.0
2012-09-14,0.0,1.0,0.0,0.0,0.0
2012-09-17,0.0,1.0,0.0,0.0,0.0
2012-09-18,0.0,1.0,0.0,0.0,0.0
2012-09-19,0.0,1.0,0.0,0.0,0.0
2012-09-20,0.0,1.0,0.0,0.0,0.0
2012-09-21,0.0,1.0,0.0,0.0,0.0
2012-09-24,0.0,1.0,0.0,0.0,0.0
2012-09-25,0.0,1.0,0.0,0.0,0.0
2012-09-26,0.0,1.0,0.0,0.0,0.0
2012-09-27,0.0,1.0,0.0,0.0,0.0
2012-09-28,0.0,1.0,0.0,0.0,0.0
2012-10-08,0.0,1.0,0.0,0.0,0.0
2012-10-09,0.0,1.0,0.0,0.0,0.0
2012-10-10,0.0,1.0,0.0,0.0,0.0
2012-10-11,0.0,1.0,0.0,0.0,0.0
2012-10-12,0.0,1.0,0.0,0.0,0.0
2012-10-15,0.0,1.0,0.0,0.0,0.0
2012-10-16,0.0,1.0,0.0,0.0,0.0
2012-10-17,0.0,1.0,0.0,0.0,0.0
2012-10-18,0.0,1.0,0.0,0.0,0.0
2012-10-19,0.0,1.0,0.0,0.0,0.0
2012-10-22,0.0,1.0,0.0,0.0,0.0
2012-10-23,0.0,1.0,0.0,0.0,0.0
2012-10-24,0.0,1.0,0.0,0.0,0.0
2012-10-25,0.0,1.0,0.0,0.0,0.0
2012-10-26,0.0,1.0,0.0,0.0,0.0
2012-10-29,0.0,1.0,0.0,0.0,0.0
2012-10-30,0.0,1.0,0.0,0.0,0.0
2012-10-31,0.0,1.0,0.0,0.0,0.0
2012-11-01,0.0,1.0,0.0,0.0,0.0
2012-11-02,0.0,1.0,0.0,0.0,0.0
2012-11-05,0.0,1.0,0.0,0.0,0.0
2012-11-06,0.0,1.0,0.0,0.0,0.0
2012-11-07,0.0,1.0,0.0,0.0,0.0
2012-11-08,0.0,1.0,0.0,0.0,0.0
2012-11-09,0.0,1.0,0.0,0.0,0.0
2012-11-12,0.0,1.0,0.0,0.0,0.0
2012-11-13,0.0,1.0,0.0,0.0,0.0
2012-11-14,0.0,1.0,0.0,0.0,0.0
2012-11-15,0.0,1.0,0.0,0.0,0.0
2012-11-16,0.0,1.0,0.0,0.0,0.0
2012-11-19,0.0,1.0,0.0,0.0,0.0
2012-11-20,0.0,1.0,0.0,0.0,0.0
2012-11-21,0.0,1.0,0.0,0.0,0.0
2012-11-22,0.0,1.0,0.0,0.0,0.0
2012-11-23,0.0,1.0,0.0,0.0,0.0
2012-11-26,0.0,1.0,0.0,0.0,0.0
2012-11-27,0.0,1.0,0.0,0.0,0.0
2012-11-28,0.0,1.0,0.0,0.0,0.0
2012-11-29,0.0,1.0,0.0,0.0,0.0
2012-11-30,0.0,1.0,0.0,0.0,0.0
2012-12-03,0.0,1.0,0.0,0.0,0.0
2012-12-04,0.0,1.0,0.0,0.0,0.0
2012-12-05,0.0,1.0,0.0,0.0,0.0
2012-12-06,0.0,1.0,0.0,0.0,0.0
2012-12-07,0.0,1.0,0.0,0.0,0.0
2012-12-10,0.0,1.0,0.0,0.0,0.0
2012-12-11,0.0,1.0,0.0,0.0,0.0
2012-12-12,0.0,1.0,0.0,0.0,0.0
2012-12-13,0.0,1.0,0.0,0.0,0.0
2012-12-14,0.0,1.0,0.0,0.0,0.0
2012-12-17,0.0,1.0,0.0,0.0,0.0
2012-12-18,0.0,1.0,0.0,0.0,0.0
2012-12-19,0.0,1.0,0.0,0.0,0.0
2012-12-20,0.0,1.0,0.0,0.0,0.0
2012-12-21,0.0,1.0,0.0,0.0,0.0
2012-12-24,0.0,1.0,0.0,0.0,0.0
2012-12-25,0.0,1.0,0.0,0.0,0.0
2012-12-26,0.0,1.0,0.0,0.0,0.0
2012-12-27,0.0,1.0,0.0,0.0,0.0
2012-12-28,0.0,1.0,0.0,0.0,0.0
2012-12-31,0.0,1.0,0.0,0.0,0.0
2013-01-04,0.0,1.0,0.0,0.0,0.0
2013-01-07,0.0,1.0,0.0,0.0,0.0
2013-01-08,0.0,1.0,0.0,0.0,0.0
2013-01-09,0.0,1.0,0.0,0.0,0.0
2013-01-10,0.0,1.0,0.0,0.0,0.0
2013-01-11,0.0,1.0,0.0,0.0,0.0
2013-01-14,0.0,1.0,0.0,0.0,0.0
2013-01-15,0.0,1.0,0.0,0.0,0.0
2013-01-16,0.0,1.0,0.0,0.0,0.0
2013-01-17,0.0,1.0,0.0,0.0,0.0
2013-01-18,0.0,1.0,0.0,0.0,0.0
2013-01-21,0.0,1.0,0.0,0.0,0.0
2013-01-22,0.0,1.0,0.0,0.0,0.0
2013-01-23,0.0,1.0,0.0,0.0,0.0
2013-01-24,0.0,1.0,0.0,0.0,0.0
2013-01-25,0.0,1.0,0.0,0.0,0.0
2013-01-28,0.0,1.0,0.0,0.0,0.0
2013-01-29,0.0,1.0,0.0,0.0,0.0
2013-01-30,0.0,1.0,0.0,0.0,0.0
2013-01-31,0.0,1.0,0.0,0.0,0.0
2013-02-01,0.0,1.0,0.0,0.0,0.0
2013-02-04,0.0,1.0,0.0,0.0,0.0
2013-02-05,0.0,1.0,0.0,0.0,0.0
2013-02-06,0.0,1.0,0.0,0.0,0.0
2013-02-07,0.0,1.0,0.0,0.0,0.0
2013-02-08,0.0,1.0,0.0,0.0,0.0
2013-02-18,0.0,1.0,0.0,0.0,0.0
2013-02-19,0.0,1.0,0.0,0.0,0.0
2013-02-20,0.0,1.0,0.0,0.0,0.0
2013-02-21,0.0,1.0,0.0,0.0,0.0
2013-02-22,0.0,1.0,0.0,0.0,0.0
2013-02-25,0.0,1.0,0.0,0.0,0.0
2013-02-26,0.0,1.0,0.0,0.0,0.0
2013-02-27,0.0,1.0,0.0,0.0,0.0
2013-02-28,0.0,1.0,0.0,0.0,0.0
2013-03-01,0.0,1.0,0.0,0.0,0.0
2013-03-04,0.0,1.0,0.0,0.0,0.0
2013-03-05,0.0,1.0,0.0,0.0,0.0
2013-03-06,0.0,1.0,0.0,0.0,0.0
2013-03-07,0.0,1.0,0.0,0.0,0.0
2013-03-08,0.0,1.0,0.0,0.0,0.0
2013-03-11,0.0,1.0,0.0,0.0,0.0
2013-03-12,0.0,1.0,0.0,0.0,0.0
2013-03-13,0.0,1.0,0.0,0.0,0.0
2013-03-14,0.0,1.0,0.0,0.0,0.0
2013-03-15,0.0,1.0,0.0,0.0,0.0
2013-03-18,0.0,1.0,0.0,0.0,0.0
2013-03-19,0.0,1.0,0.0,0.0,0.0
2013-03-20,0.0,1.0,0.0,0.0,0.0
2013-03-21,0.0,1.0,0.0,0.0,0.0
2013-03-22,0.0,1.0,0.0,0.0,0.0
2013-03-25,0.0,1.0,0.0,0.0,0.0
2013-03-26,0.0,1.0,0.0,0.0,0.0
2013-03-27,0.0,1.0,0.0,0.0,0.0
2013-03-28,0.0,1.0,0.0,0.0,0.0
2013-03-29,0.0,1.0,0.0,0.0,0.0
2013-04-01,0.0,1.0,0.0,0.0,0.0
2013-04-02,0.0,1.0,0.0,0.0,0.0
2013-04-03,0.0,1.0,0.0,0.0,0.0
2013-04-08,0.0,1.0,0.0,0.0,0.0
2013-04-09,0.0,1.0,0.0,0.0,0.0
2013-04-10,0.0,1.0,0.0,0.0,0.0
2013-04-11,0.0,1.0,0.0,0.0,0.0
2013-04-12,0.0,1.0,0.0,0.0,0.0
2013-04-15,0.0,1.0,0.0,0.0,0.0
2013-04-16,0.0,1.0,0.0,0.0,0.0
2013-04-17,0.0,1.0,0.0,0.0,0.0
2013-04-18,0.0,1.0,0.0,0.0,0.0
2013-04-19,0.0,1.0,0.0,0.0,0.0
2013-04-22,0.0,1.0,0.0,0.0,0.0
2013-04-23,0.0,1.0,0.0,0.0,0.0
2013-04-24,0.0,1.0,0.0,0.0,0.0
2013-04-25,0.0,1.0,0.0,0.0,0.0
2013-04-26,0.0,1.0,0.0,0.0,0.0
2013-05-02,0.0,1.0,0.0,0.0,0.0
2013-05-03,0.0,1.0,0.0,0.0,0.0
2013-05-06,0.0,1.0,0.0,0.0,0.0
2013-05-07,0.0,1.0,0.0,0.0,0.0
2013-05-08,0.0,1.0,0.0,0.0,0.0
2013-05-09,0.0,1.0,0.0,0.0,0.0
2013-05-10,0.0,1.0,0.0,0.0,0.0
2013-05-13,0.0,1.0,0.0,0.0,0.0
2013-05-14,0.0,1.0,0.0,0.0,0.0
2013-05-15,0.0,1.0,0.0,0.0,0.0
2013-05-16,0.0,1.0,0.0,0.0,0.0
2013-05-17,0.0,1.0,0.0,0.0,0.0
2013-05-20,0.0,1.0,0.0,0.0,0.0
2013-05-21,0.0,1.0,0.0,0.0,0.0
2013-05-22,0.0,1.0,0.0,0.0,0.0
2013-05-23,0.0,1.0,0.0,0.0,0.0
2013-05-24,0.0,1.0,0.0,0.0,0.0
2013-05-27,0.0,1.0,0.0,0.0,0.0
2013-05-28,0.0,1.0,0.0,0.0,0.0
2013-05-29,0.0,1.0,0.0,0.0,0.0
2013-05-30,0.0,1.0,0.0,0.0,0.0
2013-05-31,0.0,1.0,0.0,0.0,0.0
2013-06-03,0.0,1.0,0.0,0.0,0.0
2013-06-04,0.0,1.0,0.0,0.0,0.0
2013-06-05,0.0,1.0,0.0,0.0,0.0
2013-06-06,0.0,1.0,0.0,0.0,0.0
2013-06-07,0.0,1.0,0.0,0.0,0.0
2013-06-13,0.0,1.0,0.0,0.0,0.0
2013-06-14,0.0,1.0,0.0,0.0,0.0
2013-06-17,0.0,1.0,0.0,0.0,0.0
2013-06-18,0.0,1.0,0.0,0.0,0.0
2013-06-19,0.0,1.0,0.0,0.0,0.0
2013-06-20,0.0,1.0,0.0,0.0,0.0
2013-06-21,0.0,1.0,0.0,0.0,0.0
2013-06-24,0.0,1.0,0.0,0.0,0.0
2013-06-25,0.0,1.0,0.0,0.0,0.0
2013-06-26,0.0,1.0,0.0,0.0,0.0
2013-06-27,0.0,1.0,0.0,0.0,0.0
2013-06-28,0.0,1.0,0.0,0.0,0.0
2013-07-01,0.0,1.0,0.0,0.0,0.0
2013-07-02,0.0,1.0,0.0,0.0,0.0
2013-07-03,0.0,1.0,0.0,0.0,0.0
2013-07-04,0.0,1.0,0.0,0.0,0.0
2013-07-05,0.0,1.0,0.0,0.0,0.0
2013-07-08,0.0,1.0,0.0,0.0,0.0
2013-07-09,0.0,1.0,0.0,0.0,0.0
2013-07-10,0.0,1.0,0.0,0.0,0.0
2013-07-11,0.0,1.0,0.0,0.0,0.0
2013-07-12,0.0,1.0,0.0,0.0,0.0
2013-07-15,0.0,1.0,0.0,0.0,0.0
2013-07-16,0.0,1.0,0.0,0.0,0.0
2013-07-17,0.0,1.0,0.0,0.0,0.0
2013-07-18,0.0,1.0,0.0,0.0,0.0
2013-07-19,0.0,1.0,0.0,0.0,0.0
2013-07-22,0.0,1.0,0.0,0.0,0.0
2013-07-23,0.0,1.0,0.0,0.0,0.0
2013-07-24,0.0,1.0,0.0,0.0,0.0
2013-07-25,0.0,1.0,0.0,0.0,0.0
2013-07-26,0.0,1.0,0.0,0.0,0.0
2013-07-29,0.0,1.0,0.0,0.0,0.0
2013-07-30,0.0,1.0,0.0,0.0,0.0
2013-07-31,0.0,1.0,0.0,0.0,0.0
2013-08-01,0.0,1.0,0.0,0.0,0.0
2013-08-02,0.0,1.0,0.0,0.0,0.0
2013-08-05,0.0,1.0,0.0,0.0,0.0
2013-08-06,0.0,1.0,0.0,0.0,0.0
2013-08-07,0.0,1.0,0.0,0.0,0.0
2013-08-08,0.0,1.0,0.0,0.0,0.0
2013-08-09,0.0,1.0,0.0,0.0,0.0
2013-08-12,0.0,1.0,0.0,0.0,0.0
2013-08-13,0.0,1.0,0.0,0.0,0.0
2013-08-14,0.0,1.0,0.0,0.0,0.0
2013-08-15,0.0,1.0,0.0,0.0,0.0
2013-08-16,0.0,1.0,0.0,0.0,0.0
2013-08-19,0.0,1.0,0.0,0.0,0.0
2013-08-20,0.0,1.0,0.0,0.0,0.0
2013-08-21,0.0,1.0,0.0,0.0,0.0
2013-08-22,0.0,1.0,0.0,0.0,0.0
2013-08-23,0.0,1.0,0.0,0.0,0.0
2013-08-26,0.0,1.0,0.0,0.0,0.0
2013-08-27,0.0,1.0,0.0,0.0,0.0
2013-08-28,0.0,1.0,0.0,0.0,0.0
2013-08-29,0.0,1.0,0.0,0.0,0.0
2013-08-30,0.0,1.0,0.0,0.0,0.0
2013-09-02,0.0,1.0,0.0,0.0,0.0
2013-09-03,0.0,1.0,0.0,0.0,0.0
2013-09-04,0.0,1.0,0.0,0.0,0.0
2013-09-05,0.0,1.0,0.0,0.0,0.0
2013-09-06,0.0,1.0,0.0,0.0,0.0
2013-09-09,0.0,1.0,0.0,0.0,0.0
2013-09-10,0.0,1.0,0.0,0.0,0.0
2013-09-11,0.0,1.0,0.0,0.0,0.0
2013-09-12,0.0,1.0,0.0,0.0,0.0
2013-09-13,0.0,1.0,0.0,0.0,0.0
2013-09-16,0.0,1.0,0.0,0.0,0.0
2013-09-17,0.0,1.0,0.0,0.0,0.0
2013-09-18,0.0,1.0,0.0,0.0,0.0
2013-09-23,0.0,1.0,0.0,0.0,0.0
2013-09-24,0.0,1.0,0.0,0.0,0.0
2013-09-25,0.0,1.0,0.0,0.0,0.0
2013-09-26,0.0,1.0,0.0,0.0,0.0
2013-09-27,0.0,1.0,0.0,0.0,0.0
2013-09-30,0.0,1.0,0.0,0.0,0.0
2013-10-08,0.0,1.0,0.0,0.0,0.0
2013-10-09,0.0,1.0,0.0,0.0,0.0
2013-10-10,0.0,1.0,0.0,0.0,0.0
2013-10-11,0.0,1.0,0.0,0.0,0.0
2013-10-14,0.0,1.0,0.0,0.0,0.0
2013-10-15,0.0,1.0,0.0,0.0,0.0
2013-10-16,0.0,1.0,0.0,0.0,0.0
2013-10-17,0.0,1.0,0.0,0.0,0.0
2013-10-18,0.0,1.0,0.0,0.0,0.0
2013-10-21,0.0,1.0,0.0,0.0,0.0
2013-10-22,0.0,1.0,0.0,0.0,0.0
2013-10-23,0.0,1.0,0.0,0.0,0.0
2013-10-24,0.0,1.0,0.0,0.0,0.0
2013-10-25,0.0,1.0,0.0,0.0,0.0
2013-10-28,0.0,1.0,0.0,0.0,0.0
2013-10-29,0.0,1.0,0.0,0.0,0.0
2013-10-30,0.0,1.0,0.0,0.0,0.0
2013-10-31,0.0,1.0,0.0,0.0,0.0
2013-11-01,0.0,1.0,0.0,0.0,0.0
2013-11-04,0.0,1.0,0.0,0.0,0.0
2013-11-05,0.0,1.0,0.0,0.0,0.0
2013-11-06,0.0,1.0,0.0,0.0,0.0
2013-11-07,0.0,1.0,0.0,0.0,0.0
2013-11-08,0.0,1.0,0.0,0.0,0.0
2013-11-11,0.0,1.0,0.0,0.0,0.0
2013-11-12,0.0,1.0,0.0,0.0,0.0
2013-11-13,0.0,1.0,0.0,0.0,0.0
2013-11-14,0.0,1.0,0.0,0.0,0.0
2013-11-15,0.0,1.0,0.0,0.0,0.0
2013-11-18,0.0,1.0,0.0,0.0,0.0
2013-11-19,0.0,1.0,0.0,0.0,0.0
2013-11-20,0.0,1.0,0.0,0.0,0.0
2013-11-21,0.0,1.0,0.0,0.0,0.0
2013-11-22,0.0,1.0,0.0,0.0,0.0
2013-11-25,0.0,1.0,0.0,0.0,0.0
2013-11-26,0.0,1.0,0.0,0.0,0.0
2013-11-27,0.0,1.0,0.0,0.0,0.0
2013-11-28,0.0,1.0,0.0,0.0,0.0
2013-11-29,0.0,1.0,0.0,0.0,0.0
2013-12-02,0.0,1.0,0.0,0.0,0.0
2013-12-03,0.0,1.0,0.0,0.0,0.0
2013-12-04,0.0,1.0,0.0,0.0,0.0
2013-12-05,0.0,1.0,0.0,0.0,0.0
2013-12-06,0.0,1.0,0.0,0.0,0.0
2013-12-09,0.0,1.0,0.0,0.0,0.0
2013-12-10,0.0,1.0,0.0,0.0,0.0
2013-12-11,0.0,1.0,0.0,0.0,0.0
2013-12-12,0.0,1.0,0.0,0.0,0.0
2013-12-13,0.0,1.0,0.0,0.0,0.0
2013-12-16,0.0,1.0,0.0,0.0,0.0
2013-12-17,0.0,1.0,0.0,0.0,0.0
2013-12-18,0.0,1.0,0.0,0.0,0.0
2013-12-19,0.0,1.0,0.0,0.0,0.0
2013-12-20,0.0,1.0,0.0,0.0,0.0
2013-12-23,0.0,1.0,0.0,0.0,0.0
2013-12-24,0.0,1.0,0.0,0.0,0.0
2013-12-25,0.0,1.0,0.0,0.0,0.0
2013-12-26,0.0,1.0,0.0,0.0,0.0
2013-12-27,0.0,1.0,0.0,0.0,0.0
2013-12-30,0.0,1.0,0.0,0.0,0.0
2013-12-31,0.0,1.0,0.0,0.0,0.0
2014-01-02,0.0,1.0,0.0,0.0,0.0
2014-01-03,0.0,1.0,0.0,0.0,0.0
2014-01-06,0.0,1.0,0.0,0.0,0.0
2014-01-07,0.0,1.0,0.0,0.0,0.0
2014-01-08,0.0,1.0,0.0,0.0,0.0
2014-01-09,0.0,1.0,0.0,0.0,0.0
2014-01-10,0.0,1.0,0.0,0.0,0.0
2014-01-13,0.0,1.0,0.0,0.0,0.0
2014-01-14,0.0,1.0,0.0,0.0,0.0
2014-01-15,0.0,1.0,0.0,0.0,0.0
2014-01-16,0.0,1.0,0.0,0.0,0.0
2014-01-17,0.0,1.0,0.0,0.0,0.0
2014-01-20,0.0,1.0,0.0,0.0,0.0
2014-01-21,0.0,1.0,0.0,0.0,0.0
2014-01-22,0.0,1.0,0.0,0.0,0.0
2014-01-23,0.0,1.0,0.0,0.0,0.0
2014-01-24,0.0,1.0,0.0,0.0,0.0
2014-01-27,0.0,1.0,0.0,0.0,0.0
2014-01-28,0.0,1.0,0.0,0.0,0.0
2014-01-29,0.0,1.0,0.0,0.0,0.0
2014-01-30,0.0,1.0,0.0,0.0,0.0
2014-02-07,0.0,1.0,0.0,0.0,0.0
2014-02-10,0.0,1.0,0.0,0.0,0.0
2014-02-11,0.0,1.0,0.0,0.0,0.0
2014-02-12,0.0,1.0,0.0,0.0,0.0
2014-02-13,0.0,1.0,0.0,0.0,0.0
2014-02-14,0.0,1.0,0.0,0.0,0.0
2014-02-17,0.0,1.0,0.0,0.0,0.0
2014-02-18,0.0,1.0,0.0,0.0,0.0
2014-02-19,0.0,1.0,0.0,0.0,0.0
2014-02-20,0.0,1.0,0.0,0.0,0.0
2014-02-21,0.0,1.0,0.0,0.0,0.0
2014-02-24,0.0,1.0,0.0,0.0,0.0
2014-02-25,0.0,1.0,0.0,0.0,0.0
2014-02-26,0.0,1.0,0.0,0.0,0.0
2014-02-27,0.0,1.0,0.0,0.0,0.0
2014-02-28,0.0,1.0,0.0,0.0,0.0
2014-03-03,0.0,1.0,0.0,0.0,0.0
2014-03-04,0.0,1.0,0.0,0.0,0.0
2014-03-05,0.0,1.0,0.0,0.0,0.0
2014-03-06,0.0,1.0,0.0,0.0,0.0
2014-03-07,0.0,1.0,0.0,0.0,0.0
2014-03-10,0.0,1.0,0.0,0.0,0.0
2014-03-11,0.0,1.0,0.0,0.0,0.0
2014-03-12,0.0,1.0,0.0,0.0,0.0
2014-03-13,0.0,1.0,0.0,0.0,0.0
2014-03-14,0.0,1.0,0.0,0.0,0.0
2014-03-17,0.0,1.0,0.0,0.0,0.0
2014-03-18,0.0,1.0,0.0,0.0,0.0
2014-03-19,0.0,1.0,0.0,0.0,0.0
2014-03-20,0.0,1.0,0.0,0.0,0.0
2014-03-21,0.0,1.0,0.0,0.0,0.0
2014-03-24,0.0,1.0,0.0,0.0,0.0
2014-03-25,0.0,1.0,0.0,0.0,0.0
2014-03-26,0.0,1.0,0.0,0.0,0.0
2014-03-27,0.0,1.0,0.0,0.0,0.0
2014-03-28,0.0,1.0,0.0,0.0,0.0
2014-03-31,0.0,1.0,0.0,0.0,0.0
2014-04-01,0.0,1.0,0.0,0.0,0.0
2014-04-02,0.0,1.0,0.0,0.0,0.0
2014-04-03,0.0,1.0,0.0,0.0,0.0
2014-04-04,0.0,1.0,0.0,0.0,0.0
2014-04-08,0.0,1.0,0.0,0.0,0.0
2014-04-09,0.0,1.0,0.0,0.0,0.0
2014-04-10,0.0,1.0,0.0,0.0,0.0
2014-04-11,0.0,1.0,0.0,0.0,0.0
2014-04-14,0.0,1.0,0.0,0.0,0.0
2014-04-15,0.0,1.0,0.0,0.0,0.0
2014-04-16,0.0,1.0,0.0,0.0,0.0
2014-04-17,0.0,1.0,0.0,0.0,0.0
2014-04-18,0.0,1.0,0.0,0.0,0.0
2014-04-21,0.0,1.0,0.0,0.0,0.0
2014-04-22,0.0,1.0,0.0,0.0,0.0
2014-04-23,0.0,1.0,0.0,0.0,0.0
2014-04-24,0.0,1.0,0.0,0.0,0.0
2014-04-25,0.0,1.0,0.0,0.0,0.0
2014-04-28,0.0,1.0,0.0,0.0,0.0
2014-04-29,0.0,1.0,0.0,0.0,0.0
2014-04-30,0.0,1.0,0.0,0.0,0.0
2014-05-05,0.0,1.0,0.0,0.0,0.0
2014-05-06,0.0,1.0,0.0,0.0,0.0
2014-05-07,0.0,1.0,0.0,0.0,0.0
2014-05-08,0.0,1.0,0.0,0.0,0.0
2014-05-09,0.0,1.0,0.0,0.0,0.0
2014-05-12,0.0,1.0,0.0,0.0,0.0
2014-05-13,0.0,1.0,0.0,0.0,0.0
2014-05-14,0.0,1.0,0.0,0.0,0.0
2014-05-15,0.0,1.0,0.0,0.0,0.0
2014-05-16,0.0,1.0,0.0,0.0,0.0
2014-05-19,0.0,1.0,0.0,0.0,0.0
2014-05-20,0.0,1.0,0.0,0.0,0.0
2014-05-21,0.0,1.0,0.0,0.0,0.0
2014-05-22,0.0,1.0,0.0,0.0,0.0
2014-05-23,0.0,1.0,0.0,0.0,0.0
2014-05-26,0.0,1.0,0.0,0.0,0.0
2014-05-27,0.0,1.0,0.0,0.0,0.0
2014-05-28,0.0,1.0,0.0,0.0,0.0
2014-05-29,0.0,1.0,0.0,0.0,0.0
2014-05-30,0.0,1.0,0.0,0.0,0.0
2014-06-03,0.0,1.0,0.0,0.0,0.0
2014-06-04,0.0,1.0,0.0,0.0,0.0
2014-06-05,0.0,1.0,0.0,0.0,0.0
2014-06-06,0.0,1.0,0.0,0.0,0.0
2014-06-09,0.0,1.0,0.0,0.0,0.0
2014-06-10,0.0,1.0,0.0,0.0,0.0
2014-06-11,0.0,1.0,0.0,0.0,0.0
2014-06-12,0.0,1.0,0.0,0.0,0.0
2014-06-13,0.0,1.0,0.0,0.0,0.0
2014-06-16,0.0,1.0,0.0,0.0,0.0
2014-06-17,0.0,1.0,0.0,0.0,0.0
2014-06-18,0.0,1.0,0.0,0.0,0.0
2014-06-19,0.0,1.0,0.0,0.0,0.0
2014-06-20,0.0,1.0,0.0,0.0,0.0
2014-06-23,0.0,1.0,0.0,0.0,0.0
2014-06-24,0.0,1.0,0.0,0.0,0.0
2014-06-25,0.0,1.0,0.0,0.0,0.0
2014-06-26,0.0,1.0,0.0,0.0,0.0
2014-06-27,0.0,1.0,0.0,0.0,0.0
2014-06-30,0.0,1.0,0.0,0.0,0.0
2014-07-01,0.0,1.0,0.0,0.0,0.0
2014-07-02,0.0,1.0,0.0,0.0,0.0
2014-07-03,0.0,1.0,0.0,0.0,0.0
2014-07-04,0.0,1.0,0.0,0.0,0.0
2014-07-07,0.0,1.0,0.0,0.0,0.0
2014-07-08,0.0,1.0,0.0,0.0,0.0
2014-07-09,0.0,1.0,0.0,0.0,0.0
2014-07-10,0.0,1.0,0.0,0.0,0.0
2014-07-11,0.0,1.0,0.0,0.0,0.0
2014-07-14,0.0,1.0,0.0,0.0,0.0
2014-07-15,0.0,1.0,0.0,0.0,0.0
2014-07-16,0.0,1.0,0.0,0.0,0.0
2014-07-17,0.0,1.0,0.0,0.0,0.0
2014-07-18,0.0,1.0,0.0,0.0,0.0
2014-07-21,0.0,1.0,0.0,0.0,0.0
2014-07-22,0.0,1.0,0.0,0.0,0.0
2014-07-23,0.0,1.0,0.0,0.0,0.0
2014-07-24,0.0,1.0,0.0,0.0,0.0
2014-07-25,0.0,1.0,0.0,0.0,0.0
2014-07-28,0.0,1.0,0.0,0.0,0.0
2014-07-29,0.0,1.0,0.0,0.0,0.0
2014-07-30,0.0,1.0,0.0,0.0,0.0
2014-07-31,0.0,1.0,0.0,0.0,0.0
2014-08-01,0.0,1.0,0.0,0.0,0.0
2014-08-04,0.0,1.0,0.0,0.0,0.0
2014-08-05,0.0,1.0,0.0,0.0,0.0
2014-08-06,0.0,1.0,0.0,0.0,0.0
2014-08-07,0.0,1.0,0.0,0.0,0.0
2014-08-08,0.0,1.0,0.0,0.0,0.0
2014-08-11,0.0,1.0,0.0,0.0,0.0
2014-08-12,0.0,1.0,0.0,0.0,0.0
2014-08-13,0.0,1.0,0.0,0.0,0.0
2014-08-14,0.0,1.0,0.0,0.0,0.0
2014-08-15,0.0,1.0,0.0,0.0,0.0
2014-08-18,0.0,1.0,0.0,0.0,0.0
2014-08-19,0.0,1.0,0.0,0.0,0.0
2014-08-20,0.0,1.0,0.0,0.0,0.0
2014-08-21,0.0,1.0,0.0,0.0,0.0
2014-08-22,0.0,1.0,0.0,0.0,0.0
2014-08-25,0.0,1.0,0.0,0.0,0.0
2014-08-26,0.0,1.0,0.0,0.0,0.0
2014-08-27,0.0,1.0,0.0,0.0,0.0
2014-08-28,0.0,1.0,0.0,0.0,0.0
2014-08-29,0.0,1.0,0.0,0.0,0.0
2014-09-01,0.0,1.0,0.0,0.0,0.0
2014-09-02,0.0,1.0,0.0,0.0,0.0
2014-09-03,0.0,1.0,0.0,0.0,0.0
2014-09-04,0.0,1.0,0.0,0.0,0.0
2014-09-05,0.0,1.0,0.0,0.0,0.0
2014-09-09,0.0,1.0,0.0,0.0,0.0
2014-09-10,0.0,1.0,0.0,0.0,0.0
2014-09-11,0.0,1.0,0.0,0.0,0.0
2014-09-12,0.0,1.0,0.0,0.0,0.0
2014-09-15,0.0,1.0,0.0,0.0,0.0
2014-09-16,0.0,1.0,0.0,0.0,0.0
2014-09-17,0.0,1.0,0.0,0.0,0.0
2014-09-18,0.0,1.0,0.0,0.0,0.0
2014-09-19,0.0,1.0,0.0,0.0,0.0
2014-09-22,0.0,1.0,0.0,0.0,0.0
2014-09-23,0.0,1.0,0.0,0.0,0.0
2014-09-24,0.0,1.0,0.0,0.0,0.0
2014-09-25,0.0,1.0,0.0,0.0,0.0
2014-09-26,0.0,1.0,0.0,0.0,0.0
2014-09-29,0.0,1.0,0.0,0.0,0.0
2014-09-30,0.0,1.0,0.0,0.0,0.0
2014-10-08,0.0,1.0,0.0,0.0,0.0
2014-10-09,0.0,1.0,0.0,0.0,0.0
2014-10-10,0.0,1.0,0.0,0.0,0.0
2014-10-13,0.0,1.0,0.0,0.0,0.0
2014-10-14,0.0,1.0,0.0,0.0,0.0
2014-10-15,0.0,1.0,0.0,0.0,0.0
2014-10-16,0.0,1.0,0.0,0.0,0.0
2014-10-17,0.0,1.0,0.0,0.0,0.0
2014-10-20,0.0,1.0,0.0,0.0,0.0
2014-10-21,0.0,1.0,0.0,0.0,0.0
2014-10-22,0.0,1.0,0.0,0.0,0.0
2014-10-23,0.0,1.0,0.0,0.0,0.0
2014-10-24,0.0,1.0,0.0,0.0,0.0
2014-10-27,0.0,1.0,0.0,0.0,0.0
2014-10-28,0.0,1.0,0.0,0.0,0.0
2014-10-29,0.0,1.0,0.0,0.0,0.0
2014-10-30,0.0,1.0,0.0,0.0,0.0
2014-10-31,0.0,1.0,0.0,0.0,0.0
2014-11-03,0.0,1.0,0.0,0.0,0.0
2014-11-04,0.0,1.0,0.0,0.0,0.0
2014-11-05,0.0,1.0,0.0,0.0,0.0
2014-11-06,0.0,1.0,0.0,0.0,0.0
2014-11-07,0.0,1.0,0.0,0.0,0.0
2014-11-10,0.0,1.0,0.0,0.0,0.0
2014-11-11,0.0,1.0,0.0,0.0,0.0
2014-11-12,0.0,1.0,0.0,0.0,0.0
2014-11-13,0.0,1.0,0.0,0.0,0.0
2014-11-14,0.0,1.0,0.0,0.0,0.0
2014-11-17,0.0,1.0,0.0,0.0,0.0
2014-11-18,0.0,1.0,0.0,0.0,0.0
2014-11-19,0.0,1.0,0.0,0.0,0.0
2014-11-20,0.0,1.0,0.0,0.0,0.0
2014-11-21,0.0,1.0,0.0,0.0,0.0
2014-11-24,0.0,1.0,0.0,0.0,0.0
2014-11-25,0.0,1.0,0.0,0.0,0.0
2014-11-26,0.0,1.0,0.0,0.0,0.0
2014-11-27,0.0,1.0,0.0,0.0,0.0
2014-11-28,0.0,1.0,0.0,0.0,0.0
2014-12-01,0.0,1.0,0.0,0.0,0.0
2014-12-02,0.0,1.0,0.0,0.0,0.0
2014-12-03,0.0,1.0,0.0,0.0,0.0
2014-12-04,0.0,1.0,0.0,0.0,0.0
2014-12-05,0.0,1.0,0.0,0.0,0.0
2014-12-08,0.0,1.0,0.0,0.0,0.0
2014-12-09,0.0,1.0,0.0,0.0,0.0
2014-12-10,0.0,1.0,0.0,0.0,0.0
2014-12-11,0.0,1.0,0.0,0.0,0.0
2014-12-12,0.0,1.0,0.0,0.0,0.0
2014-12-15,0.0,1.0,0.0,0.0,0.0
2014-12-16,0.0,1.0,0.0,0.0,0.0
2014-12-17,0.0,1.0,0.0,0.0,0.0
2014-12-18,0.0,1.0,0.0,0.0,0.0
2014-12-19,0.0,1.0,0.0,0.0,0.0
2014-12-22,0.0,1.0,0.0,0.0,0.0
2014-12-23,0.0,1.0,0.0,0.0,0.0
2014-12-24,0.0,1.0,0.0,0.0,0.0
2014-12-25,0.0,1.0,0.0,0.0,0.0
2014-12-26,0.0,1.0,0.0,0.0,0.0
2014-12-29,0.0,1.0,0.0,0.0,0.0
2014-12-30,0.0,1.0,0.0,0.0,0.0
2014-12-31,0.0,1.0,0.0,0.0,0.0
2015-01-05,0.0,1.0,0.0,0.0,0.0
2015-01-06,0.0,1.0,0.0,0.0,0.0
2015-01-07,0.0,1.0,0.0,0.0,0.0
2015-01-08,0.0,1.0,0.0,0.0,0.0
2015-01-09,0.0,1.0,0.0,0.0,0.0
2015-01-12,0.0,1.0,0.0,0.0,0.0
2015-01-13,0.0,1.0,0.0,0.0,0.0
2015-01-14,0.0,1.0,0.0,0.0,0.0
2015-01-15,0.0,1.0,0.0,0.0,0.0
2015-01-16,0.0,1.0,0.0,0.0,0.0
2015-01-19,0.0,1.0,0.0,0.0,0.0
2015-01-20,0.0,1.0,0.0,0.0,0.0
2015-01-21,0.0,1.0,0.0,0.0,0.0
2015-01-22,0.0,1.0,0.0,0.0,0.0
2015-01-23,0.0,1.0,0.0,0.0,0.0
2015-01-26,0.0,1.0,0.0,0.0,0.0
2015-01-27,0.0,1.0,0.0,0.0,0.0
2015-01-28,0.0,1.0,0.0,0.0,0.0
2015-01-29,0.0,1.0,0.0,0.0,0.0
2015-01-30,0.0,1.0,0.0,0.0,0.0
2015-02-02,0.0,1.0,0.0,0.0,0.0
2015-02-03,0.0,1.0,0.0,0.0,0.0
2015-02-04,0.0,1.0,0.0,0.0,0.0
2015-02-05,0.0,1.0,0.0,0.0,0.0
2015-02-06,0.0,1.0,0.0,0.0,0.0
2015-02-09,0.0,1.0,0.0,0.0,0.0
2015-02-10,0.0,1.0,0.0,0.0,0.0
2015-02-11,0.0,1.0,0.0,0.0,0.0
2015-02-12,0.0,1.0,0.0,0.0,0.0
2015-02-13,0.0,1.0,0.0,0.0,0.0
2015-02-16,0.0,1.0,0.0,0.0,0.0
2015-02-17,0.0,1.0,0.0,0.0,0.0
2015-02-25,0.0,1.0,0.0,0.0,0.0
2015-02-26,0.0,1.0,0.0,0.0,0.0
2015-02-27,0.0,1.0,0.0,0.0,0.0
2015-03-02,0.0,1.0,0.0,0.0,0.0
2015-03-03,0.0,1.0,0.0,0.0,0.0
2015-03-04,0.0,1.0,0.0,0.0,0.0
2015-03-05,0.0,1.0,0.0,0.0,0.0
2015-03-06,0.0,1.0,0.0,0.0,0.0
2015-03-09,0.0,1.0,0.0,0.0,0.0
2015-03-10,0.0,1.0,0.0,0.0,0.0
2015-03-11,0.0,1.0,0.0,0.0,0.0
2015-03-12,0.0,1.0,0.0,0.0,0.0
2015-03-13,0.0,1.0,0.0,0.0,0.0
2015-03-16,0.0,1.0,0.0,0.0,0.0
2015-03-17,0.0,1.0,0.0,0.0,0.0
2015-03-18,0.0,1.0,0.0,0.0,0.0
2015-03-19,-14740.0,0.98526,0.07107920751882751,1.00045,0.06976970000000002
2015-03-20,55.0,0.985315,0.07111040631676165,1.000945,0.0
2015-03-23,15070.0,1.000385,0.07198653518395418,1.028775,0.0
2015-03-24,4840.0,1.005225,0.07344768584147829,1.054735,0.0
2015-03-25,9900.0,1.015125,0.07174530230267209,1.040435,0.0
2015-03-26,3190.0,1.018315,0.07243549392869593,1.053745,0.0
2015-03-27,15180.0,1.033495,0.07034339788774982,1.038565,0.0
2015-03-30,12980.0,1.046475,0.0688969636159488,1.029985,0.0
2015-03-31,-5335.0,1.04114,0.0702521274756517,1.04489,0.07056280000000002
2015-04-01,7095.0,1.048235,0.0702210382213912,1.051545,0.0
2015-04-02,3740.0,1.051975,0.0704544784809525,1.058805,0.0
2015-04-03,-23320.0,1.028655,0.07094385386742882,1.042525,0.0
2015-04-07,-18920.0,1.009735,0.07358480195298767,1.061445,0.0
2015-04-08,-12925.0,0.99681,0.07594867627732466,1.08152,0.0
2015-04-09,-6820.0,0.98999,0.07602076788654431,1.07514,0.0
2015-04-10,8910.0,0.9989,0.07448703573931326,1.06293,0.0
2015-04-13,-935.0,0.997965,0.07489245614826172,1.067715,0.0
2015-04-14,-24585.0,0.97338,0.07795876225112494,1.08405,0.0
2015-04-15,-6435.0,0.9669449999999999,0.07890360878850401,1.089935,0.0
2015-04-16,4400.0,0.971345,0.08029016466857812,1.114135,0.0
2015-04-17,2805.0,0.97415,0.0,0.0,0.07790860000000001
2015-04-20,0.0,0.97415,0.0,0.0,0.0
2015-04-21,0.0,0.97415,0.0,0.0,0.0
2015-04-22,0.0,0.97415,0.0,0.0,0.0
2015-04-23,0.0,0.97415,0.0,0.0,0.0
2015-04-24,0.0,0.97415,0.0,0.0,0.0
2015-04-27,0.0,0.97415,0.0,0.0,0.0
2015-04-28,-6240.0,0.96791,0.08826027213273961,1.0572,0.08567280000000001
2015-04-29,-3260.0,0.96465,0.08686238532110092,1.03634,0.0
2015-04-30,-11360.0,0.95329,0.08981590072276013,1.05778,0.0
2015-05-04,-13660.0,0.93963,0.09374796462437342,1.08692,0.0
2015-05-05,-1260.0,0.93837,0.09377985229706834,1.08566,0.0
2015-05-06,18580.0,0.95695,0.09325126704634516,1.10344,0.0
2015-05-07,4400.0,0.96135,0.09121422998907787,1.08464,0.0
2015-05-08,-4460.0,0.95689,0.09094524971522328,1.07578,0.0
2015-05-11,-440.0,0.95645,0.09169094045689791,1.08414,0.0
2015-05-12,-2540.0,0.95391,0.09087649778280969,1.0712,0.0
2015-05-13,-4460.0,0.94945,0.0915138237927221,1.07314,0.0
2015-05-14,10880.0,0.96033,0.08813782762175501,1.04642,0.0
2015-05-15,-2660.0,0.95767,0.088722837720718,1.05016,0.0
2015-05-18,-7680.0,0.94999,0.08998578932409815,1.05568,0.0
2015-05-19,-4280.0,0.94571,0.08909496568715568,1.0398,0.0
2015-05-20,14960.0,0.96067,0.08396764757929363,0.99676,0.0
2015-05-21,-4020.0,0.95665,0.08533089426645064,1.00834,0.0
2015-05-22,2720.0,0.9593700000000001,0.0858544669939648,1.01786,0.0
2015-05-25,-14460.0,0.94491,0.08650347652157349,1.0082,0.0
2015-05-26,-14260.0,0.93065,0.08961027239026487,1.02714,0.0
2015-05-27,-5580.0,0.9250700000000001,0.09097387224750561,1.03596,0.0
2015-05-28,-8160.0,0.91691,0.09220752309386963,1.0398,0.0
2015-05-29,-10960.0,0.90595,0.09466615155361775,1.05364,0.0
2015-06-01,16880.0,0.92283,0.0924118201618933,1.04972,0.0
2015-06-02,10520.0,0.93335,0.09202207103444582,1.05864,0.0
2015-06-03,15060.0,0.94841,0.08934427093767464,1.0461,0.0
2015-06-04,-7980.0,0.94043,0.09022298310347393,1.04652,0.0
2015-06-05,3440.0,0.94387,0.08919999576212827,1.03876,0.0
2015-06-08,120.0,0.94399,0.0886890750961345,1.03288,0.0
2015-06-09,-720.0,0.94327,0.08870334050695984,1.03216,0.0
2015-06-10,2100.0,0.94537,0.08967726921734348,1.04626,0.0
2015-06-11,-4740.0,0.94063,0.0901846634702274,1.04632,0.0
2015-06-12,13380.0,0.95401,0.08587645831804698,1.0117,0.0
2015-06-15,-1660.0,0.95235,0.08597133406835722,1.01084,0.0
2015-06-16,-1380.0,0.95097,0.08680210732199756,1.01906,0.0
2015-06-17,3700.0,0.95467,0.08596604062136656,1.01356,0.0
2015-06-18,3380.0,0.95805,0.08447346171911696,0.99974,0.0
2015-06-19,740.0,0.95879,0.08472929421458297,1.00368,0.0
2015-06-23,-3320.0,0.95547,0.08581870702376843,1.01276,0.0
2015-06-24,5580.0,0.96105,0.08542718901201811,1.01474,0.0
2015-06-25,-940.0,0.96011,0.0,0.0,0.082098
2015-06-26,0.0,0.96011,0.0,0.0,0.0
2015-06-29,0.0,0.96011,0.0,0.0,0.0
2015-06-30,0.0,0.96011,0.0,0.0,0.0
2015-07-01,0.0,0.96011,0.0,0.0,0.0
2015-07-02,0.0,0.96011,0.0,0.0,0.0
2015-07-03,0.0,0.96011,0.0,0.0,0.0
2015-07-06,0.0,0.96011,0.0,0.0,0.0
2015-07-07,0.0,0.96011,0.0,0.0,0.0
2015-07-08,10650.0,0.97076,0.06996683011248918,0.9703,0.06986350000000001
2015-07-09,15775.0,0.986535,0.07103169172913278,1.001075,0.0
2015-07-10,11100.0,0.997635,0.06946252888080309,0.989975,0.0
2015-07-13,-4050.0,0.993585,0.06962942274692151,0.988325,0.0
2015-07-14,5250.0,0.998835,0.0692949786501274,0.988775,0.0
2015-07-15,2225.0,1.00106,0.06891894591732763,0.9856,0.0
2015-07-16,1400.0,1.00246,0.06925563114737746,0.9918,0.0
2015-07-17,-3400.0,0.99906,0.0694632954977679,0.9914,0.0
2015-07-20,-8200.0,0.99086,0.07034898976646549,0.9958,0.0
2015-07-21,6650.0,0.99751,0.06954667121131618,0.99105,0.0
2015-07-22,4200.0,1.00171,0.06896157570554352,0.98685,0.0
2015-07-23,-175.0,1.001535,0.0689194586310014,0.986075,0.0
2015-07-24,-3375.0,0.99816,0.06878957281397773,0.9809,0.0
2015-07-27,-10300.0,0.98786,0.06915959751381774,0.976,0.0
2015-07-28,500.0,0.98836,0.06962746367720264,0.9831,0.0
2015-07-29,-1375.0,0.986985,0.07056312912556928,0.994925,0.0
2015-07-30,5175.0,0.99216,0.06962889050153201,0.9869,0.0
2015-07-31,-3100.0,0.98906,0.07060441227023638,0.9976,0.0
2015-08-03,-325.0,0.988735,0.07017982573692648,0.991275,0.0
2015-08-04,-1400.0,0.987335,0.07064800700876603,0.996475,0.0
2015-08-05,-725.0,0.98661,0.0,0.0,0.06987050000000002
2015-08-06,0.0,0.98661,0.0,0.0,0.0
2015-08-07,0.0,0.98661,0.0,0.0,0.0
2015-08-10,0.0,0.98661,0.0,0.0,0.0
2015-08-11,0.0,0.98661,0.0,0.0,0.0
2015-08-12,0.0,0.98661,0.0,0.0,0.0
2015-08-13,0.0,0.98661,0.0,0.0,0.0
2015-08-14,0.0,0.98661,0.0,0.0,0.0
2015-08-17,0.0,0.98661,0.0,0.0,0.0
2015-08-18,0.0,0.98661,0.0,0.0,0.0
2015-08-19,0.0,0.98661,0.0,0.0,0.0
2015-08-20,0.0,0.98661,0.0,0.0,0.0
2015-08-21,0.0,0.98661,0.0,0.0,0.0
2015-08-24,0.0,0.98661,0.0,0.0,0.0
2015-08-25,0.0,0.98661,0.0,0.0,0.0
2015-08-26,0.0,0.98661,0.0,0.0,0.0
2015-08-27,0.0,0.98661,0.0,0.0,0.0
2015-08-28,0.0,0.98661,0.0,0.0,0.0
2015-08-31,0.0,0.98661,0.0,0.0,0.0
2015-09-01,0.0,0.98661,0.0,0.0,0.0
2015-09-02,0.0,0.98661,0.0,0.0,0.0
2015-09-07,0.0,0.98661,0.0,0.0,0.0
2015-09-08,0.0,0.98661,0.0,0.0,0.0
2015-09-09,0.0,0.98661,0.0,0.0,0.0
2015-09-10,0.0,0.98661,0.0,0.0,0.0
2015-09-11,0.0,0.98661,0.0,0.0,0.0
2015-09-14,0.0,0.98661,0.0,0.0,0.0
2015-09-15,0.0,0.98661,0.0,0.0,0.0
2015-09-16,0.0,0.98661,0.0,0.0,0.0
2015-09-17,0.0,0.98661,0.0,0.0,0.0
2015-09-18,0.0,0.98661,0.0,0.0,0.0
2015-09-21,0.0,0.98661,0.0,0.0,0.0
2015-09-22,0.0,0.98661,0.0,0.0,0.0
2015-09-23,0.0,0.98661,0.0,0.0,0.0
2015-09-24,0.0,0.98661,0.0,0.0,0.0
2015-09-25,0.0,0.98661,0.0,0.0,0.0
2015-09-28,0.0,0.98661,0.0,0.0,0.0
2015-09-29,0.0,0.98661,0.0,0.0,0.0
2015-09-30,0.0,0.98661,0.0,0.0,0.0
2015-10-08,0.0,0.98661,0.0,0.0,0.0
2015-10-09,0.0,0.98661,0.0,0.0,0.0
2015-10-12,0.0,0.98661,0.0,0.0,0.0
2015-10-13,0.0,0.98661,0.0,0.0,0.0
2015-10-14,0.0,0.98661,0.0,0.0,0.0
2015-10-15,0.0,0.98661,0.0,0.0,0.0
2015-10-16,0.0,0.98661,0.0,0.0,0.0
2015-10-19,0.0,0.98661,0.0,0.0,0.0
2015-10-20,0.0,0.98661,0.0,0.0,0.0
2015-10-21,0.0,0.98661,0.0,0.0,0.0
2015-10-22,0.0,0.98661,0.0,0.0,0.0
2015-10-23,0.0,0.98661,0.0,0.0,0.0
2015-10-26,0.0,0.98661,0.0,0.0,0.0
2015-10-27,0.0,0.98661,0.0,0.0,0.0
2015-10-28,0.0,0.98661,0.0,0.0,0.0
2015-10-29,0.0,0.98661,0.0,0.0,0.0
2015-10-30,0.0,0.98661,0.0,0.0,0.0
2015-11-02,0.0,0.98661,0.0,0.0,0.0
2015-11-03,0.0,0.98661,0.0,0.0,0.0
2015-11-04,0.0,0.98661,0.0,0.0,0.0
2015-11-05,0.0,0.98661,0.0,0.0,0.0
2015-11-06,0.0,0.98661,0.0,0.0,0.0
2015-11-09,0.0,0.98661,0.0,0.0,0.0
2015-11-10,0.0,0.98661,0.0,0.0,0.0
2015-11-11,0.0,0.98661,0.0,0.0,0.0
2015-11-12,0.0,0.98661,0.0,0.0,0.0
2015-11-13,0.0,0.98661,0.0,0.0,0.0
2015-11-16,0.0,0.98661,0.0,0.0,0.0
2015-11-17,0.0,0.98661,0.0,0.0,0.0
2015-11-18,0.0,0.98661,0.0,0.0,0.0
2015-11-19,0.0,0.98661,0.0,0.0,0.0
2015-11-20,0.0,0.98661,0.0,0.0,0.0
2015-11-23,0.0,0.98661,0.0,0.0,0.0
2015-11-24,0.0,0.98661,0.0,0.0,0.0
2015-11-25,3710.0,0.99032,0.08026849907100735,0.99495,0.07803120000000001
2015-11-26,13000.0,1.00332,0.0803945899613284,1.00795,0.0
2015-11-27,2350.0,1.00567,0.07936698917139817,0.9971,0.0
2015-11-30,-3260.0,1.00241,0.07873544757135305,0.98636,0.0
2015-12-01,10890.0,1.0133,0.07930810224020526,1.00297,0.0
2015-12-02,11500.0,1.0248,0.07942808352849336,1.01447,0.0
2015-12-03,-7150.0,1.01765,0.07918085785879231,1.00512,0.0
2015-12-04,-2820.0,1.01483,0.07935890740321039,1.00494,0.0
2015-12-07,18810.0,1.0336400000000001,0.0787693007236562,1.01363,0.0
2015-12-08,3470.0,1.03711,0.07622740114356241,0.98366,0.0
2015-12-09,-6570.0,1.03054,0.07719845906029849,0.99073,0.0
2015-12-10,-8950.0,1.02159,0.07656946524535284,0.97518,0.0
2015-12-11,12430.0,1.03402,0.07693516566410707,0.99025,0.0
2015-12-14,3270.0,1.03729,0.07643339856742089,0.98648,0.0
2015-12-15,-7700.0,1.02959,0.0766738216183141,0.98318,0.0
2015-12-16,580.0,1.03017,0.0770571847364998,0.9886,0.0
2015-12-17,-2650.0,1.02752,0.07685251868576767,0.98375,0.0
2015-12-18,5390.0,1.03291,0.07736414595656932,0.99486,0.0
2015-12-21,18530.0,1.05144,0.07845725861675418,1.02483,0.0
2015-12-22,-3220.0,1.04822,0.07845538150388277,1.02205,0.0
2015-12-23,-1340.0,1.04688,0.0,0.0,0.0820123
2015-12-24,0.0,1.04688,0.0,0.0,0.0
2015-12-25,0.0,1.04688,0.0,0.0,0.0
2015-12-28,0.0,1.04688,0.0,0.0,0.0
2015-12-29,0.0,1.04688,0.0,0.0,0.0
2015-12-30,0.0,1.04688,0.0,0.0,0.0
2015-12-31,0.0,1.04688,0.0,0.0,0.0
2016-01-04,0.0,1.04688,0.0,0.0,0.0
2016-01-05,0.0,1.04688,0.0,0.0,0.0
2016-01-06,0.0,1.04688,0.0,0.0,0.0
2016-01-07,0.0,1.04688,0.0,0.0,0.0
2016-01-08,0.0,1.04688,0.0,0.0,0.0
2016-01-11,0.0,1.04688,0.0,0.0,0.0
2016-01-12,0.0,1.04688,0.0,0.0,0.0
2016-01-13,0.0,1.04688,0.0,0.0,0.0
2016-01-14,0.0,1.04688,0.0,0.0,0.0
2016-01-15,0.0,1.04688,0.0,0.0,0.0
2016-01-18,0.0,1.04688,0.0,0.0,0.0
2016-01-19,0.0,1.04688,0.0,0.0,0.0
2016-01-20,-7890.0,1.03899,0.06622508397578418,0.98296,0.06931750000000002
2016-01-21,2900.0,1.04189,0.06615496837478047,0.98466,0.0
2016-01-22,5630.0,1.04752,0.06637610737742478,0.99329,0.0
2016-01-25,970.0,1.04849,0.06621922955869872,0.99186,0.0
2016-01-26,-11690.0,1.0368,0.06735136959876542,0.99757,0.0
2016-01-27,-3750.0,1.03305,0.06831750641304873,1.00822,0.0
2016-01-28,-380.0,1.03267,0.06786950332632884,1.00124,0.0
2016-01-29,6280.0,1.03895,0.06784195582078059,1.00692,0.0
2016-02-01,-1190.0,1.03776,0.06759665047795252,1.00213,0.0
2016-02-02,-5100.0,1.03266,0.06827619932988593,1.00723,0.0
2016-02-03,-3340.0,1.02932,0.06847462402362725,1.00689,0.0
2016-02-04,-4320.0,1.025,0.07018917073170731,1.02777,0.0
2016-02-05,2050.0,1.02705,0.07006611167908086,1.02802,0.0
2016-02-15,7050.0,1.0341,0.06957828063049995,1.02787,0.0
2016-02-16,140.0,1.03424,0.06949711865717823,1.02681,0.0
2016-02-17,1420.0,1.03566,0.06880839271575614,1.01803,0.0
2016-02-18,-470.0,1.03519,0.06921357431969012,1.02356,0.0
2016-02-19,-13140.0,1.02205,0.07138143926422386,1.04222,0.0
2016-02-22,4500.0,1.02655,0.0707616774633481,1.03772,0.0
2016-02-23,-1750.0,1.0248,0.07084494535519126,1.03717,0.0
2016-02-24,3250.0,1.02805,0.0,0.0,0.07253540000000001
2016-02-25,0.0,1.02805,0.0,0.0,0.0
2016-02-26,0.0,1.02805,0.0,0.0,0.0
2016-02-29,0.0,1.02805,0.0,0.0,0.0
2016-03-01,0.0,1.02805,0.0,0.0,0.0
2016-03-02,0.0,1.02805,0.0,0.0,0.0
2016-03-03,0.0,1.02805,0.0,0.0,0.0
2016-03-04,0.0,1.02805,0.0,0.0,0.0
2016-03-07,0.0,1.02805,0.0,0.0,0.0
2016-03-08,0.0,1.02805,0.0,0.0,0.0
2016-03-09,0.0,1.02805,0.0,0.0,0.0
2016-03-10,0.0,1.02805,0.0,0.0,0.0
2016-03-11,0.0,1.02805,0.0,0.0,0.0
2016-03-14,0.0,1.02805,0.0,0.0,0.0
2016-03-15,0.0,1.02805,0.0,0.0,0.0
2016-03-16,0.0,1.02805,0.0,0.0,0.0
2016-03-17,0.0,1.02805,0.0,0.0,0.0
2016-03-18,0.0,1.02805,0.0,0.0,0.0
2016-03-21,0.0,1.02805,0.0,0.0,0.0
2016-03-22,0.0,1.02805,0.0,0.0,0.0
2016-03-23,0.0,1.02805,0.0,0.0,0.0
2016-03-24,0.0,1.02805,0.0,0.0,0.0
2016-03-25,0.0,1.02805,0.0,0.0,0.0
2016-03-28,0.0,1.02805,0.0,0.0,0.0
2016-03-29,0.0,1.02805,0.0,0.0,0.0
2016-03-30,0.0,1.02805,0.0,0.0,0.0
2016-03-31,0.0,1.02805,0.0,0.0,0.0
2016-04-01,0.0,1.02805,0.0,0.0,0.0
2016-04-05,0.0,1.02805,0.0,0.0,0.0
2016-04-06,0.0,1.02805,0.0,0.0,0.0
2016-04-07,0.0,1.02805,0.0,0.0,0.0
2016-04-08,0.0,1.02805,0.0,0.0,0.0
2016-04-11,0.0,1.02805,0.0,0.0,0.0
2016-04-12,0.0,1.02805,0.0,0.0,0.0
2016-04-13,0.0,1.02805,0.0,0.0,0.0
2016-04-14,0.0,1.02805,0.0,0.0,0.0
2016-04-15,0.0,1.02805,0.0,0.0,0.0
2016-04-18,0.0,1.02805,0.0,0.0,0.0
2016-04-19,0.0,1.02805,0.0,0.0,0.0
2016-04-20,0.0,1.02805,0.0,0.0,0.0
2016-04-21,0.0,1.02805,0.0,0.0,0.0
2016-04-22,0.0,1.02805,0.0,0.0,0.0
2016-04-25,0.0,1.02805,0.0,0.0,0.0
2016-04-26,0.0,1.02805,0.0,0.0,0.0
2016-04-27,0.0,1.02805,0.0,0.0,0.0
2016-04-28,0.0,1.02805,0.0,0.0,0.0
2016-04-29,0.0,1.02805,0.0,0.0,0.0
2016-05-03,0.0,1.02805,0.0,0.0,0.0
2016-05-04,0.0,1.02805,0.0,0.0,0.0
2016-05-05,0.0,1.02805,0.0,0.0,0.0
2016-05-06,0.0,1.02805,0.0,0.0,0.0
2016-05-09,0.0,1.02805,0.0,0.0,0.0
2016-05-10,0.0,1.02805,0.0,0.0,0.0
2016-05-11,0.0,1.02805,0.0,0.0,0.0
2016-05-12,0.0,1.02805,0.0,0.0,0.0
2016-05-13,0.0,1.02805,0.0,0.0,0.0
2016-05-16,0.0,1.02805,0.0,0.0,0.0
2016-05-17,0.0,1.02805,0.0,0.0,0.0
2016-05-18,0.0,1.02805,0.0,0.0,0.0
2016-05-19,0.0,1.02805,0.0,0.0,0.0
2016-05-20,0.0,1.02805,0.0,0.0,0.0
2016-05-23,0.0,1.02805,0.0,0.0,0.0
2016-05-24,0.0,1.02805,0.0,0.0,0.0
2016-05-25,0.0,1.02805,0.0,0.0,0.0
2016-05-26,0.0,1.02805,0.0,0.0,0.0
2016-05-27,0.0,1.02805,0.0,0.0,0.0
2016-05-30,0.0,1.02805,0.0,0.0,0.0
2016-05-31,0.0,1.02805,0.0,0.0,0.0
2016-06-01,0.0,1.02805,0.0,0.0,0.0
2016-06-02,0.0,1.02805,0.0,0.0,0.0
2016-06-03,0.0,1.02805,0.0,0.0,0.0
2016-06-06,0.0,1.02805,0.0,0.0,0.0
2016-06-07,0.0,1.02805,0.0,0.0,0.0
2016-06-08,0.0,1.02805,0.0,0.0,0.0
2016-06-13,0.0,1.02805,0.0,0.0,0.0
2016-06-14,0.0,1.02805,0.0,0.0,0.0
2016-06-15,0.0,1.02805,0.0,0.0,0.0
2016-06-16,0.0,1.02805,0.0,0.0,0.0
2016-06-17,0.0,1.02805,0.0,0.0,0.0
2016-06-20,0.0,1.02805,0.0,0.0,0.0
2016-06-21,0.0,1.02805,0.0,0.0,0.0
2016-06-22,0.0,1.02805,0.0,0.0,0.0
2016-06-23,0.0,1.02805,0.0,0.0,0.0
2016-06-24,0.0,1.02805,0.0,0.0,0.0
2016-06-27,0.0,1.02805,0.0,0.0,0.0
2016-06-28,0.0,1.02805,0.0,0.0,0.0
2016-06-29,0.0,1.02805,0.0,0.0,0.0
2016-06-30,0.0,1.02805,0.0,0.0,0.0
2016-07-01,0.0,1.02805,0.0,0.0,0.0
2016-07-04,0.0,1.02805,0.0,0.0,0.0
2016-07-05,0.0,1.02805,0.0,0.0,0.0
2016-07-06,0.0,1.02805,0.0,0.0,0.0
2016-07-07,0.0,1.02805,0.0,0.0,0.0
2016-07-08,0.0,1.02805,0.0,0.0,0.0
2016-07-11,0.0,1.02805,0.0,0.0,0.0
2016-07-12,0.0,1.02805,0.0,0.0,0.0
2016-07-13,0.0,1.02805,0.0,0.0,0.0
2016-07-14,0.0,1.02805,0.0,0.0,0.0
2016-07-15,0.0,1.02805,0.0,0.0,0.0
2016-07-18,0.0,1.02805,0.0,0.0,0.0
2016-07-19,0.0,1.02805,0.0,0.0,0.0
2016-07-20,0.0,1.02805,0.0,0.0,0.0
2016-07-21,0.0,1.02805,0.0,0.0,0.0
2016-07-22,0.0,1.02805,0.0,0.0,0.0
2016-07-25,0.0,1.02805,0.0,0.0,0.0
2016-07-26,0.0,1.02805,0.0,0.0,0.0
2016-07-27,0.0,1.02805,0.0,0.0,0.0
2016-07-28,0.0,1.02805,0.0,0.0,0.0
2016-07-29,0.0,1.02805,0.0,0.0,0.0
2016-08-01,0.0,1.02805,0.0,0.0,0.0
2016-08-02,0.0,1.02805,0.0,0.0,0.0
2016-08-03,0.0,1.02805,0.0,0.0,0.0
2016-08-04,3740.0,1.03179,0.07812403686796733,1.00828,0.0814018
2016-08-05,-6820.0,1.02497,0.08044040313375025,1.0327,0.072226
2016-08-08,-3080.0,1.02189,0.08116079030032586,1.03842,0.0
2016-08-09,14400.0,1.03629,0.07980140694207219,1.03722,0.0
2016-08-10,-3120.0,1.03317,0.08010975928453207,1.0377,0.0
2016-08-11,-100.0,1.03307,0.08029659171208146,1.04,0.0
2016-08-12,-10940.0,1.02213,0.0825669924569282,1.05666,0.0
2016-08-15,-3760.0,1.01837,0.08327327002955703,1.0613,0.0
2016-08-16,-600.0,1.01777,0.08302956463641098,1.0575,0.0
2016-08-17,8660.0,1.02643,0.08270140194655262,1.06336,0.0
2016-08-18,740.0,1.02717,0.08213148748503168,1.0569,0.0
2016-08-19,-3960.0,1.02321,0.08286646924873682,1.06174,0.0
2016-08-22,5660.0,1.02887,0.07996539893280978,1.031,0.0
2016-08-23,5760.0,1.03463,0.07929134086581678,1.02876,0.0
2016-08-24,-4940.0,1.02969,0.07986423098214025,1.03062,0.0
2016-08-25,14640.0,1.04433,0.0778874493694522,1.02126,0.0
2016-08-26,-500.0,1.04383,0.07779925849994732,1.01956,0.0
2016-08-29,-2640.0,1.04119,0.07815710869293788,1.02132,0.0
2016-08-30,280.0,1.04147,0.0775711254284809,1.014,0.0
2016-08-31,5780.0,1.04725,0.07627653377894486,1.00338,0.0
2016-09-01,1180.0,1.04843,0.0,0.0,0.07973920000000001
2016-09-02,0.0,1.04843,0.0,0.0,0.0
2016-09-05,0.0,1.04843,0.0,0.0,0.0
2016-09-06,0.0,1.04843,0.0,0.0,0.0
2016-09-07,0.0,1.04843,0.0,0.0,0.0
2016-09-08,0.0,1.04843,0.0,0.0,0.0
2016-09-09,0.0,1.04843,0.0,0.0,0.0
2016-09-12,0.0,1.04843,0.0,0.0,0.0
2016-09-13,0.0,1.04843,0.0,0.0,0.0
2016-09-14,0.0,1.04843,0.0,0.0,0.0
2016-09-19,0.0,1.04843,0.0,0.0,0.0
2016-09-20,0.0,1.04843,0.0,0.0,0.0
2016-09-21,0.0,1.04843,0.0,0.0,0.0
2016-09-22,0.0,1.04843,0.0,0.0,0.0
2016-09-23,0.0,1.04843,0.0,0.0,0.0
2016-09-26,0.0,1.04843,0.0,0.0,0.0
2016-09-27,0.0,1.04843,0.0,0.0,0.0
2016-09-28,0.0,1.04843,0.0,0.0,0.0
2016-09-29,0.0,1.04843,0.0,0.0,0.0
2016-09-30,0.0,1.04843,0.0,0.0,0.0
2016-10-10,0.0,1.04843,0.0,0.0,0.0
2016-10-11,0.0,1.04843,0.0,0.0,0.0
2016-10-12,0.0,1.04843,0.0,0.0,0.0
2016-10-13,0.0,1.04843,0.0,0.0,0.0
2016-10-14,0.0,1.04843,0.0,0.0,0.0
2016-10-17,0.0,1.04843,0.0,0.0,0.0
2016-10-18,0.0,1.04843,0.0,0.0,0.0
2016-10-19,0.0,1.04843,0.0,0.0,0.0
2016-10-20,0.0,1.04843,0.0,0.0,0.0
2016-10-21,0.0,1.04843,0.0,0.0,0.0
2016-10-24,0.0,1.04843,0.0,0.0,0.0
2016-10-25,0.0,1.04843,0.0,0.0,0.0
2016-10-26,0.0,1.04843,0.0,0.0,0.0
2016-10-27,0.0,1.04843,0.0,0.0,0.0
2016-10-28,0.0,1.04843,0.0,0.0,0.0
2016-10-31,0.0,1.04843,0.0,0.0,0.0
2016-11-01,0.0,1.04843,0.0,0.0,0.0
2016-11-02,0.0,1.04843,0.0,0.0,0.0
2016-11-03,0.0,1.04843,0.0,0.0,0.0
2016-11-04,0.0,1.04843,0.0,0.0,0.0
2016-11-07,0.0,1.04843,0.0,0.0,0.0
2016-11-08,0.0,1.04843,0.0,0.0,0.0
2016-11-09,390.0,1.04882,0.07355981007227169,0.9711,0.07637970000000001
2016-11-10,-7140.0,1.04168,0.07648721296367407,1.00176,0.0
2016-11-11,4800.0,1.04648,0.07861325586728844,1.03476,0.0
2016-11-14,-10140.0,1.03634,0.07381110446378601,0.96132,0.0
2016-11-15,-1200.0,1.03514,0.07564831810189926,0.98478,0.0714714
2016-11-16,-22140.0,1.013,0.08013109575518262,1.01784,0.0
2016-11-17,630.0,1.01363,0.07995905803892939,1.01637,0.0
2016-11-18,9600.0,1.02323,0.0783644928315237,1.00677,0.0
2016-11-21,-20880.0,1.00235,0.08439896243827007,1.05729,0.08883
2016-11-22,-5040.0,0.99731,0.08649316661820297,1.07745,0.0
2016-11-23,-1230.0,0.99608,0.08660991085053409,1.07742,0.0
2016-11-24,1170.0,0.99725,0.08748087239909752,1.08969,0.0
2016-11-25,-5550.0,0.9917,0.08830472925279823,1.09314,0.0
2016-11-28,-24900.0,0.9668,0.09359205626810095,1.12644,0.0
2016-11-29,20130.0,0.98693,0.08994954049425997,1.10757,0.0
2016-11-30,21600.0,1.00853,0.08492945177634775,1.07127,0.0
2016-12-01,-3210.0,1.00532,0.08645724744360006,1.08666,0.0
2016-12-02,7140.0,1.01246,0.08600932382513878,1.0896,0.0
2016-12-05,-13890.0,0.99857,0.08899596422884726,1.11021,0.0
2016-12-06,-3240.0,0.99533,0.08893723689630574,1.10547,0.0
2016-12-07,10180.0,1.00551,0.0722076359260475,0.98285,0.09565580000000001
2016-12-08,-3650.0,1.00186,0.07167747988740943,0.97264,0.0
2016-12-09,-7410.0,0.99445,0.0720081452058927,0.96845,0.0
2016-12-12,760.0,0.99521,0.07326021643673195,0.98629,0.0
2016-12-13,-6430.0,0.98878,0.07503752098545684,1.00248,0.0
2016-12-14,-9470.0,0.97931,0.0742979240485648,0.98141,0.0
2016-12-15,6440.0,0.98575,0.07411483641897033,0.98651,0.0
2016-12-16,-30.0,0.98572,0.07258105750111594,0.96578,0.0
2016-12-19,1710.0,0.98743,0.07124707574207792,0.94925,0.0
2016-12-20,3160.0,0.99059,0.0704722438142925,0.94273,0.0
2016-12-21,-630.0,0.98996,0.07096832195240212,0.94834,0.0
2016-12-22,-6730.0,0.98323,0.06841888469635793,0.90805,0.0
2016-12-23,2050.0,0.98528,0.068267091588178,0.90756,0.0
2016-12-26,4130.0,0.98941,0.06612273981463701,0.88415,0.0
2016-12-27,-2560.0,0.98685,0.06726544054314233,0.89707,0.0
2016-12-28,7870.0,0.99472,0.06678160688434938,0.8984,0.0
2016-12-29,-2680.0,0.99204,0.0674434498608927,0.90348,0.0
2016-12-30,-4020.0,0.98802,0.06676706949252041,0.88996,0.0
2017-01-03,-7490.0,0.98053,0.06662162299980623,0.88075,0.0
2017-01-04,-4990.0,0.97554,0.067563400783156,0.88864,0.0
2017-01-05,10.0,0.97555,0.0,0.0,0.0658635
2017-01-06,0.0,0.97555,0.0,0.0,0.0
2017-01-09,0.0,0.97555,0.0,0.0,0.0
2017-01-10,0.0,0.97555,0.0,0.0,0.0
2017-01-11,0.0,0.97555,0.0,0.0,0.0
2017-01-12,0.0,0.97555,0.0,0.0,0.0
2017-01-13,0.0,0.97555,0.0,0.0,0.0
2017-01-16,0.0,0.97555,0.0,0.0,0.0
2017-01-17,0.0,0.97555,0.0,0.0,0.0
2017-01-18,0.0,0.97555,0.0,0.0,0.0
2017-01-19,0.0,0.97555,0.0,0.0,0.0
2017-01-20,0.0,0.97555,0.0,0.0,0.0
2017-01-23,0.0,0.97555,0.0,0.0,0.0
2017-01-24,9520.0,0.98507,0.07117321611662115,1.00158,0.0693938
2017-01-25,-6940.0,0.9781299999999999,0.07239242227515771,1.01156,0.0
2017-01-26,10420.0,0.98855,0.07229072884527844,1.0209,0.0
2017-02-03,5300.0,0.99385,0.07222780097600243,1.02548,0.0
2017-02-06,-7700.0,0.98615,0.07393175480403591,1.04154,0.0
2017-02-07,-1520.0,0.98463,0.07345155032854982,1.03318,0.0
2017-02-08,6000.0,0.99063,0.07371046707650687,1.04314,0.0
2017-02-09,1380.0,0.99201,0.07286700738903844,1.03264,0.0
2017-02-10,10280.0,1.00229,0.07336559279250517,1.05048,0.0
2017-02-13,15520.0,1.01781,0.07457698391644807,1.08436,0.0
2017-02-14,-1280.0,1.01653,0.07470669827747337,1.08488,0.0
2017-02-15,-7580.0,1.00895,0.07289380048565341,1.05066,0.0
2017-02-16,340.0,1.00929,0.07231856057228349,1.04272,0.0
2017-02-17,-1460.0,1.00783,0.07247194467320879,1.04342,0.0
2017-02-20,13760.0,1.02159,0.07263598899754306,1.06006,0.0
2017-02-21,-5280.0,1.01631,0.07227774989914496,1.04938,0.0
2017-02-22,12280.0,1.02859,0.07207905968364461,1.05914,0.0
2017-02-23,-8340.0,1.02025,0.07073756432246998,1.031,0.0
2017-02-24,9400.0,1.02965,0.07141611227116011,1.05048,0.0
2017-02-27,8240.0,1.03789,0.07157482970256965,1.06124,0.0
2017-02-28,-540.0,1.03735,0.0,0.0,0.0743246
2017-03-01,0.0,1.03735,0.0,0.0,0.0
2017-03-02,0.0,1.03735,0.0,0.0,0.0
2017-03-03,0.0,1.03735,0.0,0.0,0.0
2017-03-06,0.0,1.03735,0.0,0.0,0.0
2017-03-07,0.0,1.03735,0.0,0.0,0.0
2017-03-08,0.0,1.03735,0.0,0.0,0.0
2017-03-09,0.0,1.03735,0.0,0.0,0.0
2017-03-10,0.0,1.03735,0.0,0.0,0.0
2017-03-13,0.0,1.03735,0.0,0.0,0.0
2017-03-14,0.0,1.03735,0.0,0.0,0.0
2017-03-15,0.0,1.03735,0.0,0.0,0.0
2017-03-16,0.0,1.03735,0.0,0.0,0.0
2017-03-17,0.0,1.03735,0.0,0.0,0.0
2017-03-20,0.0,1.03735,0.0,0.0,0.0
2017-03-21,0.0,1.03735,0.0,0.0,0.0
2017-03-22,0.0,1.03735,0.0,0.0,0.0
2017-03-23,0.0,1.03735,0.0,0.0,0.0
2017-03-24,-1700.0,1.03565,0.07247042919905375,1.0722,0.074781
2017-03-27,19270.0,1.05492,0.06865629621203505,1.03467,0.0
2017-03-28,930.0,1.05585,0.06843206894918787,1.0322,0.0
2017-03-29,-15810.0,1.04004,0.0722984692896427,1.07419,0.0
2017-03-30,5830.0,1.04587,0.07110769024831003,1.06242,0.0
2017-03-31,1500.0,1.04737,0.06906098131510355,1.03332,0.05138000000000001
2017-04-05,-20700.0,1.02667,0.07291476326375565,1.06942,0.0
2017-04-06,-10600.0,1.01607,0.07349631423031878,1.06682,0.0
2017-04-07,26460.0,1.04253,0.0680225988700565,1.01308,0.0
2017-04-10,3320.0,1.04585,0.06702490796959412,1.0014,0.0
2017-04-11,7520.0,1.05337,0.06578353285170453,0.98992,0.0
2017-04-12,21810.0,1.07518,0.06175440391376328,0.94853,0.0
2017-04-13,2640.0,1.07782,0.061774600582657595,0.95117,0.0
2017-04-14,6150.0,1.08397,0.06138214157218374,0.95052,0.0
2017-04-17,-3000.0,1.08097,0.0613193705653256,0.94692,0.0
2017-04-18,15320.0,1.09629,0.05824809128971349,0.91224,0.0
2017-04-19,7480.0,1.10377,0.05776964403816013,0.91092,0.0
2017-04-20,-12930.0,1.09084,0.059806479410362656,0.93199,0.0
2017-04-21,-15010.0,1.07583,0.06217580844557226,0.95558,0.0
2017-04-24,11790.0,1.08762,0.060728839116603234,0.94357,0.0
2017-04-25,-20.0,1.0876,0.0,0.0,0.06602050000000001
2017-04-26,0.0,1.0876,0.0,0.0,0.0
2017-04-27,0.0,1.0876,0.0,0.0,0.0
2017-04-28,0.0,1.0876,0.0,0.0,0.0
2017-05-02,0.0,1.0876,0.0,0.0,0.0
2017-05-03,0.0,1.0876,0.0,0.0,0.0
2017-05-04,0.0,1.0876,0.0,0.0,0.0
2017-05-05,0.0,1.0876,0.0,0.0,0.0
2017-05-08,0.0,1.0876,0.0,0.0,0.0
2017-05-09,0.0,1.0876,0.0,0.0,0.0
2017-05-10,0.0,1.0876,0.0,0.0,0.0
2017-05-11,0.0,1.0876,0.0,0.0,0.0
2017-05-12,0.0,1.0876,0.0,0.0,0.0
2017-05-15,0.0,1.0876,0.0,0.0,0.0
2017-05-16,0.0,1.0876,0.0,0.0,0.0
2017-05-17,0.0,1.0876,0.0,0.0,0.0
2017-05-18,0.0,1.0876,0.0,0.0,0.0
2017-05-19,0.0,1.0876,0.0,0.0,0.0
2017-05-22,0.0,1.0876,0.0,0.0,0.0
2017-05-23,0.0,1.0876,0.0,0.0,0.0
2017-05-24,0.0,1.0876,0.0,0.0,0.0
2017-05-25,0.0,1.0876,0.0,0.0,0.0
2017-05-26,0.0,1.0876,0.0,0.0,0.0
2017-05-31,0.0,1.0876,0.0,0.0,0.0
2017-06-01,-1880.0,1.08572,0.06854934974026453,0.99211,0.073582
2017-06-02,-31930.0,1.05379,0.07185473386538115,1.00724,0.0
2017-06-05,6720.0,1.06051,0.07184298120715506,1.01396,0.0
2017-06-06,5460.0,1.06597,0.07183354128164957,1.01942,0.0
2017-06-07,-1680.0,1.06429,0.07183643555797763,1.01774,0.0
2017-06-08,-2940.0,1.06135,0.07184152258915533,1.0148,0.0
2017-06-09,-3780.0,1.05757,0.07184810461718845,1.01102,0.0
2017-06-12,1680.0,1.05925,0.07184517347179609,1.0127,0.0
2017-06-13,-4620.0,1.05463,0.07185325659235942,1.00808,0.0
2017-06-14,14550.0,1.06918,0.07002244710899942,0.99689,0.0
2017-06-15,-17020.0,1.05216,0.07143134124087593,0.99963,0.0
2017-06-16,18510.0,1.07067,0.06916640981815124,0.98616,0.0
2017-06-19,-28370.0,1.0423,0.07316607502638396,1.01369,0.0
2017-06-20,25820.0,1.06812,0.06987641837995731,0.99375,0.0
2017-06-21,-3220.0,1.0649,0.06885059630012208,0.97597,0.0
2017-06-22,-18440.0,1.04646,0.07099191560116967,0.98769,0.0
2017-06-23,26340.0,1.0728,0.06769574944071588,0.96723,0.0
2017-06-26,4010.0,1.07681,0.06761378516172771,0.96994,0.0
2017-06-27,1380.0,1.07819,0.06783386972611506,0.97444,0.0
2017-06-28,1680.0,1.07987,0.06783723966773778,0.97612,0.0
2017-06-29,1680.0,1.08155,0.036443992418288565,0.4927,0.03395700000000001
2017-06-30,0.0,1.08155,0.036443992418288565,0.4927,0.0
2017-07-03,0.0,1.08155,0.036443992418288565,0.4927,0.0
2017-07-04,0.0,1.08155,0.036443992418288565,0.4927,0.0
2017-07-05,0.0,1.08155,0.036443992418288565,0.4927,0.0
2017-07-06,4200.0,1.08575,0.10030651623301866,1.48544,0.06919780000000002
2017-07-07,20.0,1.08577,0.10035753428442488,1.48626,0.0
2017-07-10,0.0,1.08577,0.10035753428442488,1.48626,0.0
2017-07-11,-10280.0,1.07549,0.10395410464067542,1.52678,0.0
2017-07-12,-7160.0,1.06833,0.10523003191897634,1.53562,0.0
2017-07-13,1840.0,1.07017,0.10558808413616529,1.54386,0.0
2017-07-14,180.0,1.07035,0.1066023263418508,1.55964,0.0
2017-07-17,12200.0,1.08255,0.1062415592813265,1.57264,0.0
2017-07-18,-4300.0,1.07825,0.10667173661024809,1.57274,0.0
2017-07-19,8720.0,1.08697,0.10611994811264341,1.57746,0.0
2017-07-20,6380.0,1.09335,0.10450066309964788,1.56184,0.0
2017-07-21,-1460.0,1.09189,0.10403392283105442,1.55238,0.0
2017-07-24,4900.0,1.09679,0.10352446685327182,1.55168,0.0
2017-07-25,19060.0,1.11585,0.10282636555092531,1.56874,0.0
2017-07-26,1820.0,1.11767,0.10207145221755975,1.55936,0.0
2017-07-27,-3160.0,1.1145100000000001,0.10319243434334371,1.5726,0.0
2017-07-28,-4720.0,1.10979,0.10255147370223196,1.55548,0.0
2017-07-31,11920.0,1.12171,0.10260495136889214,1.5738,0.0
2017-08-01,1260.0,1.12297,0.10204475631584103,1.56666,0.0
2017-08-02,-25300.0,1.09767,0.10666138274709158,1.59868,0.07896840000000001
2017-08-03,20500.0,1.11817,0.09794713683965765,1.493465,0.14630875
2017-08-04,1395.0,1.119565,0.0986782366365508,1.50711,0.0
2017-08-07,-2405.0,1.11716,0.09858270077697018,1.502195,0.047210800000000004
2017-08-08,27355.0,1.144515,0.09550595667160326,1.49398,0.0
2017-08-09,445.0,1.14496,0.09665328919787591,1.513075,0.04837000000000001
2017-08-10,-21825.0,1.123135,0.1003965685336135,1.53962,0.0
2017-08-11,-2445.0,1.12069,0.09930422329100821,1.518625,0.0
2017-08-14,690.0,1.12138,0.09924249585332359,1.518615,0.0
2017-08-15,-7835.0,1.113545,0.0990302143155418,1.50413,0.0
2017-08-16,-1775.0,1.11177,0.09909859953047843,1.502705,0.0
2017-08-17,-8470.0,1.1033,0.10211950512100064,1.536415,0.0
2017-08-18,1060.0,1.10436,0.10235489333188454,1.541675,0.0
2017-08-21,5080.0,1.10944,0.10251590892702626,1.551655,0.0
2017-08-22,2495.0,1.111935,0.10347853066950857,1.5706,0.0
2017-08-23,1215.0,1.11315,0.10302380631541123,1.565165,0.0
2017-08-24,4095.0,1.117245,0.10288083634296864,1.56891,0.0
2017-08-25,1885.0,1.11913,0.10289112971683362,1.571845,0.0
2017-08-28,-2930.0,1.1162,0.10297746819566388,1.568915,0.0
2017-08-29,2585.0,1.118785,0.10336114624346948,1.57885,0.0
2017-08-30,645.0,1.11943,0.10336381015338164,1.579845,0.0
2017-08-31,-1440.0,1.11799,0.10682792332668452,1.633045,0.15196790000000002
2017-09-01,-4585.0,1.113405,0.10885652570268682,1.65798,0.0
2017-09-04,-835.0,1.11257,0.10923299208139713,1.662665,0.0
2017-09-05,2535.0,1.115105,0.10913626967864015,1.66508,0.0
2017-09-06,2455.0,1.11756,0.10767480045814097,1.645575,0.0
2017-09-07,145.0,1.117705,0.10679061111831836,1.63168,0.0
2017-09-08,-655.0,1.11705,0.10630835683272907,1.622985,0.0
2017-09-11,1595.0,1.118645,0.10567838769225268,1.61534,0.0
2017-09-12,-4040.0,1.114605,0.1074204763122362,1.63698,0.0
2017-09-13,4465.0,1.11907,0.10502680797447882,1.605565,0.0
2017-09-14,1150.0,1.12022,0.10367860777347307,1.585715,0.0
2017-09-15,435.0,1.120655,0.10350812694361779,1.58363,0.0
2017-09-18,520.0,1.121175,0.10370236582157112,1.58751,0.0
2017-09-19,2760.0,1.123935,0.10245370061435936,1.57155,0.0
2017-09-20,-2160.0,1.121775,0.10319761092910788,1.58031,0.0
2017-09-21,2730.0,1.124505,0.10133916701126273,1.55448,0.0
2017-09-22,-2020.0,1.122485,0.10178470090914354,1.5587,0.0
2017-09-25,16940.0,1.139425,0.09938038923141058,1.54726,0.0
2017-09-26,800.0,1.140225,0.09980179350566774,1.55526,0.0
2017-09-27,-3875.0,1.13635,0.10034694416332995,1.558585,0.0
2017-09-28,705.0,1.137055,0.034674136255502155,0.49283,0.07374500000000002
2017-09-29,0.0,1.137055,0.034674136255502155,0.49283,0.0
2017-10-09,0.0,1.137055,0.034674136255502155,0.49283,0.0
2017-10-10,0.0,1.137055,0.034674136255502155,0.49283,0.0
2017-10-11,0.0,1.137055,0.034674136255502155,0.49283,0.0
2017-10-12,0.0,1.137055,0.034674136255502155,0.49283,0.0
2017-10-13,0.0,1.137055,0.034674136255502155,0.49283,0.0
2017-10-16,0.0,1.137055,0.034674136255502155,0.49283,0.0
2017-10-17,0.0,1.137055,0.034674136255502155,0.49283,0.0
2017-10-18,0.0,1.137055,0.034674136255502155,0.49283,0.0
2017-10-19,0.0,1.137055,0.034674136255502155,0.49283,0.0
2017-10-20,0.0,1.137055,0.034674136255502155,0.49283,0.0
2017-10-23,0.0,1.137055,0.034674136255502155,0.49283,0.0
2017-10-24,0.0,1.137055,0.034674136255502155,0.49283,0.0
2017-10-25,0.0,1.137055,0.034674136255502155,0.49283,0.0
2017-10-26,0.0,1.137055,0.034674136255502155,0.49283,0.0
2017-10-27,0.0,1.137055,0.034674136255502155,0.49283,0.0
2017-10-30,0.0,1.137055,0.034674136255502155,0.49283,0.0
2017-10-31,0.0,1.137055,0.034674136255502155,0.49283,0.0
2017-11-01,0.0,1.137055,0.034674136255502155,0.49283,0.0
2017-11-02,0.0,1.137055,0.034674136255502155,0.49283,0.0
2017-11-03,0.0,1.137055,0.034674136255502155,0.49283,0.0
2017-11-06,0.0,1.137055,0.034674136255502155,0.49283,0.0
2017-11-07,0.0,1.137055,0.034674136255502155,0.49283,0.0
2017-11-08,0.0,1.137055,0.034674136255502155,0.49283,0.0
2017-11-09,0.0,1.137055,0.034674136255502155,0.49283,0.0
2017-11-10,0.0,1.137055,0.034674136255502155,0.49283,0.0
2017-11-13,0.0,1.137055,0.034674136255502155,0.49283,0.0
2017-11-14,0.0,1.137055,0.034674136255502155,0.49283,0.0
2017-11-15,-14260.0,1.122795,0.09672576026790287,1.48107,0.0712586
2017-11-16,3760.0,1.126555,0.09636813116092867,1.48051,0.0
2017-11-17,80.0,1.126635,0.0964557287852765,1.48203,0.0
2017-11-20,10780.0,1.137415,0.09684750069235944,1.50325,0.0
2017-11-21,5780.0,1.143195,0.09801232510639044,1.53027,0.072912
2017-11-22,19040.0,1.162235,0.09651266740375225,1.53203,0.0
2017-11-23,3980.0,1.166215,0.09630334029317064,1.53403,0.06868260000000001
2017-11-24,-520.0,1.165695,0.09661772590600459,1.53855,0.0
2017-11-27,-7980.0,1.157715,0.09616995547263359,1.52013,0.0
2017-11-28,5500.0,1.163215,0.09572125531393594,1.52023,0.0
2017-11-29,-5400.0,1.157815,0.09605886950851387,1.51843,0.0
2017-11-30,11180.0,1.168995,0.09557252169598673,1.52565,0.0
2017-12-01,-10380.0,1.158615,0.09778088493589328,1.54803,0.0
2017-12-04,-140.0,1.158475,0.09784950042081185,1.54897,0.0
2017-12-05,5020.0,1.163495,0.09688464497054136,1.53995,0.0
2017-12-06,520.0,1.164015,0.09700253003612495,1.54263,0.0
2017-12-07,-22820.0,1.141195,0.09641630045697712,1.50145,0.0
2017-12-08,5020.0,1.146215,0.09632259218383984,1.50683,0.0
2017-12-11,140.0,1.146355,0.09625342934780239,1.50589,0.0
2017-12-12,-7980.0,1.138375,0.09668097068189306,1.50187,0.0
2017-12-13,720.0,1.139095,0.09608584007479622,1.49318,0.1416835
2017-12-14,5720.0,1.144815,0.09524010429632736,1.4872,0.0
2017-12-15,3250.0,1.148065,0.0957710582588965,1.50033,0.0
2017-12-18,-4420.0,1.143645,0.09666636062764232,1.50891,0.0
2017-12-19,-4030.0,1.139615,0.09543512502029194,1.4833,0.0
2017-12-20,-130.0,1.139485,0.09564566448878221,1.48655,0.0
2017-12-21,-1040.0,1.138445,0.09645244170776807,1.49825,0.0
2017-12-22,0.0,1.138445,0.0978752596743804,1.52139,0.0
2017-12-25,1820.0,1.140265,0.09535678109913047,1.48291,0.0
2017-12-26,780.0,1.141045,0.09589770780293504,1.49279,0.0
2017-12-27,2210.0,1.143255,0.09537006179723685,1.4872,0.0
2017-12-28,3250.0,1.1465049999999999,0.09475841797462725,1.48161,0.0
2017-12-29,-4940.0,1.141565,0.09543950629180117,1.48603,0.0
2018-01-02,130.0,1.141695,0.09671190641984068,1.50696,0.0
2018-01-03,260.0,1.141955,0.09566988191303512,1.49032,0.0
2018-01-04,390.0,1.142345,0.09582043953446638,1.49331,0.0
2018-01-05,-1820.0,1.140525,0.0955265338331032,1.48603,0.0
2018-01-08,260.0,1.140785,0.09583979452745259,1.49149,0.0
2018-01-09,-390.0,1.140395,0.09586459077775683,1.49136,0.0
2018-01-10,-1560.0,1.138835,0.09637945795483982,1.4976,0.0
2018-01-11,-130.0,1.138705,0.03462389293100496,0.49283,0.07048860000000001
2018-01-12,0.0,1.138705,0.03462389293100496,0.49283,0.0
2018-01-15,0.0,1.138705,0.03462389293100496,0.49283,0.0
2018-01-16,0.0,1.138705,0.03462389293100496,0.49283,0.0
2018-01-17,0.0,1.138705,0.03462389293100496,0.49283,0.0
2018-01-18,0.0,1.138705,0.03462389293100496,0.49283,0.0
2018-01-19,0.0,1.138705,0.03462389293100496,0.49283,0.0
2018-01-22,0.0,1.138705,0.03462389293100496,0.49283,0.0
2018-01-23,0.0,1.138705,0.03462389293100496,0.49283,0.0
2018-01-24,0.0,1.138705,0.03462389293100496,0.49283,0.0
2018-01-25,0.0,1.138705,0.03462389293100496,0.49283,0.0
2018-01-26,0.0,1.138705,0.03462389293100496,0.49283,0.0
2018-01-29,0.0,1.138705,0.03462389293100496,0.49283,0.0
2018-01-30,0.0,1.138705,0.03462389293100496,0.49283,0.0
2018-01-31,0.0,1.138705,0.03462389293100496,0.49283,0.0
2018-02-01,1800.0,1.140505,0.09615670251336031,1.49627,0.07096180000000002
2018-02-02,-1185.0,1.13932,0.09596088017413895,1.491455,0.0
2018-02-05,-4125.0,1.135195,0.09690308713480943,1.50108,0.0
2018-02-06,-630.0,1.134565,0.09634793951867016,1.49121,0.0
2018-02-07,4800.0,1.139365,0.09549354245566609,1.48391,0.0
2018-02-08,2185.0,1.14155,0.09499281678419691,1.478725,0.0
2018-02-09,-2195.0,1.1393550000000001,0.09503420795098981,1.47642,0.0
2018-02-12,-1575.0,1.13778,0.09483199739844257,1.470995,0.0
2018-02-13,-1055.0,1.136725,0.09486181794189447,1.47005,0.0
2018-02-14,-960.0,1.135765,0.0957099399963901,1.48251,0.0
2018-02-22,1670.0,1.137435,0.09537432908254098,1.47934,0.0
2018-02-23,2290.0,1.1397249999999999,0.09547197788940313,1.48405,0.0
2018-02-26,3920.0,1.143645,0.0947517804913238,1.47763,0.0
2018-02-27,-2020.0,1.141625,0.09455276469944157,1.47165,0.0
2018-02-28,1375.0,1.143,0.09435481189851268,1.470275,0.0
2018-03-01,2985.0,1.145985,0.09511782440433339,1.48679,0.0
2018-03-02,-2200.0,1.143785,0.09509881664823372,1.48349,0.0
2018-03-05,700.0,1.144485,0.09447795296574442,1.47429,0.0
2018-03-06,-3275.0,1.14121,0.09491929618562754,1.477065,0.0
2018-03-07,985.0,1.142195,0.09437871816983964,1.46958,0.0
2018-03-08,-550.0,1.141645,0.03453472839630533,0.49283,0.06841100000000001
2018-03-09,0.0,1.141645,0.03453472839630533,0.49283,0.0
2018-03-12,0.0,1.141645,0.03453472839630533,0.49283,0.0
2018-03-13,0.0,1.141645,0.03453472839630533,0.49283,0.0
2018-03-14,0.0,1.141645,0.03453472839630533,0.49283,0.0
2018-03-15,0.0,1.141645,0.03453472839630533,0.49283,0.0
2018-03-16,0.0,1.141645,0.03453472839630533,0.49283,0.0
2018-03-19,0.0,1.141645,0.03453472839630533,0.49283,0.0
2018-03-20,0.0,1.141645,0.03453472839630533,0.49283,0.0
2018-03-21,0.0,1.141645,0.03453472839630533,0.49283,0.0
2018-03-22,0.0,1.141645,0.03453472839630533,0.49283,0.0
2018-03-23,0.0,1.141645,0.03453472839630533,0.49283,0.0
2018-03-26,-8120.0,1.1335250000000001,0.10038261176418695,1.42917,0.0749754
2018-03-27,9260.0,1.142785,0.09982595151318928,1.43159,0.06940080000000001
2018-03-28,500.0,1.143285,0.09919189003616771,1.42309,0.0
2018-03-29,2740.0,1.146025,0.10006832311686045,1.43675,0.08118
2018-03-30,2820.0,1.1488450000000001,0.10057005079014139,1.44713,0.0
2018-04-02,-4040.0,1.144805,0.1008086093264792,1.44597,0.0
2018-04-03,-6340.0,1.138465,0.10094469307356836,1.44071,0.0
2018-04-04,1260.0,1.1397249999999999,0.10025032354295993,1.43225,0.0
2018-04-09,6380.0,1.146105,0.09991684880530144,1.43467,0.0
2018-04-10,160.0,1.146265,0.10061896681831863,1.44491,0.0
2018-04-11,-6520.0,1.139745,0.10103347678647416,1.44343,0.0
2018-04-12,-1260.0,1.138485,0.10122276534166019,1.44469,0.0
2018-04-13,2980.0,1.141465,0.10091592821505696,1.44371,0.0
2018-04-16,-15160.0,1.126305,0.10111399665277168,1.42927,0.0
2018-04-17,-5580.0,1.120725,0.10170898302438154,1.43125,0.0
2018-04-18,760.0,1.121485,0.10216329242031771,1.43849,0.0
2018-04-19,16400.0,1.137885,0.10300039107642689,1.46929,0.0
2018-04-20,-5580.0,1.1323050000000001,0.1025811949960479,1.45687,0.0
2018-04-23,2120.0,1.134425,0.10296388037992817,1.46475,0.0
2018-04-24,-6720.0,1.127705,0.10314328658647431,1.45947,0.0
2018-04-25,1800.0,1.129505,0.034905910111066356,0.49283,0.0770508
2018-04-26,0.0,1.129505,0.034905910111066356,0.49283,0.0
2018-04-27,0.0,1.129505,0.034905910111066356,0.49283,0.0
2018-05-02,3380.0,1.132885,0.03456308451431522,0.48945,0.0
2018-05-03,0.0,1.132885,0.03456308451431522,0.48945,0.0
2018-05-04,-4420.0,1.128465,0.06637653804061269,1.00013,0.0354382
2018-05-07,-2040.0,1.126425,0.06662352131744234,1.00217,0.0
2018-05-08,680.0,1.127105,0.06654109421926085,1.00149,0.0
2018-05-09,0.0,1.127105,0.06654109421926085,1.00149,0.0
2018-05-10,-13590.0,1.113515,0.06830208843167807,1.01508,0.0
2018-05-11,-3060.0,1.110455,0.0686831974280813,1.01814,0.0
2018-05-14,2040.0,1.112495,0.06842889181524411,1.0161,0.0
2018-05-15,-680.0,1.111815,0.06851355666185471,1.01678,0.0
2018-05-16,-1020.0,1.110795,0.06864074829288933,1.0178,0.0
2018-05-17,-1360.0,1.109435,0.06881070094237157,1.01916,0.0
2018-05-18,-30260.0,1.079175,0.0727029443788079,1.04942,0.0
2018-05-21,-7140.0,1.072035,0.07365337885423517,1.05656,0.0
2018-05-22,680.0,1.072715,0.07356231617904103,1.05588,0.0
2018-05-23,9860.0,1.082575,0.07225476294944924,1.04602,0.0
2018-05-24,1020.0,1.083595,0.07212085696224144,1.045,0.0
2018-05-25,2720.0,1.086315,0.07176500370518679,1.04228,0.0
2018-05-28,11900.0,1.098215,0.070228871395856,1.03038,0.0
2018-05-29,-1360.0,1.096855,0.07040274238618596,1.03174,0.0
2018-05-30,2040.0,1.098895,0.07014209728863996,1.0297,0.0
2018-05-31,-4420.0,1.094475,0.07070805637406063,1.03412,0.0
2018-06-01,-3060.0,1.091415,0.0711025595213553,1.03718,0.0
2018-06-04,-5440.0,1.085975,0.07180938787725318,1.04262,0.0
2018-06-05,3060.0,1.089035,0.07141092802343359,1.03956,0.0
2018-06-06,-9520.0,1.079515,0.07265799919408254,1.04908,0.0
2018-06-07,-6120.0,1.073395,0.07347136888098044,1.0552,0.0
2018-06-08,12580.0,1.085975,0.07180938787725318,1.04262,0.0
2018-06-11,-340.0,1.085635,0.07185379984985746,1.04296,0.0
2018-06-12,-7480.0,1.078155,0.07283795001646332,1.05044,0.0
2018-06-13,15300.0,1.093455,0.07083931208874623,1.03514,0.0
2018-06-14,-680.0,1.092775,0.07092695202580587,1.03582,0.0
2018-06-15,-2040.0,1.090735,0.07119052748834502,1.03786,0.0
2018-06-19,17340.0,1.108075,0.06898107077589515,1.02052,0.0
2018-06-20,-4080.0,1.103995,0.06949469879845471,1.0246,0.0
2018-06-21,3400.0,1.107395,0.06906641261699756,1.0212,0.0
2018-06-22,5780.0,1.113175,0.06834433040627036,1.01542,0.0
2018-06-25,-8160.0,1.105015,0.06936593620901073,1.02358,0.0
2018-06-26,0.0,1.105015,0.06936593620901073,1.02358,0.0
2018-06-27,-10540.0,1.094475,0.07070805637406063,1.03412,0.0
2018-06-28,-4080.0,1.090395,0.07123455261625375,1.0382,0.0
2018-06-29,-6120.0,1.084275,0.07203172626870491,1.04432,0.0
2018-07-02,-1020.0,1.083255,0.03692426990874725,0.49998,0.038175200000000006
2018-07-03,0.0,1.083255,0.03692426990874725,0.49998,0.0
2018-07-04,0.0,1.083255,0.03692426990874725,0.49998,0.0
2018-07-05,0.0,1.083255,0.03692426990874725,0.49998,0.0
2018-07-06,0.0,1.083255,0.03692426990874725,0.49998,0.0
2018-07-09,0.0,1.083255,0.03692426990874725,0.49998,0.0
2018-07-10,0.0,1.083255,0.03692426990874725,0.49998,0.0
2018-07-11,0.0,1.083255,0.03692426990874725,0.49998,0.0
2018-07-12,0.0,1.083255,0.03692426990874725,0.49998,0.0
2018-07-13,0.0,1.083255,0.03692426990874725,0.49998,0.0
2018-07-16,0.0,1.083255,0.0,0.0,0.0399984
2018-07-17,-12740.0,1.0705149999999999,0.06805079798041129,0.97103,0.0740486
2018-07-18,2340.0,1.0728550000000001,0.06803491618159024,0.97277,0.0
2018-07-19,7560.0,1.080415,0.06820194092084986,0.98153,0.0
2018-07-20,4160.0,1.084575,0.06903552082613006,0.99709,0.0
2018-07-23,2100.0,1.086675,0.06876683461016404,0.99499,0.0
2018-07-24,6450.0,1.093125,0.06969761006289309,1.01404,0.0
2018-07-25,5280.0,1.098405,0.07027972378130107,1.02712,0.0
2018-07-26,7560.0,1.105965,0.06973584155013947,1.02568,0.0
2018-07-27,3000.0,1.108965,0.06935782463828885,1.02268,0.0
2018-07-30,-5210.0,1.103755,0.0704083786709913,1.03367,0.0
2018-07-31,-670.0,1.103085,0.07023937411894822,1.0306,0.0
2018-08-01,1530.0,1.104615,0.06886779556678119,1.01173,0.0
2018-08-02,-570.0,1.104045,0.06914736265279042,1.01536,0.0
2018-08-03,3530.0,1.107575,0.07052271855179108,1.03869,0.0
2018-08-06,-1790.0,1.105785,0.07058876725584087,1.0381,0.0
2018-08-07,-370.0,1.105415,0.07245821704970531,1.06533,0.0
2018-08-08,-7290.0,1.098125,0.07208031872509961,1.05324,0.0
2018-08-09,1700.0,1.099825,0.07139699497647355,1.04474,0.0
2018-08-10,-3170.0,1.096655,0.07108488996083545,1.03737,0.0
2018-08-13,-2320.0,1.094335,0.07217625315831075,1.05125,0.0
2018-08-14,3580.0,1.097915,0.0618582039593229,0.970215,0.14735995000000002
2018-08-15,1655.0,1.09957,0.062166483261638636,0.97652,0.0
2018-08-16,-7510.0,1.09206,0.062865776605681,0.98076,0.0
2018-08-17,-6565.0,1.085495,0.06390923035113012,0.991045,0.0
2018-08-20,8045.0,1.09354,0.06387722442709,0.99789,0.0
2018-08-21,3670.0,1.09721,0.062369737789484236,0.97761,0.0
2018-08-22,5580.0,1.10279,0.06286854251489404,0.99044,0.0
2018-08-23,5850.0,1.10864,0.06112561336412181,0.96809,0.0
2018-08-24,-4990.0,1.10365,0.061434331536266026,0.9686,0.0
2018-08-27,-2890.0,1.10076,0.06123378393110215,0.96291,0.0
2018-08-28,-5435.0,1.0953249999999999,0.0620146988336795,0.970375,0.0
2018-08-29,-6440.0,1.088885,0.06195461412362187,0.963735,0.0
2018-08-30,15195.0,1.10408,0.060407398014636626,0.95278,0.0
2018-08-31,-1115.0,1.102965,0.059985176320191486,0.945165,0.0
2018-09-03,640.0,1.103605,0.05911249949030677,0.931955,0.0
2018-09-04,-1395.0,1.10221,0.05946707070340498,0.93636,0.0
2018-09-05,1095.0,1.103305,0.059594898962662186,0.939305,0.0
2018-09-06,5825.0,1.10913,0.05992724026940035,0.94953,0.0
2018-09-07,2460.0,1.11159,0.059417411095817704,0.94354,0.0
2018-09-10,935.0,1.112525,0.06054627985887957,0.962275,0.0
2018-09-11,710.0,1.113235,0.0,0.0,0.06732495
2018-09-12,0.0,1.113235,0.0,0.0,0.0
2018-09-13,0.0,1.113235,0.0,0.0,0.0
2018-09-14,0.0,1.113235,0.0,0.0,0.0
2018-09-17,0.0,1.113235,0.0,0.0,0.0
2018-09-18,0.0,1.113235,0.0,0.0,0.0
2018-09-19,0.0,1.113235,0.0,0.0,0.0
2018-09-20,0.0,1.113235,0.0,0.0,0.0
2018-09-21,0.0,1.113235,0.0,0.0,0.0
2018-09-25,0.0,1.113235,0.0,0.0,0.0
2018-09-26,0.0,1.113235,0.0,0.0,0.0
2018-09-27,0.0,1.113235,0.0,0.0,0.0
2018-09-28,0.0,1.113235,0.0,0.0,0.0
2018-10-08,0.0,1.113235,0.0,0.0,0.0
2018-10-09,0.0,1.113235,0.0,0.0,0.0
2018-10-10,0.0,1.113235,0.0,0.0,0.0
2018-10-11,-245.0,1.11299,0.0595348116335277,0.946595,0.06652450000000001
2018-10-12,2130.0,1.1151200000000001,0.05947570665040534,0.947465,0.0
2018-10-15,4725.0,1.119845,0.05864811648040577,0.93824,0.0
2018-10-16,-465.0,1.11938,0.05795114259679466,0.926705,0.0
2018-10-17,-1515.0,1.117865,0.058030620871035415,0.92672,0.0
2018-10-18,-840.0,1.117025,0.058314898950336834,0.93056,0.0
2018-10-19,5065.0,1.12209,0.057766890356388524,0.925995,0.0
2018-10-22,4940.0,1.12703,0.05736213765383353,0.923555,0.0
2018-10-23,-795.0,1.126235,0.05735881055019601,0.92285,0.0
2018-10-24,3055.0,1.12929,0.05723122492893765,0.923295,0.0
2018-10-25,2005.0,1.131295,0.05620134447690479,0.90829,0.0
2018-10-26,-7135.0,1.12416,0.056690995943637926,0.910425,0.0
2018-10-29,1020.0,1.12518,0.05582960059723778,0.897405,0.0
2018-10-30,-3045.0,1.122135,0.05579676242163377,0.89445,0.0
2018-10-31,-8260.0,1.113875,0.056415396700707,0.89771,0.0
2018-11-01,2070.0,1.115945,0.0556163610213765,0.88664,0.0
2018-11-02,1380.0,1.117325,0.05640095764437385,0.90026,0.0
2018-11-05,1445.0,1.11877,0.05630026725779204,0.899815,0.0
2018-11-06,-1865.0,1.116905,0.056260469780330474,0.89768,0.0
2018-11-07,1095.0,1.1179999999999999,0.05604288908765654,0.895085,0.0
2018-11-08,2674.999999999991,1.120675,0.06247627545898678,0.93548,0.1324945
2018-11-09,-470.0,1.120205,0.062216201498832814,0.93107,0.0
2018-11-12,-5140.000000000009,1.115065,0.06201208001327277,0.92405,0.0
2018-11-13,7839.999999999982,1.122905,0.06124569754342532,0.91833,0.0
2018-11-14,-7279.999999999964,1.115625,0.06149118207282914,0.91553,0.0
2018-11-15,1539.9999999999727,1.117165,0.06124977062475105,0.91363,0.0
2018-11-16,-2709.999999999982,1.114455,0.062039831128219626,0.92358,0.0
2018-11-19,-2330.000000000009,1.112125,0.061486343711363384,0.91335,0.0
2018-11-20,-5110.0,1.107015,0.06097315754529071,0.90206,0.0
2018-11-21,-5939.999999999991,1.101075,0.06040242490293577,0.88808,0.0
2018-11-22,1279.9999999999727,1.102355,0.05998684634260289,0.88304,0.0
2018-11-23,630.0000000000182,1.1029849999999999,0.05894069275647448,0.86741,0.0
2018-11-26,5780.0,1.108765,0.0580664974092797,0.85723,0.0
2018-11-27,-3359.999999999982,1.105405,0.05788837575368304,0.85263,0.0
2018-11-28,1410.0,1.1068149999999999,0.05867665327990676,0.86566,0.0
2018-11-29,1189.9999999999636,1.108005,0.058154340458752445,0.85839,0.0
2018-11-30,-4789.999999999991,1.103215,0.05817696459892224,0.85291,0.0687535
2018-12-03,-7389.999999999973,1.095825,0.05858435425364452,0.85346,0.0
2018-12-04,11069.99999999999,1.106895,0.0590662167594939,0.87023,0.0
2018-12-05,-3450.000000000018,1.103445,0.059730752325670974,0.87748,0.0
2018-12-06,-209.9999999999909,1.103235,0.06524158497509597,1.02824,0.1146285
2018-12-07,-9860.000000000007,1.093375,0.06728963073053619,1.05104,0.0
2018-12-10,4135.000000000007,1.09751,0.06599169939226067,1.034665,0.0
2018-12-11,724.99999999998,1.0982349999999999,0.06511029060264881,1.02152,0.0
2018-12-12,-1505.0000000000068,1.09673,0.06550759986505339,1.026345,0.023696400000000003
2018-12-13,4600.000000000007,1.10133,0.06641873916083282,1.044985,0.0
2018-12-14,2510.000000000007,1.10384,0.06633429663719381,1.046035,0.0
2018-12-17,289.9999999999932,1.10413,0.06651657866374432,1.049185,0.0
2018-12-18,1540.0,1.10567,0.06613523926668899,1.044625,0.0
2018-12-19,610.0000000000068,1.10628,0.06639932928372565,1.049375,0.0
2018-12-20,670.0000000000068,1.1069499999999999,0.06625859343240437,1.047785,0.0
2018-12-21,-3370.000000000007,1.10358,0.0663588049801555,1.046175,0.0
2018-12-24,-7025.0,1.096555,0.06637058788660853,1.0397,0.0
2018-12-25,3320.0000000000073,1.099875,0.06462752585521082,1.01546,0.0
2018-12-26,1214.9999999999795,1.10109,0.0648070094179404,1.019405,0.0
2018-12-27,940.0000000000273,1.10203,0.06501851129279602,1.023605,0.0
2018-12-28,279.99999999997954,1.10231,0.06517726410900745,1.026365,0.0
2019-01-02,470.00000000001364,1.10278,0.06458772375269774,1.017515,0.0
2019-01-03,904.9999999999932,1.103685,0.06518898055151606,1.02783,0.0
2019-01-04,3645.0000000000073,1.10733,0.0656150831278842,1.037965,0.0
2019-01-07,-2415.000000000007,1.104915,0.06553897811143844,1.0345,0.09838220000000002
2019-01-08,-1600.0,1.103315,0.06527872819638997,1.0289,0.0
2019-01-09,200.0,1.103515,0.06502584921818008,1.0251,0.0
2019-01-10,1000.0,1.104515,0.0646754457838961,1.0205,0.0
2019-01-11,2500.0,1.107015,0.06494040279490342,1.027,0.0
2019-01-14,-200.0,1.106815,0.06473710602042798,1.0236,0.0
2019-01-15,500.0,1.107315,0.0646383368779435,1.0225,0.0
2019-01-16,-2000.0,1.105315,0.06548992821051013,1.0341,0.0
2019-01-17,-1300.0,1.104015,0.0658396851492054,1.0384,0.0
2019-01-18,3200.0,1.107215,0.06620575046400203,1.0472,0.0
2019-01-21,1000.0,1.108215,0.06615864250168063,1.0474,0.0
2019-01-22,-9300.0,1.098915,0.06658476770268856,1.0453,0.0
2019-01-23,1800.0,1.100715,0.06659035263442399,1.0471,0.0
2019-01-24,800.0,1.101515,0.06618611639423884,1.0415,0.0
2019-01-25,900.0,1.102415,0.0661892300086628,1.0424,0.0
2019-01-28,1100.0,1.103515,0.06578705318912748,1.0371,0.0
2019-01-29,-2100.0,1.101415,0.06562648956115542,1.0326,0.0
2019-01-30,700.0,1.102115,0.06649306106894472,1.0469,0.0
2019-01-31,2600.0,1.1047150000000001,0.0665520066261434,1.0503,0.0
2019-02-01,-300.0,1.104415,0.0665510700234966,1.05,0.0
2019-02-11,18160.0,1.122575,0.06891869140146538,1.03272,0.1485486
2019-02-12,1360.0,1.123935,0.06923104983829137,1.03856,0.0
2019-02-13,25820.0,1.149755,0.06730199042404686,1.0311,0.0
2019-02-14,3780.0,1.153535,0.06809260230508828,1.0464,0.0
2019-02-15,7980.0,1.161515,0.0665627219622648,1.02942,0.0
2019-02-18,-1100.0,1.160415,0.06783228413972588,1.04816,0.0
2019-02-19,-1660.0,1.158755,0.06740061531557577,1.0401,0.0
2019-02-20,-6640.0,1.152115,0.06753631364924509,1.03666,0.0
2019-02-21,-6180.0,1.145935,0.06910269779699547,1.05544,0.0
2019-02-22,-300.0,1.145635,0.06935123315890315,1.05898,0.0
2019-02-25,-4220.0,1.141415,0.06771384640993855,1.03044,0.0
2019-02-26,-9480.0,1.131935,0.0674837336066117,1.01904,0.0
2019-02-27,3160.0,1.135095,0.06819517309123906,1.03244,0.0
2019-02-28,5180.0,1.140275,0.0685855605007564,1.04274,0.0
2019-03-01,-13180.0,1.127095,0.07224235756524516,1.08652,0.0
2019-03-04,-5440.0,1.121655,0.07139164894731448,1.06892,0.0
2019-03-05,6620.0,1.128275,0.07101672907757418,1.06914,0.0
2019-03-06,2400.0,1.130675,0.0709084396488823,1.06962,0.0
2019-03-07,10100.0,1.140775,0.0693058666257588,1.05412,0.0
2019-03-08,-8700.0,1.132075,0.06858768191153412,1.03582,0.0
2019-03-11,-4380.0,1.1276950000000001,0.0,0.0,0.077008
2019-03-12,0.0,1.1276950000000001,0.0,0.0,0.0
2019-03-13,0.0,1.1276950000000001,0.0,0.0,0.0
2019-03-14,0.0,1.1276950000000001,0.0,0.0,0.0
2019-03-15,0.0,1.1276950000000001,0.0,0.0,0.0
2019-03-18,0.0,1.1276950000000001,0.0,0.0,0.0
2019-03-19,0.0,1.1276950000000001,0.0,0.0,0.0
2019-03-20,0.0,1.1276950000000001,0.0,0.0,0.0
2019-03-21,0.0,1.1276950000000001,0.0,0.0,0.0
2019-03-22,0.0,1.1276950000000001,0.0,0.0,0.0
2019-03-25,0.0,1.1276950000000001,0.0,0.0,0.0
2019-03-26,0.0,1.1276950000000001,0.0,0.0,0.0
2019-03-27,0.0,1.1276950000000001,0.0,0.0,0.0
2019-03-28,0.0,1.1276950000000001,0.0,0.0,0.0
2019-03-29,0.0,1.1276950000000001,0.0,0.0,0.0
2019-04-01,0.0,1.1276950000000001,0.0,0.0,0.0
2019-04-02,1105.0,1.1288,0.06373671155209072,1.0278,0.07127715000000001
2019-04-03,-10630.0,1.11817,0.06533612956884911,1.04367,0.0
