日期,LL华东
2013-01-04,11375.0
2013-01-07,11450.0
2013-01-08,11375.0
2013-01-09,11300.0
2013-01-10,11275.0
2013-01-11,11225.0
2013-01-14,11225.0
2013-01-15,11200.0
2013-01-16,11200.0
2013-01-17,11175.0
2013-01-18,11175.0
2013-01-21,11175.0
2013-01-22,11125.0
2013-01-23,11125.0
2013-01-24,11125.0
2013-01-25,11125.0
2013-01-28,11125.0
2013-01-29,11225.0
2013-01-30,11225.0
2013-01-31,11225.0
2013-02-01,11225.0
2013-02-04,11225.0
2013-02-05,11225.0
2013-02-06,11225.0
2013-02-07,11225.0
2013-02-08,11225.0
2013-02-18,11175.0
2013-02-19,11175.0
2013-02-20,11200.0
2013-02-21,11125.0
2013-02-22,11100.0
2013-02-25,11150.0
2013-02-26,11100.0
2013-02-27,11100.0
2013-02-28,11100.0
2013-03-01,11050.0
2013-03-04,11050.0
2013-03-05,10925.0
2013-03-06,10925.0
2013-03-07,10850.0
2013-03-08,10800.0
2013-03-11,10800.0
2013-03-12,10600.0
2013-03-13,10600.0
2013-03-14,10600.0
2013-03-15,10600.0
2013-03-18,10650.0
2013-03-19,10750.0
2013-03-20,10850.0
2013-03-21,10850.0
2013-03-22,10875.0
2013-03-25,10850.0
2013-03-26,10850.0
2013-03-27,10850.0
2013-03-28,10800.0
2013-03-29,10800.0
2013-04-01,10750.0
2013-04-02,10700.0
2013-04-03,10700.0
2013-04-08,10650.0
2013-04-09,10650.0
2013-04-10,10650.0
2013-04-11,10650.0
2013-04-12,10650.0
2013-04-15,10450.0
2013-04-16,10200.0
2013-04-17,10200.0
2013-04-18,10200.0
2013-04-19,10200.0
2013-04-22,10200.0
2013-04-23,10250.0
2013-04-24,10250.0
2013-04-25,10300.0
2013-04-26,10300.0
2013-05-02,10350.0
2013-05-03,10400.0
2013-05-06,10500.0
2013-05-07,10550.0
2013-05-08,10550.0
2013-05-09,10600.0
2013-05-10,10600.0
2013-05-13,10650.0
2013-05-14,10600.0
2013-05-15,10600.0
2013-05-16,10550.0
2013-05-17,10550.0
2013-05-20,10550.0
2013-05-21,10600.0
2013-05-22,10600.0
2013-05-23,10550.0
2013-05-24,10550.0
2013-05-27,10550.0
2013-05-28,10550.0
2013-05-29,10550.0
2013-05-30,10550.0
2013-05-31,10550.0
2013-06-03,10550.0
2013-06-04,10600.0
2013-06-05,10650.0
2013-06-06,10700.0
2013-06-07,10700.0
2013-06-13,10775.0
2013-06-14,10775.0
2013-06-17,10850.0
2013-06-18,10800.0
2013-06-19,10800.0
2013-06-20,10750.0
2013-06-21,10700.0
2013-06-24,10650.0
2013-06-25,10600.0
2013-06-26,10600.0
2013-06-27,10550.0
2013-06-28,10550.0
2013-07-01,10550.0
2013-07-02,10600.0
2013-07-03,10650.0
2013-07-04,10700.0
2013-07-05,10700.0
2013-07-08,10750.0
2013-07-09,10800.0
2013-07-10,10800.0
2013-07-11,10850.0
2013-07-12,10900.0
2013-07-15,10900.0
2013-07-16,10900.0
2013-07-17,10925.0
2013-07-18,10900.0
2013-07-19,10950.0
2013-07-22,10975.0
2013-07-23,11025.0
2013-07-24,11100.0
2013-07-25,11175.0
2013-07-26,11200.0
2013-07-29,11150.0
2013-07-30,11150.0
2013-07-31,11200.0
2013-08-01,11300.0
2013-08-02,11400.0
2013-08-05,11450.0
2013-08-06,11550.0
2013-08-07,11500.0
2013-08-08,11500.0
2013-08-09,11450.0
2013-08-12,11350.0
2013-08-13,11400.0
2013-08-14,11350.0
2013-08-15,11350.0
2013-08-16,11300.0
2013-08-19,11300.0
2013-08-20,11350.0
2013-08-21,11350.0
2013-08-22,11350.0
2013-08-23,11200.0
2013-08-26,11200.0
2013-08-27,11350.0
2013-08-28,11400.0
2013-08-29,11500.0
2013-08-30,11550.0
2013-09-02,11550.0
2013-09-03,11550.0
2013-09-04,11550.0
2013-09-05,11650.0
2013-09-06,11650.0
2013-09-09,11850.0
2013-09-10,11800.0
2013-09-11,11800.0
2013-09-12,11750.0
2013-09-13,11700.0
2013-09-16,11650.0
2013-09-17,11600.0
2013-09-18,11600.0
2013-09-23,11350.0
2013-09-24,11350.0
2013-09-25,11350.0
2013-09-26,11300.0
2013-09-27,11350.0
2013-10-08,11550.0
2013-10-09,11600.0
2013-10-10,11750.0
2013-10-11,11800.0
2013-10-14,11900.0
2013-10-15,11800.0
2013-10-16,11800.0
2013-10-17,11700.0
2013-10-18,11700.0
2013-10-21,11700.0
2013-10-22,11500.0
2013-10-23,11500.0
2013-10-24,11550.0
2013-10-25,11550.0
2013-10-28,11650.0
2013-10-29,11750.0
2013-10-30,11800.0
2013-10-31,11800.0
2013-11-01,11800.0
2013-11-04,11850.0
2013-11-05,11850.0
2013-11-06,11850.0
2013-11-07,11750.0
2013-11-08,11700.0
2013-11-11,11750.0
2013-11-12,11800.0
2013-11-13,11800.0
2013-11-14,11800.0
2013-11-15,11850.0
2013-11-18,11850.0
2013-11-19,11900.0
2013-11-20,11900.0
2013-11-21,11900.0
2013-11-22,11950.0
2013-11-25,12000.0
2013-11-26,12000.0
2013-11-27,12050.0
2013-11-28,12050.0
2013-11-29,12100.0
2013-12-02,12150.0
2013-12-03,12150.0
2013-12-04,12300.0
2013-12-05,12300.0
2013-12-06,12350.0
2013-12-09,12350.0
2013-12-10,12350.0
2013-12-11,12350.0
2013-12-12,12250.0
2013-12-13,12100.0
2013-12-16,12000.0
2013-12-17,12000.0
2013-12-18,12000.0
2013-12-19,12000.0
2013-12-20,12000.0
2013-12-23,11950.0
2013-12-24,12000.0
2013-12-25,12000.0
2013-12-26,12050.0
2013-12-27,12050.0
2013-12-30,12100.0
2013-12-31,12100.0
2014-01-02,12100.0
2014-01-03,12100.0
2014-01-06,12100.0
2014-01-07,12100.0
2014-01-08,12100.0
2014-01-09,12000.0
2014-01-10,12000.0
2014-01-13,11900.0
2014-01-14,11850.0
2014-01-15,11800.0
2014-01-16,11800.0
2014-01-17,11800.0
2014-01-20,11700.0
2014-01-21,11700.0
2014-01-22,11600.0
2014-01-23,11600.0
2014-01-24,11600.0
2014-01-27,11500.0
2014-01-28,11500.0
2014-01-29,11500.0
2014-01-30,11500.0
2014-02-07,11500.0
2014-02-10,11400.0
2014-02-11,11350.0
2014-02-12,11100.0
2014-02-13,11100.0
2014-02-14,11050.0
2014-02-17,10900.0
2014-02-18,10750.0
2014-02-19,10750.0
2014-02-20,10950.0
2014-02-21,11100.0
2014-02-24,11100.0
2014-02-25,11200.0
2014-02-26,11200.0
2014-02-27,11100.0
2014-02-28,11100.0
2014-03-03,11050.0
2014-03-04,11050.0
2014-03-05,10950.0
2014-03-06,10900.0
2014-03-07,10900.0
2014-03-10,10750.0
2014-03-11,10800.0
2014-03-12,10900.0
2014-03-13,10950.0
2014-03-14,10950.0
2014-03-17,11050.0
2014-03-18,11100.0
2014-03-19,11050.0
2014-03-20,11125.0
2014-03-21,11125.0
2014-03-24,11125.0
2014-03-25,11175.0
2014-03-26,11225.0
2014-03-27,11225.0
2014-03-28,11275.0
2014-03-31,11325.0
2014-04-01,11400.0
2014-04-02,11500.0
2014-04-03,11525.0
2014-04-04,11575.0
2014-04-08,11575.0
2014-04-09,11550.0
2014-04-10,11525.0
2014-04-11,11525.0
2014-04-14,11575.0
2014-04-15,11650.0
2014-04-16,11700.0
2014-04-17,11775.0
2014-04-18,11875.0
2014-04-21,11900.0
2014-04-22,11950.0
2014-04-23,11950.0
2014-04-24,11950.0
2014-04-25,11900.0
2014-04-28,11850.0
2014-04-29,11850.0
2014-04-30,11850.0
2014-05-05,11850.0
2014-05-06,11850.0
2014-05-07,11850.0
2014-05-08,11850.0
2014-05-09,11850.0
2014-05-12,11850.0
2014-05-13,11850.0
2014-05-14,11850.0
2014-05-15,11750.0
2014-05-16,11650.0
2014-05-19,11650.0
2014-05-20,11675.0
2014-05-21,11775.0
2014-05-22,11800.0
2014-05-23,11825.0
2014-05-26,11825.0
2014-05-27,11800.0
2014-05-28,11750.0
2014-05-29,11775.0
2014-05-30,11800.0
2014-06-03,11875.0
2014-06-04,11950.0
2014-06-05,11950.0
2014-06-06,11950.0
2014-06-09,11975.0
2014-06-10,12025.0
2014-06-11,12050.0
2014-06-12,12100.0
2014-06-13,12100.0
2014-06-16,12200.0
2014-06-17,12150.0
2014-06-18,12050.0
2014-06-19,12025.0
2014-06-20,12000.0
2014-06-23,11975.0
2014-06-24,11875.0
2014-06-25,11900.0
2014-06-26,11900.0
2014-06-27,11950.0
2014-06-30,11950.0
2014-07-01,12000.0
2014-07-02,12000.0
2014-07-03,12050.0
2014-07-04,12050.0
2014-07-07,12150.0
2014-07-08,12150.0
2014-07-09,12100.0
2014-07-10,12075.0
2014-07-11,12050.0
2014-07-14,12025.0
2014-07-15,12000.0
2014-07-16,11950.0
2014-07-17,11975.0
2014-07-18,11850.0
2014-07-21,11850.0
2014-07-22,11875.0
2014-07-23,11925.0
2014-07-24,11925.0
2014-07-25,11975.0
2014-07-28,12000.0
2014-07-29,12000.0
2014-07-30,12000.0
2014-07-31,12000.0
2014-08-01,11950.0
2014-08-04,11950.0
2014-08-05,11925.0
2014-08-06,11875.0
2014-08-07,11875.0
2014-08-08,11850.0
2014-08-11,11800.0
2014-08-12,11750.0
2014-08-13,11750.0
2014-08-14,11600.0
2014-08-15,11550.0
2014-08-18,11550.0
2014-08-19,11600.0
2014-08-20,11575.0
2014-08-21,11600.0
2014-08-22,11600.0
2014-08-25,11600.0
2014-08-26,11600.0
2014-08-27,11550.0
2014-08-28,11550.0
2014-08-29,11500.0
2014-09-01,11425.0
2014-09-02,11450.0
2014-09-03,11475.0
2014-09-04,11475.0
2014-09-05,11450.0
2014-09-09,11350.0
2014-09-10,11300.0
2014-09-11,11200.0
2014-09-12,11150.0
2014-09-15,11100.0
2014-09-16,10950.0
2014-09-17,10900.0
2014-09-18,10850.0
2014-09-19,10800.0
2014-09-22,10750.0
2014-09-23,10750.0
2014-09-24,10750.0
2014-09-25,10850.0
2014-09-26,10850.0
2014-09-29,10850.0
2014-09-30,10850.0
2014-10-08,10800.0
2014-10-09,10800.0
2014-10-10,10800.0
2014-10-13,10725.0
2014-10-14,10725.0
2014-10-15,10625.0
2014-10-16,10600.0
2014-10-17,10600.0
2014-10-20,10575.0
2014-10-21,10525.0
2014-10-22,10550.0
2014-10-23,10550.0
2014-10-24,10550.0
2014-10-27,10675.0
2014-10-28,10725.0
2014-10-29,10775.0
2014-10-30,10825.0
2014-10-31,10875.0
2014-11-03,10650.0
2014-11-04,10625.0
2014-11-05,10600.0
2014-11-06,10550.0
2014-11-07,10600.0
2014-11-10,10650.0
2014-11-11,10600.0
2014-11-12,10575.0
2014-11-13,10575.0
2014-11-14,10575.0
2014-11-17,10550.0
2014-11-18,10500.0
2014-11-19,10450.0
2014-11-20,10425.0
2014-11-21,10425.0
2014-11-24,10500.0
2014-11-25,10450.0
2014-11-26,10450.0
2014-11-27,10425.0
2014-11-28,10300.0
2014-12-01,10175.0
2014-12-02,10050.0
2014-12-03,10000.0
2014-12-04,9775.0
2014-12-05,9700.0
2014-12-08,9500.0
2014-12-09,9300.0
2014-12-10,9200.0
2014-12-11,9150.0
2014-12-12,9100.0
2014-12-15,9200.0
2014-12-16,9250.0
2014-12-17,9350.0
2014-12-18,9550.0
2014-12-19,9700.0
2014-12-22,9900.0
2014-12-23,9850.0
2014-12-24,9800.0
2014-12-25,9800.0
2014-12-26,9800.0
2014-12-29,9900.0
2014-12-30,9900.0
2014-12-31,9950.0
2015-01-05,9700.0
2015-01-06,9550.0
2015-01-07,9450.0
2015-01-08,9350.0
2015-01-09,9200.0
2015-01-12,8950.0
2015-01-13,8850.0
2015-01-14,8950.0
2015-01-15,9200.0
2015-01-16,9250.0
2015-01-19,9300.0
2015-01-20,9300.0
2015-01-21,9250.0
2015-01-22,9150.0
2015-01-23,9100.0
2015-01-26,8950.0
2015-01-27,8900.0
2015-01-28,8875.0
2015-01-29,8850.0
2015-01-30,8800.0
2015-02-02,9000.0
2015-02-03,9050.0
2015-02-04,9150.0
2015-02-05,8950.0
2015-02-06,9050.0
2015-02-09,9150.0
2015-02-10,9250.0
2015-02-11,9200.0
2015-02-12,9200.0
2015-02-13,9300.0
2015-02-16,9300.0
2015-02-17,9350.0
2015-02-25,9350.0
2015-02-26,9400.0
2015-02-27,9400.0
2015-03-02,9700.0
2015-03-03,9675.0
2015-03-04,9675.0
2015-03-05,9500.0
2015-03-06,9400.0
2015-03-09,9350.0
2015-03-10,9350.0
2015-03-11,9350.0
2015-03-12,9400.0
2015-03-13,9400.0
2015-03-16,9450.0
2015-03-17,9450.0
2015-03-18,9450.0
2015-03-19,9550.0
2015-03-20,9600.0
2015-03-23,9700.0
2015-03-24,9750.0
2015-03-25,9800.0
2015-03-26,9900.0
2015-03-27,9950.0
2015-03-30,9950.0
2015-03-31,10050.0
2015-04-01,10150.0
2015-04-02,10250.0
2015-04-03,10200.0
2015-04-07,10250.0
2015-04-08,10325.0
2015-04-09,10225.0
2015-04-10,10200.0
2015-04-13,10150.0
2015-04-14,10100.0
2015-04-15,10000.0
2015-04-16,10100.0
2015-04-17,10125.0
2015-04-20,10250.0
2015-04-21,10250.0
2015-04-22,10250.0
2015-04-23,10300.0
2015-04-24,10400.0
2015-04-27,10475.0
2015-04-28,10500.0
2015-04-29,10450.0
2015-04-30,10650.0
2015-05-04,10700.0
2015-05-05,10650.0
2015-05-06,10600.0
2015-05-07,10500.0
2015-05-08,10400.0
2015-05-11,10300.0
2015-05-12,10150.0
2015-05-13,10125.0
2015-05-14,10100.0
2015-05-15,10050.0
2015-05-18,9950.0
2015-05-19,9850.0
2015-05-20,9700.0
2015-05-21,9850.0
2015-05-22,10000.0
2015-05-25,10050.0
2015-05-26,10075.0
2015-05-27,9950.0
2015-05-28,9900.0
2015-05-29,9900.0
2015-06-01,9900.0
2015-06-02,9850.0
2015-06-03,9800.0
2015-06-04,9800.0
2015-06-05,9800.0
2015-06-08,9625.0
2015-06-09,9575.0
2015-06-10,9650.0
2015-06-11,9750.0
2015-06-12,9800.0
2015-06-15,9700.0
2015-06-16,9775.0
2015-06-17,9675.0
2015-06-18,9625.0
2015-06-19,9625.0
2015-06-23,9575.0
2015-06-24,9625.0
2015-06-25,9625.0
2015-06-26,9625.0
2015-06-29,9625.0
2015-06-30,9675.0
2015-07-01,9725.0
2015-07-02,9700.0
2015-07-03,9700.0
2015-07-06,9600.0
2015-07-07,9400.0
2015-07-08,9025.0
2015-07-09,9400.0
2015-07-10,9450.0
2015-07-13,9350.0
2015-07-14,9350.0
2015-07-15,9300.0
2015-07-16,9200.0
2015-07-17,9175.0
2015-07-20,9225.0
2015-07-21,9175.0
2015-07-22,9225.0
2015-07-23,9275.0
2015-07-24,9175.0
2015-07-27,9000.0
2015-07-28,8875.0
2015-07-29,9075.0
2015-07-30,9075.0
2015-07-31,9000.0
2015-08-03,8875.0
2015-08-04,8775.0
2015-08-05,8925.0
2015-08-06,8875.0
2015-08-07,8900.0
2015-08-10,8925.0
2015-08-11,9175.0
2015-08-12,9175.0
2015-08-13,9225.0
2015-08-14,9225.0
2015-08-17,9200.0
2015-08-18,9125.0
2015-08-19,9100.0
2015-08-20,9050.0
2015-08-21,9025.0
2015-08-24,8875.0
2015-08-25,8900.0
2015-08-26,8900.0
2015-08-27,8975.0
2015-08-28,9075.0
2015-08-31,9000.0
2015-09-01,9025.0
2015-09-02,8975.0
2015-09-07,9125.0
2015-09-08,9075.0
2015-09-09,9050.0
2015-09-10,9025.0
2015-09-11,9050.0
2015-09-14,9050.0
2015-09-15,9050.0
2015-09-16,8950.0
2015-09-17,8950.0
2015-09-18,8950.0
2015-09-21,8900.0
2015-09-22,8900.0
2015-09-23,8850.0
2015-09-24,8800.0
2015-09-25,8800.0
2015-09-28,8800.0
2015-09-29,8850.0
2015-09-30,8800.0
2015-10-08,9000.0
2015-10-09,9100.0
2015-10-12,9100.0
2015-10-13,9000.0
2015-10-14,9000.0
2015-10-15,8950.0
2015-10-16,8950.0
2015-10-19,8900.0
2015-10-20,8900.0
2015-10-21,8850.0
2015-10-22,9000.0
2015-10-23,8900.0
2015-10-26,8900.0
2015-10-27,8800.0
2015-10-28,8800.0
2015-10-29,8800.0
2015-10-30,8800.0
2015-11-02,8850.0
2015-11-03,8850.0
2015-11-04,8850.0
2015-11-05,8800.0
2015-11-06,8800.0
2015-11-09,8800.0
2015-11-10,8800.0
2015-11-11,8750.0
2015-11-12,8750.0
2015-11-13,8700.0
2015-11-16,8650.0
2015-11-17,8700.0
2015-11-18,8600.0
2015-11-19,8500.0
2015-11-20,8450.0
2015-11-23,8600.0
2015-11-24,8700.0
2015-11-25,8750.0
2015-11-26,8800.0
2015-11-27,8750.0
2015-11-30,8750.0
2015-12-01,8800.0
2015-12-02,8900.0
2015-12-03,8900.0
2015-12-04,8900.0
2015-12-07,8800.0
2015-12-08,8800.0
2015-12-09,8750.0
2015-12-10,8750.0
2015-12-11,8700.0
2015-12-14,8650.0
2015-12-15,8650.0
2015-12-16,8650.0
2015-12-17,8650.0
2015-12-18,8700.0
2015-12-21,8700.0
2015-12-22,8750.0
2015-12-23,8750.0
2015-12-24,8750.0
2015-12-25,8850.0
2015-12-28,9000.0
2015-12-29,9100.0
2015-12-30,9100.0
2015-12-31,9100.0
2016-01-04,9100.0
2016-01-05,9200.0
2016-01-06,9200.0
2016-01-07,9050.0
2016-01-08,8950.0
2016-01-11,8900.0
2016-01-12,8850.0
2016-01-13,8800.0
2016-01-14,8800.0
2016-01-15,8750.0
2016-01-18,8800.0
2016-01-19,8850.0
2016-01-20,8850.0
2016-01-21,8850.0
2016-01-22,8850.0
2016-01-25,8900.0
2016-01-26,8900.0
2016-01-27,9100.0
2016-01-28,9100.0
2016-01-29,9050.0
2016-02-01,9000.0
2016-02-02,9000.0
2016-02-03,9000.0
2016-02-04,9000.0
2016-02-05,9000.0
2016-02-15,9000.0
2016-02-16,9000.0
2016-02-17,8900.0
2016-02-18,8750.0
2016-02-19,8850.0
2016-02-22,8850.0
2016-02-23,8850.0
2016-02-24,8850.0
2016-02-25,8900.0
2016-02-26,8900.0
2016-02-29,8870.0
2016-03-01,8920.0
2016-03-02,9000.0
2016-03-03,9000.0
2016-03-04,9050.0
2016-03-07,9120.0
2016-03-08,9100.0
2016-03-09,9100.0
2016-03-10,9100.0
2016-03-11,9050.0
2016-03-14,9000.0
2016-03-15,9000.0
2016-03-16,9100.0
2016-03-17,9200.0
2016-03-18,9400.0
2016-03-21,9400.0
2016-03-22,9300.0
2016-03-23,9280.0
2016-03-24,9300.0
2016-03-25,9400.0
2016-03-28,9450.0
2016-03-29,9450.0
2016-03-30,9400.0
2016-03-31,9450.0
2016-04-01,9600.0
2016-04-05,9600.0
2016-04-06,9550.0
2016-04-07,9500.0
2016-04-08,9400.0
2016-04-11,9350.0
2016-04-12,9350.0
2016-04-13,9350.0
2016-04-14,9300.0
2016-04-15,9250.0
2016-04-18,9150.0
2016-04-19,8900.0
2016-04-20,8900.0
2016-04-21,8900.0
2016-04-22,8900.0
2016-04-25,8950.0
2016-04-26,8950.0
2016-04-27,8950.0
2016-04-28,8950.0
2016-04-29,8900.0
2016-05-03,8900.0
2016-05-04,8850.0
2016-05-05,8800.0
2016-05-06,8750.0
2016-05-09,8700.0
2016-05-10,8750.0
2016-05-11,8750.0
2016-05-12,8750.0
2016-05-13,8750.0
2016-05-16,8750.0
2016-05-17,8750.0
2016-05-18,8700.0
2016-05-19,8750.0
2016-05-20,8740.0
2016-05-23,8700.0
2016-05-24,8650.0
2016-05-25,8640.0
2016-05-26,8650.0
2016-05-27,8630.0
2016-05-30,8650.0
2016-05-31,8650.0
2016-06-01,8695.0
2016-06-02,8700.0
2016-06-03,8700.0
2016-06-06,8750.0
2016-06-07,8750.0
2016-06-08,8750.0
2016-06-13,8700.0
2016-06-14,8750.0
2016-06-15,8750.0
2016-06-16,8800.0
2016-06-17,8800.0
2016-06-20,8900.0
2016-06-21,8900.0
2016-06-22,8900.0
2016-06-23,8900.0
2016-06-24,8900.0
2016-06-27,8950.0
2016-06-28,9050.0
2016-06-29,9100.0
2016-06-30,9100.0
2016-07-01,9100.0
2016-07-04,9200.0
2016-07-05,9200.0
2016-07-06,9200.0
2016-07-07,9200.0
2016-07-08,9100.0
2016-07-11,9100.0
2016-07-12,9150.0
2016-07-13,9150.0
2016-07-14,9100.0
2016-07-15,9100.0
2016-07-18,9100.0
2016-07-19,9000.0
2016-07-20,8950.0
2016-07-21,8950.0
2016-07-22,8950.0
2016-07-25,8950.0
2016-07-26,8850.0
2016-07-27,8900.0
2016-07-28,9000.0
2016-07-29,9000.0
2016-08-01,9150.0
2016-08-02,9150.0
2016-08-03,9150.0
2016-08-04,9150.0
2016-08-05,9100.0
2016-08-08,9100.0
2016-08-09,9150.0
2016-08-10,9200.0
2016-08-11,9200.0
2016-08-12,9170.0
2016-08-15,9200.0
2016-08-16,9230.0
2016-08-17,9230.0
2016-08-18,9250.0
2016-08-19,9350.0
2016-08-22,9400.0
2016-08-23,9400.0
2016-08-24,9400.0
2016-08-25,9450.0
2016-08-26,9450.0
2016-08-29,9450.0
2016-08-30,9450.0
2016-08-31,9450.0
2016-09-01,9400.0
2016-09-02,9400.0
2016-09-05,9300.0
2016-09-06,9200.0
2016-09-07,9150.0
2016-09-08,9150.0
2016-09-09,9150.0
2016-09-12,9150.0
2016-09-13,9150.0
2016-09-14,9100.0
2016-09-19,9000.0
2016-09-20,9050.0
2016-09-21,9050.0
2016-09-22,9050.0
2016-09-23,9000.0
2016-09-26,9000.0
2016-09-27,8950.0
2016-09-28,8950.0
2016-09-29,9000.0
2016-09-30,9000.0
2016-10-10,9450.0
2016-10-11,9450.0
2016-10-12,9450.0
2016-10-13,9450.0
2016-10-14,9450.0
2016-10-17,9450.0
2016-10-18,9450.0
2016-10-19,9450.0
2016-10-20,9450.0
2016-10-21,9450.0
2016-10-24,9500.0
2016-10-25,9650.0
2016-10-26,9680.0
2016-10-27,9700.0
2016-10-28,9700.0
2016-10-31,9800.0
2016-11-01,10050.0
2016-11-02,10100.0
2016-11-03,10100.0
2016-11-04,10150.0
2016-11-07,10100.0
2016-11-08,10100.0
2016-11-09,10200.0
2016-11-10,10200.0
2016-11-11,10250.0
2016-11-14,10200.0
2016-11-15,10200.0
2016-11-16,10100.0
2016-11-17,10100.0
2016-11-18,10100.0
2016-11-21,9900.0
2016-11-22,9900.0
2016-11-23,9900.0
2016-11-24,9850.0
2016-11-25,9800.0
2016-11-28,9800.0
2016-11-29,9800.0
2016-11-30,9800.0
2016-12-01,9800.0
2016-12-02,9800.0
2016-12-05,9900.0
2016-12-06,9900.0
2016-12-07,10000.0
2016-12-08,10100.0
2016-12-09,10150.0
2016-12-12,10450.0
2016-12-13,10450.0
2016-12-14,10400.0
2016-12-15,10350.0
2016-12-16,10400.0
2016-12-19,10300.0
2016-12-20,10250.0
2016-12-21,10200.0
2016-12-22,10200.0
2016-12-23,10150.0
2016-12-26,10150.0
2016-12-27,10250.0
2016-12-28,10200.0
2016-12-29,10200.0
2016-12-30,10150.0
2017-01-03,10100.0
2017-01-04,10050.0
2017-01-05,10050.0
2017-01-06,10100.0
2017-01-09,10050.0
2017-01-10,10100.0
2017-01-11,10100.0
2017-01-12,10080.0
2017-01-13,10080.0
2017-01-16,10150.0
2017-01-17,10150.0
2017-01-18,10150.0
2017-01-19,10150.0
2017-01-20,10100.0
2017-01-23,10100.0
2017-01-24,10050.0
2017-01-25,10100.0
2017-01-26,10100.0
2017-02-03,10100.0
2017-02-06,10100.0
2017-02-07,10150.0
2017-02-08,10150.0
2017-02-09,10100.0
2017-02-10,10050.0
2017-02-13,10200.0
2017-02-14,10200.0
2017-02-15,10000.0
2017-02-16,9800.0
2017-02-17,9750.0
2017-02-20,9800.0
2017-02-21,9700.0
2017-02-22,9700.0
2017-02-23,9500.0
2017-02-24,9550.0
2017-02-27,9550.0
2017-02-28,9600.0
2017-03-01,9550.0
2017-03-02,9500.0
2017-03-03,9550.0
2017-03-06,9600.0
2017-03-07,9550.0
2017-03-08,9300.0
2017-03-09,9300.0
2017-03-10,9150.0
2017-03-13,9150.0
2017-03-14,9200.0
2017-03-15,9250.0
2017-03-16,9350.0
2017-03-17,9400.0
2017-03-20,9350.0
2017-03-21,9400.0
2017-03-22,9300.0
2017-03-23,9350.0
2017-03-24,9260.0
2017-03-27,9150.0
2017-03-28,9200.0
2017-03-29,9300.0
2017-03-30,9230.0
2017-03-31,9200.0
2017-04-05,9500.0
2017-04-06,9550.0
2017-04-07,9600.0
2017-04-10,9290.0
2017-04-11,9300.0
2017-04-12,9250.0
2017-04-13,9200.0
2017-04-14,9400.0
2017-04-17,9100.0
2017-04-18,9000.0
2017-04-19,8950.0
2017-04-20,8950.0
2017-04-21,8900.0
2017-04-24,8800.0
2017-04-25,8800.0
2017-04-26,8780.0
2017-04-27,8780.0
2017-04-28,8900.0
2017-05-02,8950.0
2017-05-03,8950.0
2017-05-04,8800.0
2017-05-05,8800.0
2017-05-08,8830.0
2017-05-09,8730.0
2017-05-10,8700.0
2017-05-11,8750.0
2017-05-12,8800.0
2017-05-15,8900.0
2017-05-16,9080.0
2017-05-17,9100.0
2017-05-18,9130.0
2017-05-19,9350.0
2017-05-22,9280.0
2017-05-23,9280.0
2017-05-24,9250.0
2017-05-25,9230.0
2017-05-26,9170.0
2017-05-31,9200.0
2017-06-01,9250.0
2017-06-02,9150.0
2017-06-05,9100.0
2017-06-06,9100.0
2017-06-07,9050.0
2017-06-08,9100.0
2017-06-09,9100.0
2017-06-12,9200.0
2017-06-13,9200.0
2017-06-14,9100.0
2017-06-15,8970.0
2017-06-16,9050.0
2017-06-19,9100.0
2017-06-20,9050.0
2017-06-21,9000.0
2017-06-22,8900.0
2017-06-23,8900.0
2017-06-26,8950.0
2017-06-27,9000.0
2017-06-28,9000.0
2017-06-29,9050.0
2017-06-30,9050.0
2017-07-03,9100.0
2017-07-04,9000.0
2017-07-05,8980.0
2017-07-06,9050.0
2017-07-07,9100.0
2017-07-10,9020.0
2017-07-11,9100.0
2017-07-12,9100.0
2017-07-13,9100.0
2017-07-14,9100.0
2017-07-17,9150.0
2017-07-18,9170.0
2017-07-19,9200.0
2017-07-20,9450.0
2017-07-21,9450.0
2017-07-24,9500.0
2017-07-25,9450.0
2017-07-26,9420.0
2017-07-27,9400.0
2017-07-28,9290.0
2017-07-31,9350.0
2017-08-01,9450.0
2017-08-02,9350.0
2017-08-03,9280.0
2017-08-04,9450.0
2017-08-07,9400.0
2017-08-08,9400.0
2017-08-09,9450.0
2017-08-10,9470.0
2017-08-11,9300.0
2017-08-14,9350.0
2017-08-15,9247.15
2017-08-16,9260.0
2017-08-17,9400.0
2017-08-18,9400.0
2017-08-21,9470.0
2017-08-22,9470.0
2017-08-23,9550.0
2017-08-24,9600.0
2017-08-25,9650.0
2017-08-28,9600.0
2017-08-29,9700.0
2017-08-30,9650.0
2017-08-31,9800.0
2017-09-01,9850.0
2017-09-04,10100.0
2017-09-05,10200.0
2017-09-06,10080.0
2017-09-07,9960.0
2017-09-08,10100.0
2017-09-11,9800.0
2017-09-12,9850.0
2017-09-13,9780.0
2017-09-14,9650.0
2017-09-15,9600.0
2017-09-18,9500.0
2017-09-19,9520.0
2017-09-20,9550.0
2017-09-21,9400.0
2017-09-22,9400.0
2017-09-25,9450.0
2017-09-26,9500.0
2017-09-27,9550.0
2017-09-28,9300.0
2017-09-29,9400.0
2017-10-09,9450.0
2017-10-10,9470.0
2017-10-11,9380.0
2017-10-12,9370.0
2017-10-13,9500.0
2017-10-16,9600.0
2017-10-17,9650.0
2017-10-18,9700.0
2017-10-19,9600.0
2017-10-20,9700.0
2017-10-23,9750.0
2017-10-24,9750.0
2017-10-25,9750.0
2017-10-26,9650.0
2017-10-27,9600.0
2017-10-30,9600.0
2017-10-31,9600.0
2017-11-01,9500.0
2017-11-02,9550.0
2017-11-03,9650.0
2017-11-06,9680.0
2017-11-07,9750.0
2017-11-08,9800.0
2017-11-09,9830.0
2017-11-10,9750.0
2017-11-13,9750.0
2017-11-14,9760.0
2017-11-15,9600.0
2017-11-16,9600.0
2017-11-17,9600.0
2017-11-20,9700.0
2017-11-21,9700.0
2017-11-22,9780.0
2017-11-23,9710.0
2017-11-24,9700.0
2017-11-27,9700.0
2017-11-28,9600.0
2017-11-29,9650.0
2017-11-30,9650.0
2017-12-01,9650.0
2017-12-04,9760.0
2017-12-05,9750.0
2017-12-06,9700.0
2017-12-07,9650.0
2017-12-08,9700.0
2017-12-11,9700.0
2017-12-12,9700.0
2017-12-13,9650.0
2017-12-14,9650.0
2017-12-15,9550.0
2017-12-18,9600.0
2017-12-19,9620.0
2017-12-20,9650.0
2017-12-21,9650.0
2017-12-22,9600.0
2017-12-25,9600.0
2017-12-26,9630.0
2017-12-27,9700.0
2017-12-28,9700.0
2017-12-29,9700.0
2018-01-02,9850.0
2018-01-03,9800.0
2018-01-04,9800.0
2018-01-05,9850.0
2018-01-08,9850.0
2018-01-09,9800.0
2018-01-10,9850.0
2018-01-11,9850.0
2018-01-12,9850.0
2018-01-15,9900.0
2018-01-16,9850.0
2018-01-17,9800.0
2018-01-18,9800.0
2018-01-19,9750.0
2018-01-22,9850.0
2018-01-23,9800.0
2018-01-24,9800.0
2018-01-25,9900.0
2018-01-26,9900.0
2018-01-29,9900.0
2018-01-30,9850.0
2018-01-31,9750.0
2018-02-01,9750.0
2018-02-02,9700.0
2018-02-05,9550.0
2018-02-06,9550.0
2018-02-07,9550.0
2018-02-08,9550.0
2018-02-09,9550.0
2018-02-12,9550.0
2018-02-13,9550.0
2018-02-14,9550.0
2018-02-22,9500.0
2018-02-23,9525.0
2018-02-26,9420.0
2018-02-27,9300.0
2018-02-28,9300.0
2018-03-01,9400.0
2018-03-02,9450.0
2018-03-05,9450.0
2018-03-06,9330.0
2018-03-07,9270.0
2018-03-08,9190.0
2018-03-09,9180.0
2018-03-12,9060.0
2018-03-13,9100.0
2018-03-14,9280.0
2018-03-15,9300.0
2018-03-16,9200.0
2018-03-19,9280.0
2018-03-20,9250.0
2018-03-21,9200.0
2018-03-22,9200.0
2018-03-23,9100.0
2018-03-26,9020.0
2018-03-27,9100.0
2018-03-28,9120.0
2018-03-29,9130.0
2018-03-30,9150.0
2018-04-02,9180.0
2018-04-03,9220.0
2018-04-04,9170.0
2018-04-09,9300.0
2018-04-10,9350.0
2018-04-11,9400.0
2018-04-12,9400.0
2018-04-13,9450.0
2018-04-16,9400.0
2018-04-17,9380.0
2018-04-18,9350.0
2018-04-19,9450.0
2018-04-20,9450.0
2018-04-23,9400.0
2018-04-24,9450.0
2018-04-25,9450.0
2018-04-26,9450.0
2018-04-27,9450.0
2018-05-02,9530.0
2018-05-03,9550.0
2018-05-04,9650.0
2018-05-07,9630.0
2018-05-08,9650.0
2018-05-09,9650.0
2018-05-10,9600.0
2018-05-11,9600.0
2018-05-14,9650.0
2018-05-15,9650.0
2018-05-16,9650.0
2018-05-17,9580.0
2018-05-18,9550.0
2018-05-21,9550.0
2018-05-22,9550.0
2018-05-23,9550.0
2018-05-24,9450.0
2018-05-25,9450.0
2018-05-28,9350.0
2018-05-29,9350.0
2018-05-30,9350.0
2018-05-31,9350.0
2018-06-01,9450.0
2018-06-04,9450.0
2018-06-05,9450.0
2018-06-06,9400.0
2018-06-07,9450.0
2018-06-08,9400.0
2018-06-11,9400.0
2018-06-12,9400.0
2018-06-13,9380.0
2018-06-14,9380.0
2018-06-15,9300.0
2018-06-19,9250.0
2018-06-20,9250.0
2018-06-21,9250.0
2018-06-22,9150.0
2018-06-25,9100.0
2018-06-26,9150.0
2018-06-27,9200.0
2018-06-28,9250.0
2018-06-29,9250.0
2018-07-02,9250.0
2018-07-03,9250.0
2018-07-04,9280.0
2018-07-05,9250.0
2018-07-06,9250.0
2018-07-09,9220.0
2018-07-10,9220.0
2018-07-11,9250.0
2018-07-12,9250.0
2018-07-13,9300.0
2018-07-16,9350.0
2018-07-17,9350.0
2018-07-18,9350.0
2018-07-19,9350.0
2018-07-20,9350.0
2018-07-23,9350.0
2018-07-24,9400.0
2018-07-25,9450.0
2018-07-26,9400.0
2018-07-27,9450.0
2018-07-30,9500.0
2018-07-31,9480.0
2018-08-01,9500.0
2018-08-02,9550.0
2018-08-03,9650.0
2018-08-06,9700.0
2018-08-07,9700.0
2018-08-08,9700.0
2018-08-09,9750.0
2018-08-10,9750.0
2018-08-13,9750.0
2018-08-14,9750.0
2018-08-15,9750.0
2018-08-16,9700.0
2018-08-17,9700.0
2018-08-20,9650.0
2018-08-21,9650.0
2018-08-22,9650.0
2018-08-23,9650.0
2018-08-24,9550.0
2018-08-27,9500.0
2018-08-28,9550.0
2018-08-29,9500.0
2018-08-30,9500.0
2018-08-31,9400.0
2018-09-03,9380.0
2018-09-04,9400.0
2018-09-05,9400.0
2018-09-06,9400.0
2018-09-07,9430.0
2018-09-10,9450.0
2018-09-11,9450.0
2018-09-12,9360.0
2018-09-13,9450.0
2018-09-14,9450.0
2018-09-17,9450.0
2018-09-18,9500.0
2018-09-19,9550.0
2018-09-20,9600.0
2018-09-21,9600.0
2018-09-25,9600.0
2018-09-26,9500.0
2018-09-27,9600.0
2018-09-28,9600.0
2018-10-08,9680.0
2018-10-09,9780.0
2018-10-10,9800.0
2018-10-11,9730.0
2018-10-12,9750.0
2018-10-15,9750.0
2018-10-16,9630.0
2018-10-17,9630.0
2018-10-18,9650.0
2018-10-19,9650.0
2018-10-22,9630.0
2018-10-23,9600.0
2018-10-24,9580.0
2018-10-25,9500.0
2018-10-26,9500.0
2018-10-29,9450.0
2018-10-30,9400.0
2018-10-31,9400.0
2018-11-01,9300.0
2018-11-02,9300.0
2018-11-05,9400.0
2018-11-06,9400.0
2018-11-07,9400.0
2018-11-08,9400.0
2018-11-09,9320.0
2018-11-12,9300.0
2018-11-13,9300.0
2018-11-14,9270.0
2018-11-15,9300.0
2018-11-16,9320.0
2018-11-19,9320.0
2018-11-20,9250.0
2018-11-21,9180.0
2018-11-22,9150.0
2018-11-23,8900.0
2018-11-26,8950.0
2018-11-27,8950.0
2018-11-28,9000.0
2018-11-29,9050.0
2018-11-30,9200.0
2018-12-03,9200.0
2018-12-04,9250.0
2018-12-05,9280.0
2018-12-06,9350.0
2018-12-07,9300.0
2018-12-10,9350.0
2018-12-11,9200.0
2018-12-12,9250.0
2018-12-13,9250.0
2018-12-14,9250.0
2018-12-17,9250.0
2018-12-18,9250.0
2018-12-19,9250.0
2018-12-20,9250.0
2018-12-21,9250.0
2018-12-24,9200.0
2018-12-25,9150.0
2018-12-26,9150.0
2018-12-27,9200.0
2018-12-28,9150.0
2019-01-02,9130.0
2019-01-03,9050.0
2019-01-04,9100.0
2019-01-07,9100.0
2019-01-08,9100.0
2019-01-09,9080.0
2019-01-10,9080.0
2019-01-11,9070.0
2019-01-14,9090.0
2019-01-15,9020.0
2019-01-16,8930.0
2019-01-17,8950.0
2019-01-18,8960.0
2019-01-21,8850.0
2019-01-22,8850.0
2019-01-23,8790.0
2019-01-24,8810.0
2019-01-25,8800.0
2019-01-28,8850.0
2019-01-29,8770.0
2019-01-30,8730.0
2019-01-31,8850.0
2019-02-01,8850.0
2019-02-11,8850.0
2019-02-12,8680.0
2019-02-13,8750.0
2019-02-14,8700.0
2019-02-15,8650.0
2019-02-18,8650.0
2019-02-19,8650.0
2019-02-20,8700.0
2019-02-21,8730.0
2019-02-22,8710.0
2019-02-25,8650.0
2019-02-26,8650.0
2019-02-27,8650.0
2019-02-28,8560.0
2019-03-01,8620.0
2019-03-04,8700.0
2019-03-05,8750.0
2019-03-06,8750.0
2019-03-07,8750.0
2019-03-08,8700.0
2019-03-11,8700.0
2019-03-12,8750.0
2019-03-13,8750.0
2019-03-14,8700.0
2019-03-15,8550.0
2019-03-18,8500.0
2019-03-19,8500.0
2019-03-20,8500.0
2019-03-21,8600.0
2019-03-22,8550.0
2019-03-25,8600.0
2019-03-26,8600.0
2019-03-27,8600.0
2019-03-28,8450.0
2019-03-29,8500.0
2019-04-01,8500.0
2019-04-02,8500.0
2019-04-03,8550.0
2019-04-04,8550.0
2019-04-08,8650.0
2019-04-09,8680.0
2019-04-10,8650.0
2019-04-11,8600.0
2019-04-12,8600.0
2019-04-15,8600.0
2019-04-16,8550.0
2019-04-17,8500.0
2019-04-18,8480.0
2019-04-19,8400.0
2019-04-22,8400.0
2019-04-23,8400.0
2019-04-24,8430.0
2019-04-25,8400.0
2019-04-26,8370.0
2019-04-29,8300.0
2019-04-30,8300.0
2019-05-06,8250.0
2019-05-07,8300.0
2019-05-08,8200.0
2019-05-09,8180.0
2019-05-10,8050.0
2019-05-13,8000.0
2019-05-14,7800.0
2019-05-15,7800.0
2019-05-16,7830.0
2019-05-17,7830.0
2019-05-20,7900.0
2019-05-21,7970.0
2019-05-22,8000.0
2019-05-23,7950.0
2019-05-24,7830.0
2019-05-27,7900.0
2019-05-28,7900.0
2019-05-29,7970.0
2019-05-30,7950.0
2019-05-31,7920.0
2019-06-03,7750.0
2019-06-04,7700.0
2019-06-05,7700.0
2019-06-06,7650.0
2019-06-10,7750.0
2019-06-11,7700.0
2019-06-12,7700.0
2019-06-13,7700.0
2019-06-14,7700.0
2019-06-17,7700.0
2019-06-18,7650.0
2019-06-19,7700.0
2019-06-20,7720.0
2019-06-21,7750.0
2019-06-24,7800.0
2019-06-25,7800.0
2019-06-26,7820.0
2019-06-27,7830.0
2019-06-28,7800.0
2019-07-01,7850.0
2019-07-02,7800.0
2019-07-03,7950.0
2019-07-04,7950.0
2019-07-05,8000.0
2019-07-08,8020.0
2019-07-09,7970.0
2019-07-10,7950.0
2019-07-11,7900.0
2019-07-12,7760.0
2019-07-15,7780.0
2019-07-16,7750.0
2019-07-17,7750.0
2019-07-18,7750.0
2019-07-19,7750.0
2019-07-22,7700.0
2019-07-23,7700.0
2019-07-24,7610.0
2019-07-25,7570.0
2019-07-26,7600.0
2019-07-29,7600.0
2019-07-30,7700.0
2019-07-31,7650.0
2019-08-01,7670.0
2019-08-02,7650.0
2019-08-05,7500.0
2019-08-06,7400.0
2019-08-07,7400.0
2019-08-08,7420.0
2019-08-09,7450.0
2019-08-12,7480.0
2019-08-13,7500.0
2019-08-14,7500.0
2019-08-15,7430.0
2019-08-16,7400.0
2019-08-19,7400.0
2019-08-20,7400.0
2019-08-21,7300.0
2019-08-22,7270.0
2019-08-23,7200.0
2019-08-26,7200.0
2019-08-27,7200.0
2019-08-28,7150.0
2019-08-29,7150.0
2019-08-30,7100.0
2019-09-02,7100.0
2019-09-03,7180.0
2019-09-04,7180.0
2019-09-05,7250.0
2019-09-06,7200.0
2019-09-09,7260.0
2019-09-10,7300.0
