日期,POY150D/48F
2007-04-23,12225.0
2007-04-24,12225.0
2007-04-25,12225.0
2007-04-26,12225.0
2007-04-27,12450.0
2007-04-30,12500.0
2007-05-08,12500.0
2007-05-09,12750.0
2007-05-10,12750.0
2007-05-11,12750.0
2007-05-14,12750.0
2007-05-15,12750.0
2007-05-16,12750.0
2007-05-17,12750.0
2007-05-18,12700.0
2007-05-21,12725.0
2007-05-22,12725.0
2007-05-23,12725.0
2007-05-24,12700.0
2007-05-25,12700.0
2007-05-28,12700.0
2007-05-29,12700.0
2007-05-30,12700.0
2007-05-31,12700.0
2007-06-01,12700.0
2007-06-04,12700.0
2007-06-05,12650.0
2007-06-06,12550.0
2007-06-07,12550.0
2007-06-08,12525.0
2007-06-11,12400.0
2007-06-12,12400.0
2007-06-13,12400.0
2007-06-14,12325.0
2007-06-15,12275.0
2007-06-18,12275.0
2007-06-19,12375.0
2007-06-20,12375.0
2007-06-21,12375.0
2007-06-22,12375.0
2007-06-25,12375.0
2007-06-26,12375.0
2007-06-27,12375.0
2007-06-28,12325.0
2007-06-29,12250.0
2007-07-02,12250.0
2007-07-03,12250.0
2007-07-04,12200.0
2007-07-06,12200.0
2007-07-09,12200.0
2007-07-10,12200.0
2007-07-11,12200.0
2007-07-12,12200.0
2007-07-13,12200.0
2007-07-16,12200.0
2007-07-17,12200.0
2007-07-18,12200.0
2007-07-19,12200.0
2007-07-20,12200.0
2007-07-23,12200.0
2007-07-24,12200.0
2007-07-25,12200.0
2007-07-26,12350.0
2007-07-27,12350.0
2007-07-30,12350.0
2007-07-31,12400.0
2007-08-01,12400.0
2007-08-02,12400.0
2007-08-03,12400.0
2007-08-06,12400.0
2007-08-07,12400.0
2007-08-08,12400.0
2007-08-09,12400.0
2007-08-10,12375.0
2007-08-13,12375.0
2007-08-14,12375.0
2007-08-15,12275.0
2007-08-16,12275.0
2007-08-17,12225.0
2007-08-20,12225.0
2007-08-21,12225.0
2007-08-22,12225.0
2007-08-23,12225.0
2007-08-24,12225.0
2007-08-27,12225.0
2007-08-28,12225.0
2007-08-29,12075.0
2007-08-30,12075.0
2007-08-31,12075.0
2007-09-03,12075.0
2007-09-05,12075.0
2007-09-06,12075.0
2007-09-07,12000.0
2007-09-10,12000.0
2007-09-11,12000.0
2007-09-12,12000.0
2007-09-13,12100.0
2007-09-14,12100.0
2007-09-17,12100.0
2007-09-18,12100.0
2007-09-19,12100.0
2007-09-20,12100.0
2007-09-21,12100.0
2007-09-24,12100.0
2007-09-25,12100.0
2007-09-26,12125.0
2007-09-27,12125.0
2007-09-28,12125.0
2007-10-08,12125.0
2007-10-09,12125.0
2007-10-10,12125.0
2007-10-11,12075.0
2007-10-12,12075.0
2007-10-15,12075.0
2007-10-16,12075.0
2007-10-17,12075.0
2007-10-18,12075.0
2007-10-19,11975.0
2007-10-22,11975.0
2007-10-23,11975.0
2007-10-24,11975.0
2007-10-25,11975.0
2007-10-26,11975.0
2007-10-29,11975.0
2007-10-30,11975.0
2007-10-31,11975.0
2007-11-01,11975.0
2007-11-02,11975.0
2007-11-05,12025.0
2007-11-06,12025.0
2007-11-07,12050.0
2007-11-08,12150.0
2007-11-09,12150.0
2007-11-12,12450.0
2007-11-13,12450.0
2007-11-14,12450.0
2007-11-15,12450.0
2007-11-16,12450.0
2007-11-19,12450.0
2007-11-20,12450.0
2007-11-21,12450.0
2007-11-22,12425.0
2007-11-26,12300.0
2007-11-27,12275.0
2007-11-28,12275.0
2007-11-29,12275.0
2007-11-30,12275.0
2007-12-03,12275.0
2007-12-04,12275.0
2007-12-05,12275.0
2007-12-06,12275.0
2007-12-07,12250.0
2007-12-10,12000.0
2007-12-11,12000.0
2007-12-12,11950.0
2007-12-13,11925.0
2007-12-14,11900.0
2007-12-17,11850.0
2007-12-18,11850.0
2007-12-19,11800.0
2007-12-20,11800.0
2007-12-21,11800.0
2007-12-24,11700.0
2007-12-25,11700.0
2007-12-27,11675.0
2007-12-28,11675.0
2008-01-02,11650.0
2008-01-03,11650.0
2008-01-04,11650.0
2008-01-07,11650.0
2008-01-08,11650.0
2008-01-09,11650.0
2008-01-10,11650.0
2008-01-11,11650.0
2008-01-14,11650.0
2008-01-15,11650.0
2008-01-16,11650.0
2008-01-17,11650.0
2008-01-18,11650.0
2008-01-21,11650.0
2008-01-23,11550.0
2008-01-24,11550.0
2008-01-25,11550.0
2008-01-28,11550.0
2008-01-29,11550.0
2008-01-30,11550.0
2008-01-31,11550.0
2008-02-01,11550.0
2008-02-04,11550.0
2008-02-05,11550.0
2008-02-13,11550.0
2008-02-14,11550.0
2008-02-15,11550.0
2008-02-18,11550.0
2008-02-20,11550.0
2008-02-21,11550.0
2008-02-22,11550.0
2008-02-25,11600.0
2008-02-26,11600.0
2008-02-27,11600.0
2008-02-28,11650.0
2008-02-29,11725.0
2008-03-03,11800.0
2008-03-04,11800.0
2008-03-05,11800.0
2008-03-06,11800.0
2008-03-07,11800.0
2008-03-10,11800.0
2008-03-11,11800.0
2008-03-12,11800.0
2008-03-13,11800.0
2008-03-14,11825.0
2008-03-17,11900.0
2008-03-18,11900.0
2008-03-19,11900.0
2008-03-20,11900.0
2008-03-21,11900.0
2008-03-25,11900.0
2008-03-26,11900.0
2008-03-27,11900.0
2008-03-28,11900.0
2008-03-31,11900.0
2008-04-01,11900.0
2008-04-02,11900.0
2008-04-03,11900.0
2008-04-07,11900.0
2008-04-08,11875.0
2008-04-09,11875.0
2008-04-10,11875.0
2008-04-11,11850.0
2008-04-14,11850.0
2008-04-15,11750.0
2008-04-16,11750.0
2008-04-17,11750.0
2008-04-18,11750.0
2008-04-21,11750.0
2008-04-22,11750.0
2008-04-23,11725.0
2008-04-24,11725.0
2008-04-25,11725.0
2008-04-28,11675.0
2008-04-29,11625.0
2008-04-30,11550.0
2008-05-06,11475.0
2008-05-07,11475.0
2008-05-08,11475.0
2008-05-09,11475.0
2008-05-12,11475.0
2008-05-13,11475.0
2008-05-14,11475.0
2008-05-15,11475.0
2008-05-16,11475.0
2008-05-19,11525.0
2008-05-20,11550.0
2008-05-21,11575.0
2008-05-22,11625.0
2008-05-23,11625.0
2008-05-26,11625.0
2008-05-28,11775.0
2008-05-29,11775.0
2008-05-30,11775.0
2008-06-02,11775.0
2008-06-03,11775.0
2008-06-04,11875.0
2008-06-05,11925.0
2008-06-06,11975.0
2008-06-10,12050.0
2008-06-11,12150.0
2008-06-12,12150.0
2008-06-13,12150.0
2008-06-16,12550.0
2008-06-17,12550.0
2008-06-18,12550.0
2008-06-19,12550.0
2008-06-20,12550.0
2008-06-23,12450.0
2008-06-24,12450.0
2008-06-25,12350.0
2008-06-26,12350.0
2008-06-27,12350.0
2008-06-30,12150.0
2008-07-01,12150.0
2008-07-02,12150.0
2008-07-03,12150.0
2008-07-04,12150.0
2008-07-08,12150.0
2008-07-09,12150.0
2008-07-10,12150.0
2008-07-11,12150.0
2008-07-14,12150.0
2008-07-15,12150.0
2008-07-16,12150.0
2008-07-17,12150.0
2008-07-18,12150.0
2008-07-21,12050.0
2008-07-22,12050.0
2008-07-23,12050.0
2008-07-24,12050.0
2008-07-25,12050.0
2008-07-28,11950.0
2008-07-29,11950.0
2008-07-30,11950.0
2008-07-31,11950.0
2008-08-01,11850.0
2008-08-04,11750.0
2008-08-05,11750.0
2008-08-06,11750.0
2008-08-07,11750.0
2008-08-08,11750.0
2008-08-11,11750.0
2008-08-12,11750.0
2008-08-13,11650.0
2008-08-14,11650.0
2008-08-15,11650.0
2008-08-18,11650.0
2008-08-19,11650.0
2008-08-20,11650.0
2008-08-21,11650.0
2008-08-22,11650.0
2008-08-25,11650.0
2008-08-26,11650.0
2008-08-27,11650.0
2008-08-28,11650.0
2008-08-29,11650.0
2008-09-01,11650.0
2008-09-03,11650.0
2008-09-04,11650.0
2008-09-05,11300.0
2008-09-08,11300.0
2008-09-09,11300.0
2008-09-10,11300.0
2008-09-11,11300.0
2008-09-12,11050.0
2008-09-16,11050.0
2008-09-17,11050.0
2008-09-18,11050.0
2008-09-19,10800.0
2008-09-22,10800.0
2008-09-23,10800.0
2008-09-24,10800.0
2008-09-25,10800.0
2008-09-26,10775.0
2008-10-06,10775.0
2008-10-07,10775.0
2008-10-08,10775.0
2008-10-09,10775.0
2008-10-10,10175.0
2008-10-13,9950.0
2008-10-14,9900.0
2008-10-15,9750.0
2008-10-16,9400.0
2008-10-17,9000.0
2008-10-20,8400.0
2008-10-21,8300.0
2008-10-22,8200.0
2008-10-23,8050.0
2008-10-24,8050.0
2008-10-27,7400.0
2008-10-28,7150.0
2008-10-29,7100.0
2008-10-30,6950.0
2008-10-31,6950.0
2008-11-03,6800.0
2008-11-04,6800.0
2008-11-05,7550.0
2008-11-06,7550.0
2008-11-07,7550.0
2008-11-10,7200.0
2008-11-11,7200.0
2008-11-12,7200.0
2008-11-13,7000.0
2008-11-14,7000.0
2008-11-17,6600.0
2008-11-18,6600.0
2008-11-19,6650.0
2008-11-20,6600.0
2008-11-21,6600.0
2008-11-24,6600.0
2008-11-25,6600.0
2008-11-26,6700.0
2008-11-27,6700.0
2008-12-01,6600.0
2008-12-02,6600.0
2008-12-03,6600.0
2008-12-04,6600.0
2008-12-05,6600.0
2008-12-08,6550.0
2008-12-09,6650.0
2008-12-10,6650.0
2008-12-11,6650.0
2008-12-12,6650.0
2008-12-15,6750.0
2008-12-16,6750.0
2008-12-17,6850.0
2008-12-18,6900.0
2008-12-19,6900.0
2008-12-22,7050.0
2008-12-23,7050.0
2008-12-24,7050.0
2008-12-25,7050.0
2008-12-29,6900.0
2008-12-30,6900.0
2008-12-31,6900.0
2009-01-05,6650.0
2009-01-06,6575.0
2009-01-07,6575.0
2009-01-08,6825.0
2009-01-09,6825.0
2009-01-12,6825.0
2009-01-13,6775.0
2009-01-14,6775.0
2009-01-15,6875.0
2009-01-16,6875.0
2009-01-19,6900.0
2009-01-21,7025.0
2009-01-22,7025.0
2009-01-23,7025.0
2009-02-02,7400.0
2009-02-03,7500.0
2009-02-04,7550.0
2009-02-05,7550.0
2009-02-06,7550.0
2009-02-09,7750.0
2009-02-10,7900.0
2009-02-11,8075.0
2009-02-12,8100.0
2009-02-13,8100.0
2009-02-16,8075.0
2009-02-18,8025.0
2009-02-19,7900.0
2009-02-20,7900.0
2009-02-23,7850.0
2009-02-24,7850.0
2009-02-25,7850.0
2009-02-26,7825.0
2009-02-27,7825.0
2009-03-02,7700.0
2009-03-03,7600.0
2009-03-04,7500.0
2009-03-05,7525.0
2009-03-06,7525.0
2009-03-09,7500.0
2009-03-10,7500.0
2009-03-11,7500.0
2009-03-12,7525.0
2009-03-13,7525.0
2009-03-16,7475.0
2009-03-17,7475.0
2009-03-18,7475.0
2009-03-19,7525.0
2009-03-20,7525.0
2009-03-23,7825.0
2009-03-24,7850.0
2009-03-25,7850.0
2009-03-26,7850.0
2009-03-27,7850.0
2009-03-30,8175.0
2009-03-31,8175.0
2009-04-01,8175.0
2009-04-02,8175.0
2009-04-03,8175.0
2009-04-07,8900.0
2009-04-08,8900.0
2009-04-09,8900.0
2009-04-10,8900.0
2009-04-14,8725.0
2009-04-15,8900.0
2009-04-16,9025.0
2009-04-17,9025.0
2009-04-20,9200.0
2009-04-21,9225.0
2009-04-22,9250.0
2009-04-23,9325.0
2009-04-24,9325.0
2009-04-27,9750.0
2009-04-28,9825.0
2009-04-29,9850.0
2009-04-30,9850.0
2009-05-04,9825.0
2009-05-05,9750.0
2009-05-06,9750.0
2009-05-07,9550.0
2009-05-08,9550.0
2009-05-11,9450.0
2009-05-12,9450.0
2009-05-13,9450.0
2009-05-14,9450.0
2009-05-15,9450.0
2009-05-18,9375.0
2009-05-19,9200.0
2009-05-20,9150.0
2009-05-21,9050.0
2009-05-22,9050.0
2009-05-25,9100.0
2009-05-27,8950.0
2009-06-01,8750.0
2009-06-02,8800.0
2009-06-03,8800.0
2009-06-04,8700.0
2009-06-05,8700.0
2009-06-08,8500.0
2009-06-09,8450.0
2009-06-10,8500.0
2009-06-11,8500.0
2009-06-12,8500.0
2009-06-15,8650.0
2009-06-16,8600.0
2009-06-17,8650.0
2009-06-18,8750.0
2009-06-19,8750.0
2009-06-22,9000.0
2009-06-23,8975.0
2009-06-24,8925.0
2009-06-25,8925.0
2009-06-26,8925.0
2009-06-29,8925.0
2009-06-30,9025.0
2009-07-01,9025.0
2009-07-02,9175.0
2009-07-03,9175.0
2009-07-07,9175.0
2009-07-08,9200.0
2009-07-09,9375.0
2009-07-10,9375.0
2009-07-13,9450.0
2009-07-14,9525.0
2009-07-15,9525.0
2009-07-16,9500.0
2009-07-17,9500.0
2009-07-20,9250.0
2009-07-21,9250.0
2009-07-22,9425.0
2009-07-23,9450.0
2009-07-24,9450.0
2009-07-27,9700.0
2009-07-28,9825.0
2009-07-29,9900.0
2009-07-30,9875.0
2009-07-31,9875.0
2009-08-03,10050.0
2009-08-04,10150.0
2009-08-05,10275.0
2009-08-06,10275.0
2009-08-07,10275.0
2009-08-10,10050.0
2009-08-11,10100.0
2009-08-12,10150.0
2009-08-13,10150.0
2009-08-14,10150.0
2009-08-17,10150.0
2009-08-18,10050.0
2009-08-19,10000.0
2009-08-20,9950.0
2009-08-21,9950.0
2009-08-24,9950.0
2009-08-25,9900.0
2009-08-26,9900.0
2009-08-27,9900.0
2009-08-28,9900.0
2009-08-31,9750.0
2009-09-01,9750.0
2009-09-02,9550.0
2009-09-03,9550.0
2009-09-04,9550.0
2009-09-07,9450.0
2009-09-09,9250.0
2009-09-10,9250.0
2009-09-11,9250.0
2009-09-14,9050.0
2009-09-15,9000.0
2009-09-16,8950.0
2009-09-17,8900.0
2009-09-18,8900.0
2009-09-21,8850.0
2009-09-22,8800.0
2009-09-23,8800.0
2009-09-24,8650.0
2009-09-25,8650.0
2009-09-28,8700.0
2009-09-29,8700.0
2009-09-30,8600.0
2009-10-12,8800.0
2009-10-13,8900.0
2009-10-14,9000.0
2009-10-15,9150.0
2009-10-16,9150.0
2009-10-19,9500.0
2009-10-20,9500.0
2009-10-21,9500.0
2009-10-22,9500.0
2009-10-23,9500.0
2009-10-26,9850.0
2009-10-27,9900.0
2009-10-28,9900.0
2009-10-29,9900.0
2009-10-30,9900.0
2009-11-02,9850.0
2009-11-03,9850.0
2009-11-04,9800.0
2009-11-05,9875.0
2009-11-06,9875.0
2009-11-09,9875.0
2009-11-10,10150.0
2009-11-11,10225.0
2009-11-12,10300.0
2009-11-13,10300.0
2009-11-16,10300.0
2009-11-17,10300.0
2009-11-18,10500.0
2009-11-19,10550.0
2009-11-20,10550.0
2009-11-23,10850.0
2009-11-24,10900.0
2009-11-25,10900.0
2009-11-26,10900.0
2009-11-30,10850.0
2009-12-01,10725.0
2009-12-02,10750.0
2009-12-03,11000.0
2009-12-04,11000.0
2009-12-07,10850.0
2009-12-08,10800.0
2009-12-09,10800.0
2009-12-10,10750.0
2009-12-11,10750.0
2009-12-14,10700.0
2009-12-15,10700.0
2009-12-16,10650.0
2009-12-17,10600.0
2009-12-18,10600.0
2009-12-21,10500.0
2009-12-22,10350.0
2009-12-23,10300.0
2009-12-24,10350.0
2009-12-25,10350.0
2009-12-29,10200.0
2009-12-30,10200.0
2009-12-31,10200.0
2010-01-04,10400.0
2010-01-05,10500.0
2010-01-06,10600.0
2010-01-07,10600.0
2010-01-08,10600.0
2010-01-11,10500.0
2010-01-12,10550.0
2010-01-13,10600.0
2010-01-14,10750.0
2010-01-15,10750.0
2010-01-18,10900.0
2010-01-20,11100.0
2010-01-21,11100.0
2010-01-22,11100.0
2010-01-25,11100.0
2010-01-26,11100.0
2010-01-27,11100.0
2010-01-28,11100.0
2010-01-29,11100.0
2010-02-01,10950.0
2010-02-02,10950.0
2010-02-03,11025.0
2010-02-04,11025.0
2010-02-05,11025.0
2010-02-08,11025.0
2010-02-09,11025.0
2010-02-10,11025.0
2010-02-11,11025.0
2010-02-12,11025.0
2010-02-22,11150.0
2010-02-23,11150.0
2010-02-24,11150.0
2010-02-25,11075.0
2010-02-26,11075.0
2010-03-01,11075.0
2010-03-02,10950.0
2010-03-03,10950.0
2010-03-04,10950.0
2010-03-05,10950.0
2010-03-08,10900.0
2010-03-09,10950.0
2010-03-10,10900.0
2010-03-11,10900.0
2010-03-12,10900.0
2010-03-15,10900.0
2010-03-16,10650.0
2010-03-17,10650.0
2010-03-18,10750.0
2010-03-19,10750.0
2010-03-22,10750.0
2010-03-23,10700.0
2010-03-24,10700.0
2010-03-25,10700.0
2010-03-26,10700.0
2010-03-29,10850.0
2010-03-30,10900.0
2010-03-31,10900.0
2010-04-01,10825.0
2010-04-02,10825.0
2010-04-06,11200.0
2010-04-07,11200.0
2010-04-08,11250.0
2010-04-09,11250.0
2010-04-12,11250.0
2010-04-13,11250.0
2010-04-14,11250.0
2010-04-15,11250.0
2010-04-16,11250.0
2010-04-19,11300.0
2010-04-20,11300.0
2010-04-21,11300.0
2010-04-22,11400.0
2010-04-23,11400.0
2010-04-26,11500.0
2010-04-27,11525.0
2010-04-28,11525.0
2010-04-29,11525.0
2010-04-30,11525.0
2010-05-04,11450.0
2010-05-05,11400.0
2010-05-06,11375.0
2010-05-07,11375.0
2010-05-10,11150.0
2010-05-11,11150.0
2010-05-12,11150.0
2010-05-13,11150.0
2010-05-14,11150.0
2010-05-17,10925.0
2010-05-18,10700.0
2010-05-19,10600.0
2010-05-20,10650.0
2010-05-21,10650.0
2010-05-24,10500.0
2010-05-25,10350.0
2010-05-26,10350.0
2010-05-27,10350.0
2010-05-28,10350.0
2010-05-31,10350.0
2010-06-02,10350.0
2010-06-03,10350.0
2010-06-04,10350.0
2010-06-07,10200.0
2010-06-08,10200.0
2010-06-09,10200.0
2010-06-10,10200.0
2010-06-11,10200.0
2010-06-17,10550.0
2010-06-18,10550.0
2010-06-21,11000.0
2010-06-22,11000.0
2010-06-23,11200.0
2010-06-24,11200.0
2010-06-25,11200.0
2010-06-28,11250.0
2010-06-29,11250.0
2010-06-30,11250.0
2010-07-01,11150.0
2010-07-02,11150.0
2010-07-05,11150.0
2010-07-07,11000.0
2010-07-08,11000.0
2010-07-09,11000.0
2010-07-12,11150.0
2010-07-13,11200.0
2010-07-14,11200.0
2010-07-15,11200.0
2010-07-16,11200.0
2010-07-19,11200.0
2010-07-20,11200.0
2010-07-21,11200.0
2010-07-22,11200.0
2010-07-23,11200.0
2010-07-26,11150.0
2010-07-27,11150.0
2010-07-28,11150.0
2010-07-29,11150.0
2010-07-30,11150.0
2010-08-02,11150.0
2010-08-03,11150.0
2010-08-04,11200.0
2010-08-05,11200.0
2010-08-06,11200.0
2010-08-09,11200.0
2010-08-10,11200.0
2010-08-11,11200.0
2010-08-12,11200.0
2010-08-13,11200.0
2010-08-16,11200.0
2010-08-17,11200.0
2010-08-18,11000.0
2010-08-19,10900.0
2010-08-20,10900.0
2010-08-23,10900.0
2010-08-24,10900.0
2010-08-25,10650.0
2010-08-26,10650.0
2010-08-27,10650.0
2010-08-30,10550.0
2010-08-31,10550.0
2010-09-01,10550.0
2010-09-02,10550.0
2010-09-03,10550.0
2010-09-06,10650.0
2010-09-08,10750.0
2010-09-09,10900.0
2010-09-10,10900.0
2010-09-13,11000.0
2010-09-14,11000.0
2010-09-15,11025.0
2010-09-16,11100.0
2010-09-17,11100.0
2010-09-20,11200.0
2010-09-21,11250.0
2010-09-27,11800.0
2010-09-28,12000.0
2010-09-29,12000.0
2010-09-30,12000.0
2010-10-08,12200.0
2010-10-11,12275.0
2010-10-12,12275.0
2010-10-13,12275.0
2010-10-14,12350.0
2010-10-15,12350.0
2010-10-18,12550.0
2010-10-19,12550.0
2010-10-20,12550.0
2010-10-21,12550.0
2010-10-22,12550.0
2010-10-25,12550.0
2010-10-26,12350.0
2010-10-27,12350.0
2010-10-28,12350.0
2010-10-29,12350.0
2010-11-01,12350.0
2010-11-02,12550.0
2010-11-03,12550.0
2010-11-04,12800.0
2010-11-05,12800.0
2010-11-08,15150.0
2010-11-09,16500.0
2010-11-10,16500.0
2010-11-11,16500.0
2010-11-12,16500.0
2010-11-15,15000.0
2010-11-16,15000.0
2010-11-17,14850.0
2010-11-18,14850.0
2010-11-19,14850.0
2010-11-22,14250.0
2010-11-23,13750.0
2010-11-24,13750.0
2010-11-25,13750.0
2010-11-29,13500.0
2010-11-30,13400.0
2010-12-01,13000.0
2010-12-02,12550.0
2010-12-03,12550.0
2010-12-06,12600.0
2010-12-07,12600.0
2010-12-08,12600.0
2010-12-09,12600.0
2010-12-10,12600.0
2010-12-13,12400.0
2010-12-14,12250.0
2010-12-15,12200.0
2010-12-16,12200.0
2010-12-17,12200.0
2010-12-20,12200.0
2010-12-21,12200.0
2010-12-22,12300.0
2010-12-23,12300.0
2010-12-24,12300.0
2010-12-28,12550.0
2010-12-29,12650.0
2010-12-30,12650.0
2010-12-31,12650.0
2011-01-04,13000.0
2011-01-05,13250.0
2011-01-06,13250.0
2011-01-07,13250.0
2011-01-10,13250.0
2011-01-11,13250.0
2011-01-12,13300.0
2011-01-13,13600.0
2011-01-14,13600.0
2011-01-17,13850.0
2011-01-19,13850.0
2011-01-20,13950.0
2011-01-21,13950.0
2011-01-24,14150.0
2011-01-25,14250.0
2011-01-26,14250.0
2011-01-27,14300.0
2011-01-28,14300.0
2011-01-31,14300.0
2011-02-01,14300.0
2011-02-09,14300.0
2011-02-10,14700.0
2011-02-11,14700.0
2011-02-14,14600.0
2011-02-15,14400.0
2011-02-16,14400.0
2011-02-17,14400.0
2011-02-18,14400.0
2011-02-21,14400.0
2011-02-23,14800.0
2011-02-24,14800.0
2011-02-25,14800.0
2011-02-28,14800.0
2011-03-01,14800.0
2011-03-02,14800.0
2011-03-03,14800.0
2011-03-04,14800.0
2011-03-07,14900.0
2011-03-08,14900.0
2011-03-09,14900.0
2011-03-10,14900.0
2011-03-11,14900.0
2011-03-14,14800.0
2011-03-15,14800.0
2011-03-16,14800.0
2011-03-17,14800.0
2011-03-18,14800.0
2011-03-21,14850.0
2011-03-22,14850.0
2011-03-23,14850.0
2011-03-24,14750.0
2011-03-25,14750.0
2011-03-28,14750.0
2011-03-29,14750.0
2011-03-30,14700.0
2011-03-31,14650.0
2011-04-01,14650.0
2011-04-06,14550.0
2011-04-07,14550.0
2011-04-08,14550.0
2011-04-11,14550.0
2011-04-12,14550.0
2011-04-13,14550.0
2011-04-14,14550.0
2011-04-15,14550.0
2011-04-18,14550.0
2011-04-19,14550.0
2011-04-20,14550.0
2011-04-21,14550.0
2011-04-22,14550.0
2011-04-25,14350.0
2011-04-26,14350.0
2011-04-27,14350.0
2011-04-28,14300.0
2011-04-29,14300.0
2011-05-03,14300.0
2011-05-04,14300.0
2011-05-05,14300.0
2011-05-06,14300.0
2011-05-09,14100.0
2011-05-10,14100.0
2011-05-11,14100.0
2011-05-12,14100.0
2011-05-13,14100.0
2011-05-16,13800.0
2011-05-17,13650.0
2011-05-18,13650.0
2011-05-19,13650.0
2011-05-20,13650.0
2011-05-23,13650.0
2011-05-24,13750.0
2011-05-25,13450.0
2011-05-26,13500.0
2011-05-27,13500.0
2011-05-30,13550.0
2011-06-01,13850.0
2011-06-02,14100.0
2011-06-03,14100.0
2011-06-07,14100.0
2011-06-08,14150.0
2011-06-09,14250.0
2011-06-10,14250.0
2011-06-13,14350.0
2011-06-14,14350.0
2011-06-15,14300.0
2011-06-16,14300.0
2011-06-17,14300.0
2011-06-20,14250.0
2011-06-21,14250.0
2011-06-22,14250.0
2011-06-23,14150.0
2011-06-24,14150.0
2011-06-27,13950.0
2011-06-28,13950.0
2011-06-29,13950.0
2011-06-30,13950.0
2011-07-01,13950.0
2011-07-04,13950.0
2011-07-06,13950.0
2011-07-07,13900.0
2011-07-08,13900.0
2011-07-11,13850.0
2011-07-12,13850.0
2011-07-13,14000.0
2011-07-14,14050.0
2011-07-15,14050.0
2011-07-18,14050.0
2011-07-19,14050.0
2011-07-20,14050.0
2011-07-21,14100.0
2011-07-22,14100.0
2011-07-25,14300.0
2011-07-26,14300.0
2011-07-27,14300.0
2011-07-28,14300.0
2011-07-29,14300.0
2011-08-01,14300.0
2011-08-02,14300.0
2011-08-03,14300.0
2011-08-04,14300.0
2011-08-05,14300.0
2011-08-08,14300.0
2011-08-09,14300.0
2011-08-10,14300.0
2011-08-11,14100.0
2011-08-12,14100.0
2011-08-15,14100.0
2011-08-16,14100.0
2011-08-17,14100.0
2011-08-18,14100.0
2011-08-19,14100.0
2011-08-22,14200.0
2011-08-23,14200.0
2011-08-24,14300.0
2011-08-25,14300.0
2011-08-26,14300.0
2011-08-29,14200.0
2011-08-30,14300.0
2011-08-31,14300.0
2011-09-01,14300.0
2011-09-02,14300.0
2011-09-05,14550.0
2011-09-07,14550.0
2011-09-08,14650.0
2011-09-09,14650.0
2011-09-13,14650.0
2011-09-14,14650.0
2011-09-15,14650.0
2011-09-16,14650.0
2011-09-19,14650.0
2011-09-20,14550.0
2011-09-21,14550.0
2011-09-22,14450.0
2011-09-23,14450.0
2011-09-26,14300.0
2011-09-27,14000.0
2011-09-28,13950.0
2011-09-29,13800.0
2011-09-30,13800.0
2011-10-10,13675.0
2011-10-11,13675.0
2011-10-12,13675.0
2011-10-13,13650.0
2011-10-14,13650.0
2011-10-17,13650.0
2011-10-18,13650.0
2011-10-19,13650.0
2011-10-20,13250.0
2011-10-21,13250.0
2011-10-24,13100.0
2011-10-25,13100.0
2011-10-26,13100.0
2011-10-27,13100.0
2011-10-28,13100.0
2011-10-31,12900.0
2011-11-01,12600.0
2011-11-02,12600.0
2011-11-03,12550.0
2011-11-04,12300.0
2011-11-07,11900.0
2011-11-08,11750.0
2011-11-09,11650.0
2011-11-10,11450.0
2011-11-11,11300.0
2011-11-14,11450.0
2011-11-15,11350.0
2011-11-16,11300.0
2011-11-17,11300.0
2011-11-18,11250.0
2011-11-21,11050.0
2011-11-22,11050.0
2011-11-23,11050.0
2011-11-25,11200.0
2011-11-28,11150.0
2011-11-29,11150.0
2011-11-30,11150.0
2011-12-01,11250.0
2011-12-02,11500.0
2011-12-05,11650.0
2011-12-06,11750.0
2011-12-07,11800.0
2011-12-08,11900.0
2011-12-09,11950.0
2011-12-12,12000.0
2011-12-13,12000.0
2011-12-14,12000.0
2011-12-15,11900.0
2011-12-16,11850.0
2011-12-19,11900.0
2011-12-20,11900.0
2011-12-21,11950.0
2011-12-22,11950.0
2011-12-23,11950.0
2011-12-27,11950.0
2011-12-28,11950.0
2011-12-29,11950.0
2012-01-04,11950.0
2012-01-05,12100.0
2012-01-09,12100.0
2012-01-10,12100.0
2012-01-11,12100.0
2012-01-12,12100.0
2012-01-13,12100.0
2012-01-16,12100.0
2012-01-17,12100.0
2012-01-18,12100.0
2012-01-19,12100.0
2012-01-20,12100.0
2012-01-30,12100.0
2012-01-31,12250.0
2012-02-01,12250.0
2012-02-02,12250.0
2012-02-03,12250.0
2012-02-06,12250.0
2012-02-07,12250.0
2012-02-08,12250.0
2012-02-09,12250.0
2012-02-10,12250.0
2012-02-13,12250.0
2012-02-14,12150.0
2012-02-15,12150.0
2012-02-16,11950.0
2012-02-17,11950.0
2012-02-20,11950.0
2012-02-21,11950.0
2012-02-22,11950.0
2012-02-23,11950.0
2012-02-24,11950.0
2012-02-27,11900.0
2012-02-28,11850.0
2012-02-29,11850.0
2012-03-01,11800.0
2012-03-02,11800.0
2012-03-05,11800.0
2012-03-06,11800.0
2012-03-07,11800.0
2012-03-08,11800.0
2012-03-09,11800.0
2012-03-12,11525.0
2012-03-13,11525.0
2012-03-14,11525.0
2012-03-15,11500.0
2012-03-16,11500.0
2012-03-19,11250.0
2012-03-20,11250.0
2012-03-21,11100.0
2012-03-22,11100.0
2012-03-23,11100.0
2012-03-26,11100.0
2012-03-27,11250.0
2012-03-28,11400.0
2012-03-29,11400.0
2012-03-30,11400.0
2012-04-05,11300.0
2012-04-09,11300.0
2012-04-10,11275.0
2012-04-11,11275.0
2012-04-12,11275.0
2012-04-13,11275.0
2012-04-16,11275.0
2012-04-17,11275.0
2012-04-18,11275.0
2012-04-19,11275.0
2012-04-20,11225.0
2012-04-23,11225.0
2012-04-24,11200.0
2012-04-25,11200.0
2012-04-26,11200.0
2012-04-27,11200.0
2012-05-02,11200.0
2012-05-03,11200.0
2012-05-04,11200.0
2012-05-07,11200.0
2012-05-08,11200.0
2012-05-09,11025.0
2012-05-10,11025.0
2012-05-11,11025.0
2012-05-14,11200.0
2012-05-15,11200.0
2012-05-16,11150.0
2012-05-17,11150.0
2012-05-18,11150.0
2012-05-21,11050.0
2012-05-22,11000.0
2012-05-23,11000.0
2012-05-24,10900.0
2012-05-25,10800.0
2012-05-28,10800.0
2012-05-29,10700.0
2012-05-30,10700.0
2012-05-31,10600.0
2012-06-01,10550.0
2012-06-04,10375.0
2012-06-05,10275.0
2012-06-06,10100.0
2012-06-07,10000.0
2012-06-08,10000.0
2012-06-11,9775.0
2012-06-12,9725.0
2012-06-13,9725.0
2012-06-14,9575.0
2012-06-15,9575.0
2012-06-18,9650.0
2012-06-19,9750.0
2012-06-20,9750.0
2012-06-21,9750.0
2012-06-25,9525.0
2012-06-26,9525.0
2012-06-27,9525.0
2012-06-28,9500.0
2012-06-29,9500.0
2012-07-02,9850.0
2012-07-03,9850.0
2012-07-04,10000.0
2012-07-05,10100.0
2012-07-06,10100.0
2012-07-09,10100.0
2012-07-10,10100.0
2012-07-11,10100.0
2012-07-12,10100.0
2012-07-13,10100.0
2012-07-16,10300.0
2012-07-17,10400.0
2012-07-18,10400.0
2012-07-19,10400.0
2012-07-20,10575.0
2012-07-23,10675.0
2012-07-24,10675.0
2012-07-25,10675.0
2012-07-26,10675.0
2012-07-27,10675.0
2012-07-30,10675.0
2012-07-31,10900.0
2012-08-01,10900.0
2012-08-02,10900.0
2012-08-03,10900.0
2012-08-06,11075.0
2012-08-07,11400.0
2012-08-08,11400.0
2012-08-09,11400.0
2012-08-10,11500.0
2012-08-13,11500.0
2012-08-14,11500.0
2012-08-15,11500.0
2012-08-16,11500.0
2012-08-17,11500.0
2012-08-20,11200.0
2012-08-21,11200.0
2012-08-22,11200.0
2012-08-23,11200.0
2012-08-24,11200.0
2012-08-27,11200.0
2012-08-28,11200.0
2012-08-29,11200.0
2012-08-30,11200.0
2012-08-31,11200.0
2012-09-03,11200.0
2012-09-04,11200.0
2012-09-05,11200.0
2012-09-06,11200.0
2012-09-07,11200.0
2012-09-10,11200.0
2012-09-11,11200.0
2012-09-12,11200.0
2012-09-13,11200.0
2012-09-14,11350.0
2012-09-17,11475.0
2012-09-18,11475.0
2012-09-19,11475.0
2012-09-20,11475.0
2012-09-21,11375.0
2012-09-24,11400.0
2012-09-25,11400.0
2012-09-26,11400.0
2012-09-27,11400.0
2012-09-28,11400.0
2012-10-08,11250.0
2012-10-09,11250.0
2012-10-10,11250.0
2012-10-11,11250.0
2012-10-12,11250.0
2012-10-15,11250.0
2012-10-16,11250.0
2012-10-17,11100.0
2012-10-18,11100.0
2012-10-19,11100.0
2012-10-22,11100.0
2012-10-23,11050.0
2012-10-24,11250.0
2012-10-25,11250.0
2012-10-26,10950.0
2012-10-29,10950.0
2012-10-30,10950.0
2012-10-31,10900.0
2012-11-01,10900.0
2012-11-02,10900.0
2012-11-05,10900.0
2012-11-06,10900.0
2012-11-07,10900.0
2012-11-08,10900.0
2012-11-09,10900.0
2012-11-12,10800.0
2012-11-13,10800.0
2012-11-14,10700.0
2012-11-15,10700.0
2012-11-16,10700.0
2012-11-19,10700.0
2012-11-20,10700.0
2012-11-21,10700.0
2012-11-22,10700.0
2012-11-23,10700.0
2012-11-26,10700.0
2012-11-27,10700.0
2012-11-28,10700.0
2012-11-29,10700.0
2012-11-30,10700.0
2012-12-03,10700.0
2012-12-04,10900.0
2012-12-05,10900.0
2012-12-06,10900.0
2012-12-07,10900.0
2012-12-10,10900.0
2012-12-11,11000.0
2012-12-12,11000.0
2012-12-13,11000.0
2012-12-14,11000.0
2012-12-17,11000.0
2012-12-18,11200.0
2012-12-19,11200.0
2012-12-20,11200.0
2012-12-21,11200.0
2012-12-24,11200.0
2012-12-25,11200.0
2012-12-26,11200.0
2012-12-27,11200.0
2012-12-28,11200.0
2012-12-31,11200.0
2013-01-04,11700.0
2013-01-07,11750.0
2013-01-08,11750.0
2013-01-09,11750.0
2013-01-10,11750.0
2013-01-11,11750.0
2013-01-14,11650.0
2013-01-15,11650.0
2013-01-16,11650.0
2013-01-17,11650.0
2013-01-18,11650.0
2013-01-21,11650.0
2013-01-22,11650.0
2013-01-23,11500.0
2013-01-24,11500.0
2013-01-25,11500.0
2013-01-28,11500.0
2013-01-29,11500.0
2013-01-30,11500.0
2013-01-31,11500.0
2013-02-01,11500.0
2013-02-04,11500.0
2013-02-05,11500.0
2013-02-06,11500.0
2013-02-07,11500.0
2013-02-08,11500.0
2013-02-18,11550.0
2013-02-19,11550.0
2013-02-20,11550.0
2013-02-21,11550.0
2013-02-22,11400.0
2013-02-25,11400.0
2013-02-26,11400.0
2013-02-27,11400.0
2013-02-28,11400.0
2013-03-01,11400.0
2013-03-04,11200.0
2013-03-05,11200.0
2013-03-06,11200.0
2013-03-07,11200.0
2013-03-08,11200.0
2013-03-11,11100.0
2013-03-12,11050.0
2013-03-13,11025.0
2013-03-14,10875.0
2013-03-15,10875.0
2013-03-18,10875.0
2013-03-19,10875.0
2013-03-20,10825.0
2013-03-21,10725.0
2013-03-22,10725.0
2013-03-25,10650.0
2013-03-26,10550.0
2013-03-27,10500.0
2013-03-28,10450.0
2013-03-29,10450.0
2013-04-01,10175.0
2013-04-02,10150.0
2013-04-03,10150.0
2013-04-08,10250.0
2013-04-09,10325.0
2013-04-10,10475.0
2013-04-11,10575.0
2013-04-12,10575.0
2013-04-15,10675.0
2013-04-16,10600.0
2013-04-17,10600.0
2013-04-18,10500.0
2013-04-19,10375.0
2013-04-22,10375.0
2013-04-23,10375.0
2013-04-24,10375.0
2013-04-25,10375.0
2013-04-26,10375.0
2013-05-02,10550.0
2013-05-03,10550.0
2013-05-06,10550.0
2013-05-07,10750.0
2013-05-08,10750.0
2013-05-09,10750.0
2013-05-10,10750.0
2013-05-13,10750.0
2013-05-14,10700.0
2013-05-15,10625.0
2013-05-16,10625.0
2013-05-17,10625.0
2013-05-20,10625.0
2013-05-21,10550.0
2013-05-22,10550.0
2013-05-23,10550.0
2013-05-24,10550.0
2013-05-27,10550.0
2013-05-28,10525.0
2013-05-29,10500.0
2013-05-30,10475.0
2013-05-31,10450.0
2013-06-03,10450.0
2013-06-04,10450.0
2013-06-05,10450.0
2013-06-06,10450.0
2013-06-07,10450.0
2013-06-13,10450.0
2013-06-14,10450.0
2013-06-17,10450.0
2013-06-18,10450.0
2013-06-19,10450.0
2013-06-20,10450.0
2013-06-21,10450.0
2013-06-24,10450.0
2013-06-25,10375.0
2013-06-26,10375.0
2013-06-27,10350.0
2013-06-28,10350.0
2013-07-01,10325.0
2013-07-02,10325.0
2013-07-03,10325.0
2013-07-04,10325.0
2013-07-05,10325.0
2013-07-08,10325.0
2013-07-09,10300.0
2013-07-10,10300.0
2013-07-11,10300.0
2013-07-12,10300.0
2013-07-15,10300.0
2013-07-16,10300.0
2013-07-17,10300.0
2013-07-18,10200.0
2013-07-19,10200.0
2013-07-22,10250.0
2013-07-23,10425.0
2013-07-24,10450.0
2013-07-25,10450.0
2013-07-26,10450.0
2013-07-29,10425.0
2013-07-30,10400.0
2013-07-31,10375.0
2013-08-01,10375.0
2013-08-02,10525.0
2013-08-05,10550.0
2013-08-06,10550.0
2013-08-07,10550.0
2013-08-08,10550.0
2013-08-09,10550.0
2013-08-12,10550.0
2013-08-13,10550.0
2013-08-14,10650.0
2013-08-15,10650.0
2013-08-16,10650.0
2013-08-19,10700.0
2013-08-20,10700.0
2013-08-21,10700.0
2013-08-22,10700.0
2013-08-23,10700.0
2013-08-26,10700.0
2013-08-27,10700.0
2013-08-28,10700.0
2013-08-29,10750.0
2013-08-30,10750.0
2013-09-02,10750.0
2013-09-03,10750.0
2013-09-04,10750.0
2013-09-05,10700.0
2013-09-06,10700.0
2013-09-09,10700.0
2013-09-10,10700.0
2013-09-11,10700.0
2013-09-12,10700.0
2013-09-13,10700.0
2013-09-16,10550.0
2013-09-17,10450.0
2013-09-18,10450.0
2013-09-23,10350.0
2013-09-24,10050.0
2013-09-25,10050.0
2013-09-26,10050.0
2013-09-27,10050.0
2013-09-30,10050.0
2013-10-08,10200.0
2013-10-09,10200.0
2013-10-10,10200.0
2013-10-11,10200.0
2013-10-14,10200.0
2013-10-15,10100.0
2013-10-16,10100.0
2013-10-17,10000.0
2013-10-18,10000.0
2013-10-21,10000.0
2013-10-22,10000.0
2013-10-23,10000.0
2013-10-24,10000.0
2013-10-25,10000.0
2013-10-28,10000.0
2013-10-29,10000.0
2013-10-30,10000.0
2013-10-31,10000.0
2013-11-01,10000.0
2013-11-04,10050.0
2013-11-05,10050.0
2013-11-06,10050.0
2013-11-07,10050.0
2013-11-08,10050.0
2013-11-11,10050.0
2013-11-12,10050.0
2013-11-13,10050.0
2013-11-14,10100.0
2013-11-15,10100.0
2013-11-18,10100.0
2013-11-19,10100.0
2013-11-20,10075.0
2013-11-21,10075.0
2013-11-22,10075.0
2013-11-25,10075.0
2013-11-26,10050.0
2013-11-27,10050.0
2013-11-28,10050.0
2013-11-29,10050.0
2013-12-02,10050.0
2013-12-03,10050.0
2013-12-04,9975.0
2013-12-05,10050.0
2013-12-06,10050.0
2013-12-09,9950.0
2013-12-10,9950.0
2013-12-11,9950.0
2013-12-12,9850.0
2013-12-13,9850.0
2013-12-16,9850.0
2013-12-17,9850.0
2013-12-18,9700.0
2013-12-19,9700.0
2013-12-20,9700.0
2013-12-23,9700.0
2013-12-24,9700.0
2013-12-25,9700.0
2013-12-26,9700.0
2013-12-27,9750.0
2013-12-30,9850.0
2013-12-31,9850.0
2014-01-02,9850.0
2014-01-03,9850.0
2014-01-06,9850.0
2014-01-07,9700.0
2014-01-08,9700.0
2014-01-09,9750.0
2014-01-10,9750.0
2014-01-13,9725.0
2014-01-14,9700.0
2014-01-15,9650.0
2014-01-16,9550.0
2014-01-17,9550.0
2014-01-20,9550.0
2014-01-21,9550.0
2014-01-22,9550.0
2014-01-23,9550.0
2014-01-24,9550.0
2014-01-27,9550.0
2014-01-28,9550.0
2014-01-29,9550.0
2014-02-07,9600.0
2014-02-10,9600.0
2014-02-11,9600.0
2014-02-12,9600.0
2014-02-13,9600.0
2014-02-14,9600.0
2014-02-17,9450.0
2014-02-18,9400.0
2014-02-19,9375.0
2014-02-20,9375.0
2014-02-21,9375.0
2014-02-24,9250.0
2014-02-25,9250.0
2014-02-26,9050.0
2014-02-27,9050.0
2014-02-28,9050.0
2014-03-03,8950.0
2014-03-04,8850.0
2014-03-05,8850.0
2014-03-06,8775.0
2014-03-07,8775.0
2014-03-10,8850.0
2014-03-11,8850.0
2014-03-12,8850.0
2014-03-13,8850.0
2014-03-14,8850.0
2014-03-17,8750.0
2014-03-18,8750.0
2014-03-19,8750.0
2014-03-20,8775.0
2014-03-21,8775.0
2014-03-24,8775.0
2014-03-25,8825.0
2014-03-26,8850.0
2014-03-27,8925.0
2014-03-28,8925.0
2014-03-31,9150.0
2014-04-01,9175.0
2014-04-02,9175.0
2014-04-03,9175.0
2014-04-04,9175.0
2014-04-08,9150.0
2014-04-09,9150.0
2014-04-10,9200.0
2014-04-11,9200.0
2014-04-14,9225.0
2014-04-15,9250.0
2014-04-16,9300.0
2014-04-17,9400.0
2014-04-18,9400.0
2014-04-21,9400.0
2014-04-22,9400.0
2014-04-23,9350.0
2014-04-24,9300.0
2014-04-25,9300.0
2014-04-28,9250.0
2014-04-29,9250.0
2014-04-30,9250.0
2014-05-05,9125.0
2014-05-06,9050.0
2014-05-07,8975.0
2014-05-08,8900.0
2014-05-09,8900.0
2014-05-12,8850.0
2014-05-13,8950.0
2014-05-14,8950.0
2014-05-15,8950.0
2014-05-16,8950.0
2014-05-19,8925.0
2014-05-20,8925.0
2014-05-21,8950.0
2014-05-22,9050.0
2014-05-23,9050.0
2014-05-26,9250.0
2014-05-27,9250.0
2014-05-28,9250.0
2014-05-29,9300.0
2014-05-30,9300.0
2014-06-03,9350.0
2014-06-04,9500.0
2014-06-05,9600.0
2014-06-06,9550.0
2014-06-09,9850.0
2014-06-10,9850.0
2014-06-11,9850.0
2014-06-12,9850.0
2014-06-13,9850.0
2014-06-16,10325.0
2014-06-17,10425.0
2014-06-18,10425.0
2014-06-19,10425.0
2014-06-20,10425.0
2014-06-23,10625.0
2014-06-24,10625.0
2014-06-25,10625.0
2014-06-26,10625.0
2014-06-27,10625.0
2014-06-30,10625.0
2014-07-01,10625.0
2014-07-02,10500.0
2014-07-03,10475.0
2014-07-04,10475.0
2014-07-07,10425.0
2014-07-08,10375.0
2014-07-09,10150.0
2014-07-10,10100.0
2014-07-11,10025.0
2014-07-14,9975.0
2014-07-15,9950.0
2014-07-16,9950.0
2014-07-17,9975.0
2014-07-18,9975.0
2014-07-21,9975.0
2014-07-22,9975.0
2014-07-23,9975.0
2014-07-24,9975.0
2014-07-25,9975.0
2014-07-28,9850.0
2014-07-29,9850.0
2014-07-30,9850.0
2014-07-31,9850.0
2014-08-01,9850.0
2014-08-04,9850.0
2014-08-05,9850.0
2014-08-06,9750.0
2014-08-07,9750.0
2014-08-08,9750.0
2014-08-11,9750.0
2014-08-12,9750.0
2014-08-13,9850.0
2014-08-14,9850.0
2014-08-15,9850.0
2014-08-18,9850.0
2014-08-19,9850.0
2014-08-20,9800.0
2014-08-21,9800.0
2014-08-22,9775.0
2014-08-25,9775.0
2014-08-26,9800.0
2014-08-27,9800.0
2014-08-28,9725.0
2014-08-29,9725.0
2014-09-01,9725.0
2014-09-02,9725.0
2014-09-03,9725.0
2014-09-04,9725.0
2014-09-05,9725.0
2014-09-09,9725.0
2014-09-10,9700.0
2014-09-11,9650.0
2014-09-12,9650.0
2014-09-15,9575.0
2014-09-16,9575.0
2014-09-17,9550.0
2014-09-18,9475.0
2014-09-19,9475.0
2014-09-22,9325.0
2014-09-23,9200.0
2014-09-24,9200.0
2014-09-25,9200.0
2014-09-26,9225.0
2014-09-29,9150.0
2014-09-30,9100.0
2014-10-08,9000.0
2014-10-09,8900.0
2014-10-10,8875.0
2014-10-13,8600.0
2014-10-14,8400.0
2014-10-15,8450.0
2014-10-16,8450.0
2014-10-17,8450.0
2014-10-20,8450.0
2014-10-21,8575.0
2014-10-22,8650.0
2014-10-23,8650.0
2014-10-24,8650.0
2014-10-27,8850.0
2014-10-28,8850.0
2014-10-29,8850.0
2014-10-30,8850.0
2014-10-31,8850.0
2014-11-03,8800.0
2014-11-04,8700.0
2014-11-05,8550.0
2014-11-06,8500.0
2014-11-07,8500.0
2014-11-10,8600.0
2014-11-11,8650.0
2014-11-12,8650.0
2014-11-13,8650.0
2014-11-14,8750.0
2014-11-17,8775.0
2014-11-18,8775.0
2014-11-19,8775.0
2014-11-20,8950.0
2014-11-21,9025.0
2014-11-24,9125.0
2014-11-25,9150.0
2014-11-26,9150.0
2014-11-27,9150.0
2014-11-28,9075.0
2014-12-01,8975.0
2014-12-02,8900.0
2014-12-03,8775.0
2014-12-04,8775.0
2014-12-05,8775.0
2014-12-08,8425.0
2014-12-09,8300.0
2014-12-10,8100.0
2014-12-11,8200.0
2014-12-12,8150.0
2014-12-15,7850.0
2014-12-16,7875.0
2014-12-17,7775.0
2014-12-18,7725.0
2014-12-19,7725.0
2014-12-22,7925.0
2014-12-23,7925.0
2014-12-24,7950.0
2014-12-25,7950.0
2014-12-26,7950.0
2014-12-29,7900.0
2014-12-30,7825.0
2014-12-31,7825.0
2015-01-05,7625.0
2015-01-06,7500.0
2015-01-07,7375.0
2015-01-08,7325.0
2015-01-09,7275.0
2015-01-12,7075.0
2015-01-13,6975.0
2015-01-14,6975.0
2015-01-15,6975.0
2015-01-16,6975.0
2015-01-19,6975.0
2015-01-20,6975.0
2015-01-21,6975.0
2015-01-22,7275.0
2015-01-23,7325.0
2015-01-26,7325.0
2015-01-27,7325.0
2015-01-28,7325.0
2015-01-29,7325.0
2015-01-30,7325.0
2015-02-02,7325.0
2015-02-03,7325.0
2015-02-04,7450.0
2015-02-05,7450.0
2015-02-06,7450.0
2015-02-09,7450.0
2015-02-10,7450.0
2015-02-11,7450.0
2015-02-12,7450.0
2015-02-13,7450.0
2015-02-16,7450.0
2015-02-17,7450.0
2015-02-25,7450.0
2015-02-26,7450.0
2015-02-27,7450.0
2015-03-02,7450.0
2015-03-03,7500.0
2015-03-04,7500.0
2015-03-05,7575.0
2015-03-06,7575.0
2015-03-09,7475.0
2015-03-10,7475.0
2015-03-11,7475.0
2015-03-12,7400.0
2015-03-13,7350.0
2015-03-16,7350.0
2015-03-17,7225.0
2015-03-18,7225.0
2015-03-19,7225.0
2015-03-20,7150.0
2015-03-23,7150.0
2015-03-24,7175.0
2015-03-25,7275.0
2015-03-26,7275.0
2015-03-27,7275.0
2015-03-30,7275.0
2015-03-31,7275.0
2015-04-01,7275.0
2015-04-02,7275.0
2015-04-03,7275.0
2015-04-07,7425.0
2015-04-08,7600.0
2015-04-09,7650.0
2015-04-10,7650.0
2015-04-13,7650.0
2015-04-14,7650.0
2015-04-15,7975.0
2015-04-16,8150.0
2015-04-17,8150.0
2015-04-20,8175.0
2015-04-21,8325.0
2015-04-22,8650.0
2015-04-23,8650.0
2015-04-24,8700.0
2015-04-27,8700.0
2015-04-28,8700.0
2015-04-29,8650.0
2015-04-30,8650.0
2015-05-04,8625.0
2015-05-05,8625.0
2015-05-06,8625.0
2015-05-07,8625.0
2015-05-08,8625.0
2015-05-11,8600.0
2015-05-12,8475.0
2015-05-13,8475.0
2015-05-14,8425.0
2015-05-15,8325.0
2015-05-18,8100.0
2015-05-19,7975.0
2015-05-20,7925.0
2015-05-21,7750.0
2015-05-22,7700.0
2015-05-25,7700.0
2015-05-26,7600.0
2015-05-27,7575.0
2015-05-28,7525.0
2015-05-29,7475.0
2015-06-01,7475.0
2015-06-02,7475.0
2015-06-03,7550.0
2015-06-04,7550.0
2015-06-05,7550.0
2015-06-08,7500.0
2015-06-09,7500.0
2015-06-10,7500.0
2015-06-11,7550.0
2015-06-12,7550.0
2015-06-15,7475.0
2015-06-16,7400.0
2015-06-17,7400.0
2015-06-18,7325.0
2015-06-19,7325.0
2015-06-23,7275.0
2015-06-24,7275.0
2015-06-25,7275.0
2015-06-26,7275.0
2015-06-29,7275.0
2015-06-30,7275.0
2015-07-01,7275.0
2015-07-02,7275.0
2015-07-03,7350.0
2015-07-06,7350.0
2015-07-07,7350.0
2015-07-08,7250.0
2015-07-09,7200.0
2015-07-10,7200.0
2015-07-13,7200.0
2015-07-14,7225.0
2015-07-15,7225.0
2015-07-16,7175.0
2015-07-17,7125.0
2015-07-20,7100.0
2015-07-21,7100.0
2015-07-22,7100.0
2015-07-23,6975.0
2015-07-24,6950.0
2015-07-27,6900.0
2015-07-28,6850.0
2015-07-29,6850.0
2015-07-30,6850.0
2015-07-31,6800.0
2015-08-03,6800.0
2015-08-04,6800.0
2015-08-05,6800.0
2015-08-06,6800.0
2015-08-07,6800.0
2015-08-10,6800.0
2015-08-11,6800.0
2015-08-12,6825.0
2015-08-13,6850.0
2015-08-14,6950.0
2015-08-17,6950.0
2015-08-18,6900.0
2015-08-19,6875.0
2015-08-20,6875.0
2015-08-21,6825.0
2015-08-24,6725.0
2015-08-25,6650.0
2015-08-26,6650.0
2015-08-27,6650.0
2015-08-28,6725.0
2015-08-31,6925.0
2015-09-01,7050.0
2015-09-02,7050.0
2015-09-07,6950.0
2015-09-08,6950.0
2015-09-09,6850.0
2015-09-10,6850.0
2015-09-11,6850.0
2015-09-14,6800.0
2015-09-15,6800.0
2015-09-16,6800.0
2015-09-17,6800.0
2015-09-18,6800.0
2015-09-21,6700.0
2015-09-22,6650.0
2015-09-23,6625.0
2015-09-24,6625.0
2015-09-25,6575.0
2015-09-28,6450.0
2015-09-29,6325.0
2015-09-30,6325.0
2015-10-08,6450.0
2015-10-09,6550.0
2015-10-12,6575.0
2015-10-13,6575.0
2015-10-14,6550.0
2015-10-15,6525.0
2015-10-16,6475.0
2015-10-19,6375.0
2015-10-20,6375.0
2015-10-21,6300.0
2015-10-22,6350.0
2015-10-23,6350.0
2015-10-26,6450.0
2015-10-27,6500.0
2015-10-28,6500.0
2015-10-29,6475.0
2015-10-30,6550.0
2015-11-02,6550.0
2015-11-03,6600.0
2015-11-04,6600.0
2015-11-05,6600.0
2015-11-06,6600.0
2015-11-09,6600.0
2015-11-10,6575.0
2015-11-11,6575.0
2015-11-12,6500.0
2015-11-13,6475.0
2015-11-16,6450.0
2015-11-17,6425.0
2015-11-18,6400.0
2015-11-19,6400.0
2015-11-20,6400.0
2015-11-23,6400.0
2015-11-24,6400.0
2015-11-25,6400.0
2015-11-26,6425.0
2015-11-27,6425.0
2015-11-30,6375.0
2015-12-01,6375.0
2015-12-02,6375.0
2015-12-03,6325.0
2015-12-04,6325.0
2015-12-07,6300.0
2015-12-08,6225.0
2015-12-09,6175.0
2015-12-10,6175.0
2015-12-11,6125.0
2015-12-14,6100.0
2015-12-15,6050.0
2015-12-16,5950.0
2015-12-17,6000.0
2015-12-18,5950.0
2015-12-21,5950.0
2015-12-22,5925.0
2015-12-23,5925.0
2015-12-24,5925.0
2015-12-25,5975.0
2015-12-28,6050.0
2015-12-29,6050.0
2015-12-30,6050.0
2015-12-31,6050.0
2016-01-04,6050.0
2016-01-05,6075.0
2016-01-06,6100.0
2016-01-07,6125.0
2016-01-08,6125.0
2016-01-11,6175.0
2016-01-12,6200.0
2016-01-13,6200.0
2016-01-14,6200.0
2016-01-15,6225.0
2016-01-18,6225.0
2016-01-19,6225.0
2016-01-20,6225.0
2016-01-21,6225.0
2016-01-22,6225.0
2016-01-25,6225.0
2016-01-26,6200.0
2016-01-27,6200.0
2016-01-28,6200.0
2016-01-29,6225.0
2016-02-01,6225.0
2016-02-02,6225.0
2016-02-03,6225.0
2016-02-04,6225.0
2016-02-05,6225.0
2016-02-15,6275.0
2016-02-16,6275.0
2016-02-17,6300.0
2016-02-18,6300.0
2016-02-19,6325.0
2016-02-22,6325.0
2016-02-23,6425.0
2016-02-24,6425.0
2016-02-25,6450.0
2016-02-26,6450.0
2016-02-29,6425.0
2016-03-01,6500.0
2016-03-02,6625.0
2016-03-03,6650.0
2016-03-04,6650.0
2016-03-07,7050.0
2016-03-08,7125.0
2016-03-09,7175.0
2016-03-10,7200.0
2016-03-11,7200.0
2016-03-14,7200.0
2016-03-15,7150.0
2016-03-16,7050.0
2016-03-17,7100.0
2016-03-18,7200.0
2016-03-21,7200.0
2016-03-22,7200.0
2016-03-23,7100.0
2016-03-24,7025.0
2016-03-25,7000.0
2016-03-28,6875.0
2016-03-29,6875.0
2016-03-30,6825.0
2016-03-31,6800.0
2016-04-01,6775.0
2016-04-05,6750.0
2016-04-06,6650.0
2016-04-07,6650.0
2016-04-08,6650.0
2016-04-11,6650.0
2016-04-12,6550.0
2016-04-13,6650.0
2016-04-14,6725.0
2016-04-15,6725.0
2016-04-18,6725.0
2016-04-19,6675.0
2016-04-20,6675.0
2016-04-21,6675.0
2016-04-22,6800.0
2016-04-25,6775.0
2016-04-26,6825.0
2016-04-27,6875.0
2016-04-28,6875.0
2016-04-29,6850.0
2016-05-03,6850.0
2016-05-04,6850.0
2016-05-05,6775.0
2016-05-06,6700.0
2016-05-09,6650.0
2016-05-10,6625.0
2016-05-11,6575.0
2016-05-12,6650.0
2016-05-13,6625.0
2016-05-16,6575.0
2016-05-17,6550.0
2016-05-18,6625.0
2016-05-19,6625.0
2016-05-20,6625.0
2016-05-23,6575.0
2016-05-24,6475.0
2016-05-25,6450.0
2016-05-26,6400.0
2016-05-27,6400.0
2016-05-30,6375.0
2016-05-31,6325.0
2016-06-01,6400.0
2016-06-02,6350.0
2016-06-03,6350.0
2016-06-06,6375.0
2016-06-07,6450.0
2016-06-08,6450.0
2016-06-13,6475.0
2016-06-14,6475.0
2016-06-15,6475.0
2016-06-16,6475.0
2016-06-17,6475.0
2016-06-20,6475.0
2016-06-21,6475.0
2016-06-22,6525.0
2016-06-23,6525.0
2016-06-24,6525.0
2016-06-27,6560.0
2016-06-28,6575.0
2016-06-29,6645.0
2016-06-30,6685.0
2016-07-01,6720.0
2016-07-04,6815.0
2016-07-05,6905.0
2016-07-06,6910.0
2016-07-07,6910.0
2016-07-08,6880.0
2016-07-11,6855.0
2016-07-12,6885.0
2016-07-13,6910.0
2016-07-14,6920.0
2016-07-15,6920.0
2016-07-18,6985.0
2016-07-19,7000.0
2016-07-20,7000.0
2016-07-21,7000.0
2016-07-22,7085.0
2016-07-25,7095.0
2016-07-26,7095.0
2016-07-27,7075.0
2016-07-28,7075.0
2016-07-29,7055.0
2016-08-01,7025.0
2016-08-02,7025.0
2016-08-03,6975.0
2016-08-04,6965.0
2016-08-05,6935.0
2016-08-08,6850.0
2016-08-09,6840.0
2016-08-10,6875.0
2016-08-11,6875.0
2016-08-12,6875.0
2016-08-15,6920.0
2016-08-16,6975.0
2016-08-17,6980.0
2016-08-18,6980.0
2016-08-19,7000.0
2016-08-22,6975.0
2016-08-23,6975.0
2016-08-24,7025.0
2016-08-25,7025.0
2016-08-26,7025.0
2016-08-29,7025.0
2016-08-30,7025.0
2016-08-31,7025.0
2016-09-01,7025.0
2016-09-02,7025.0
2016-09-05,6970.0
2016-09-06,6965.0
2016-09-07,6925.0
2016-09-08,6915.0
2016-09-09,6955.0
2016-09-12,6955.0
2016-09-13,6955.0
2016-09-14,6870.0
2016-09-19,6845.0
2016-09-20,6795.0
2016-09-21,6795.0
2016-09-22,6790.0
2016-09-23,6785.0
2016-09-26,6790.0
2016-09-27,6770.0
2016-09-28,6780.0
2016-09-29,6790.0
2016-09-30,6850.0
2016-10-10,7035.0
2016-10-11,7095.0
2016-10-12,7120.0
2016-10-13,7120.0
2016-10-14,7120.0
2016-10-17,7120.0
2016-10-18,7200.0
2016-10-19,7215.0
2016-10-20,7300.0
2016-10-21,7345.0
2016-10-24,7345.0
2016-10-25,7345.0
2016-10-26,7400.0
2016-10-27,7400.0
2016-10-28,7400.0
2016-10-31,7400.0
2016-11-01,7435.0
2016-11-02,7445.0
2016-11-03,7440.0
2016-11-04,7440.0
2016-11-07,7410.0
2016-11-08,7430.0
2016-11-09,7430.0
2016-11-10,7435.0
2016-11-11,7620.0
2016-11-14,7630.0
2016-11-15,7655.0
2016-11-16,7695.0
2016-11-17,7735.0
2016-11-18,7735.0
2016-11-21,7735.0
2016-11-22,7770.0
2016-11-23,7770.0
2016-11-24,7770.0
2016-11-25,7770.0
2016-11-28,7735.0
2016-11-29,7720.0
2016-11-30,7710.0
2016-12-01,7755.0
2016-12-02,7785.0
2016-12-05,7805.0
2016-12-06,7890.0
2016-12-07,7905.0
2016-12-08,8040.0
2016-12-09,8080.0
2016-12-12,8465.0
2016-12-13,8615.0
2016-12-14,8670.0
2016-12-15,8700.0
2016-12-16,8700.0
2016-12-19,8745.0
2016-12-20,8755.0
2016-12-21,8755.0
2016-12-22,8755.0
2016-12-23,8740.0
2016-12-26,8730.0
2016-12-27,8725.0
2016-12-28,8735.0
2016-12-29,8750.0
2016-12-30,8750.0
2017-01-03,8730.0
2017-01-04,8720.0
2017-01-05,8715.0
2017-01-06,8705.0
2017-01-09,8620.0
2017-01-10,8620.0
2017-01-11,8585.0
2017-01-12,8603.0
2017-01-13,8515.0
2017-01-16,8540.0
2017-01-17,8555.0
2017-01-18,8550.0
2017-01-19,8550.0
2017-01-20,8530.0
2017-01-23,8530.0
2017-01-24,8580.0
2017-01-25,8580.0
2017-01-26,8580.0
2017-02-03,8800.0
2017-02-06,8885.0
2017-02-07,8975.0
2017-02-08,8985.0
2017-02-09,8985.0
2017-02-10,8985.0
2017-02-13,8965.0
2017-02-14,9025.0
2017-02-15,9025.0
2017-02-16,9025.0
2017-02-17,9005.0
2017-02-20,8970.0
2017-02-21,8970.0
2017-02-22,8970.0
2017-02-23,8950.0
2017-02-24,8930.0
2017-02-27,8880.0
2017-02-28,8870.0
2017-03-01,8860.0
2017-03-02,8860.0
2017-03-03,8800.0
2017-03-06,8780.0
2017-03-07,8720.0
2017-03-08,8700.0
2017-03-09,8560.0
2017-03-10,8375.0
2017-03-13,8020.0
2017-03-14,7915.0
2017-03-15,7915.0
2017-03-16,7915.0
2017-03-17,7965.0
2017-03-20,7960.0
2017-03-21,7955.0
2017-03-22,7940.0
2017-03-23,7910.0
2017-03-24,7855.0
2017-03-27,7755.0
2017-03-28,7725.0
2017-03-29,7650.0
2017-03-30,7565.0
2017-03-31,7540.0
2017-04-05,7630.0
2017-04-06,7725.0
2017-04-07,7775.0
2017-04-10,7940.0
2017-04-11,7970.0
2017-04-12,8015.0
2017-04-13,8025.0
2017-04-14,8025.0
2017-04-17,8115.0
2017-04-18,8125.0
2017-04-19,8115.0
2017-04-20,8075.0
2017-04-21,8015.0
2017-04-24,7895.0
2017-04-25,7800.0
2017-04-26,7780.0
2017-04-27,7775.0
2017-04-28,7735.0
2017-05-02,7715.0
2017-05-03,7695.0
2017-05-04,7605.0
2017-05-05,7465.0
2017-05-08,7355.0
2017-05-09,7265.0
2017-05-10,7250.0
2017-05-11,7250.0
2017-05-12,7265.0
2017-05-15,7265.0
2017-05-16,7375.0
2017-05-17,7375.0
2017-05-18,7375.0
2017-05-19,7400.0
2017-05-22,7600.0
2017-05-23,7615.0
2017-05-24,7650.0
2017-05-25,7650.0
2017-05-26,7650.0
2017-05-31,7600.0
2017-06-01,7595.0
2017-06-02,7595.0
2017-06-05,7585.0
2017-06-06,7580.0
2017-06-07,7605.0
2017-06-08,7615.0
2017-06-09,7610.0
2017-06-12,7600.0
2017-06-13,7690.0
2017-06-14,7700.0
2017-06-15,7700.0
2017-06-16,7695.0
2017-06-19,7695.0
2017-06-20,7715.0
2017-06-21,7730.0
2017-06-22,7730.0
2017-06-23,7760.0
2017-06-26,7760.0
2017-06-27,7770.0
2017-06-28,7845.0
2017-06-29,7845.0
2017-06-30,7850.0
2017-07-03,7915.0
2017-07-04,8000.0
2017-07-05,8055.0
2017-07-06,8110.0
2017-07-07,8110.0
2017-07-10,8110.0
2017-07-11,8190.0
2017-07-12,8300.0
2017-07-13,8325.0
2017-07-14,8340.0
2017-07-17,8475.0
2017-07-18,8475.0
2017-07-19,8480.0
2017-07-20,8495.0
2017-07-21,8495.0
2017-07-24,8480.0
2017-07-25,8470.0
2017-07-26,8450.0
2017-07-27,8370.0
2017-07-28,8355.0
2017-07-31,8190.0
2017-08-01,8240.0
2017-08-02,8225.0
2017-08-03,8175.0
2017-08-04,8135.0
2017-08-07,8065.0
2017-08-08,8060.0
2017-08-09,8025.0
2017-08-10,7990.0
2017-08-11,8050.0
2017-08-14,8040.0
2017-08-15,8085.0
2017-08-16,8100.0
2017-08-17,8110.0
2017-08-18,8105.0
2017-08-21,8190.0
2017-08-22,8215.0
2017-08-23,8225.0
2017-08-24,8225.0
2017-08-25,8225.0
2017-08-28,8240.0
2017-08-29,8315.0
2017-08-30,8320.0
2017-08-31,8320.0
2017-09-01,8415.0
2017-09-04,8595.0
2017-09-05,8665.0
2017-09-06,8670.0
2017-09-07,8675.0
2017-09-08,8690.0
2017-09-11,8690.0
2017-09-12,8700.0
2017-09-13,8730.0
2017-09-14,8735.0
2017-09-15,8735.0
2017-09-18,8720.0
2017-09-19,8715.0
2017-09-20,8675.0
2017-09-21,8645.0
2017-09-22,8620.0
2017-09-25,8565.0
2017-09-26,8420.0
2017-09-27,8460.0
2017-09-28,8460.0
2017-09-29,8460.0
2017-10-09,8420.0
2017-10-10,8405.0
2017-10-11,8380.0
2017-10-12,8380.0
2017-10-13,8370.0
2017-10-16,8475.0
2017-10-17,8555.0
2017-10-18,8560.0
2017-10-19,8580.0
2017-10-20,8600.0
2017-10-23,8625.0
2017-10-24,8620.0
2017-10-25,8680.0
2017-10-26,8690.0
2017-10-27,8695.0
2017-10-30,8755.0
2017-10-31,8780.0
2017-11-01,8780.0
2017-11-02,8780.0
2017-11-03,8870.0
2017-11-06,8885.0
2017-11-07,8980.0
2017-11-08,8985.0
2017-11-09,8985.0
2017-11-10,8985.0
2017-11-13,8990.0
2017-11-14,9080.0
2017-11-15,9095.0
2017-11-16,9090.0
2017-11-17,9090.0
2017-11-20,9085.0
2017-11-21,9050.0
2017-11-22,9050.0
2017-11-23,9035.0
2017-11-24,8995.0
2017-11-27,8880.0
2017-11-28,8890.0
2017-11-29,8860.0
2017-11-30,8810.0
2017-12-01,8825.0
2017-12-04,8880.0
2017-12-05,8880.0
2017-12-06,8875.0
2017-12-07,8810.0
2017-12-08,8765.0
2017-12-11,8700.0
2017-12-12,8655.0
2017-12-13,8630.0
2017-12-14,8605.0
2017-12-15,8605.0
2017-12-18,8565.0
2017-12-19,8565.0
2017-12-20,8610.0
2017-12-21,8620.0
2017-12-22,8625.0
2017-12-25,8625.0
2017-12-26,8635.0
2017-12-27,8660.0
2017-12-28,8700.0
2017-12-29,8710.0
2018-01-02,8720.0
2018-01-03,8780.0
2018-01-04,8805.0
2018-01-05,8900.0
2018-01-08,8905.0
2018-01-09,9010.0
2018-01-10,9030.0
2018-01-11,9030.0
2018-01-12,9030.0
2018-01-15,9030.0
2018-01-16,9030.0
2018-01-17,9030.0
2018-01-18,8990.0
2018-01-19,8985.0
2018-01-22,8950.0
2018-01-23,8955.0
2018-01-24,8955.0
2018-01-25,8940.0
2018-01-26,8945.0
2018-01-29,8790.0
2018-01-30,8740.0
2018-01-31,8725.0
2018-02-01,8710.0
2018-02-02,8705.0
2018-02-05,8680.0
2018-02-06,8650.0
2018-02-07,8665.0
2018-02-08,8655.0
2018-02-09,8660.0
2018-02-12,8660.0
2018-02-13,8660.0
2018-02-14,8685.0
2018-02-22,8685.0
2018-02-23,8725.0
2018-02-26,8780.0
2018-02-27,8825.0
2018-02-28,8835.0
2018-03-01,8835.0
2018-03-02,8830.0
2018-03-05,8830.0
2018-03-06,8830.0
2018-03-07,8820.0
2018-03-08,8785.0
2018-03-09,8750.0
2018-03-12,8685.0
2018-03-13,8680.0
2018-03-14,8685.0
2018-03-15,8695.0
2018-03-16,8680.0
2018-03-19,8660.0
2018-03-20,8740.0
2018-03-21,8740.0
2018-03-22,8800.0
2018-03-23,8835.0
2018-03-26,8810.0
2018-03-27,8815.0
2018-03-28,8875.0
2018-03-29,8875.0
2018-03-30,8865.0
2018-04-02,8875.0
2018-04-03,8895.0
2018-04-04,8895.0
2018-04-09,8950.0
2018-04-10,9000.0
2018-04-11,9055.0
2018-04-12,9065.0
2018-04-13,9065.0
2018-04-16,9095.0
2018-04-17,9170.0
2018-04-18,9170.0
2018-04-19,9240.0
2018-04-20,9255.0
2018-04-23,9255.0
2018-04-24,9255.0
2018-04-25,9255.0
2018-04-26,9275.0
2018-04-27,9280.0
2018-05-02,9280.0
2018-05-03,9270.0
2018-05-04,9245.0
2018-05-07,9265.0
2018-05-08,9295.0
2018-05-09,9300.0
2018-05-10,9300.0
2018-05-11,9305.0
2018-05-14,9300.0
2018-05-15,9305.0
2018-05-16,9300.0
2018-05-17,9285.0
2018-05-18,9265.0
2018-05-21,9255.0
2018-05-22,9115.0
2018-05-23,9050.0
2018-05-24,9065.0
2018-05-25,9075.0
2018-05-28,9000.0
2018-05-29,8925.0
2018-05-30,8820.0
2018-05-31,8825.0
2018-06-01,8890.0
2018-06-04,8930.0
2018-06-05,8930.0
2018-06-06,8930.0
2018-06-07,8925.0
2018-06-08,8955.0
2018-06-11,8950.0
2018-06-12,8945.0
2018-06-13,8995.0
2018-06-14,9000.0
2018-06-15,9015.0
2018-06-19,9015.0
2018-06-20,9020.0
2018-06-21,9015.0
2018-06-22,9015.0
2018-06-25,9005.0
2018-06-26,9010.0
2018-06-27,9015.0
2018-06-28,9160.0
2018-06-29,9170.0
2018-07-02,9170.0
2018-07-03,9175.0
2018-07-04,9200.0
2018-07-05,9275.0
2018-07-06,9300.0
2018-07-09,9315.0
2018-07-10,9345.0
2018-07-11,9430.0
2018-07-12,9430.0
2018-07-13,9430.0
2018-07-16,9455.0
2018-07-17,9455.0
2018-07-18,9465.0
2018-07-19,9510.0
2018-07-20,9645.0
2018-07-23,9735.0
2018-07-24,9805.0
2018-07-25,9820.0
2018-07-26,9830.0
2018-07-27,9830.0
2018-07-30,9940.0
2018-07-31,10080.0
2018-08-01,10080.0
2018-08-02,10080.0
2018-08-03,10230.0
2018-08-06,10500.0
2018-08-07,10545.0
2018-08-08,10555.0
2018-08-09,10605.0
2018-08-10,10655.0
2018-08-13,10800.0
2018-08-14,10930.0
2018-08-15,11030.0
2018-08-16,11145.0
2018-08-17,11270.0
2018-08-20,11345.0
2018-08-21,11535.0
2018-08-22,11650.0
2018-08-23,11650.0
2018-08-24,11670.0
2018-08-27,11805.0
2018-08-28,11965.0
2018-08-29,12205.0
2018-08-30,12285.0
2018-08-31,12285.0
2018-09-03,12295.0
2018-09-04,12315.0
2018-09-05,12330.0
2018-09-06,12320.0
2018-09-07,12320.0
2018-09-10,12330.0
2018-09-11,12330.0
2018-09-12,12325.0
2018-09-13,12255.0
2018-09-14,12200.0
2018-09-17,11865.0
2018-09-18,11740.0
2018-09-19,11640.0
2018-09-20,11555.0
2018-09-21,11340.0
2018-09-25,11230.0
2018-09-26,11150.0
2018-09-27,10985.0
2018-09-28,10950.0
2018-10-08,11180.0
2018-10-09,11205.0
2018-10-10,11260.0
2018-10-11,11260.0
2018-10-12,11260.0
2018-10-15,11235.0
2018-10-16,11190.0
2018-10-17,11160.0
2018-10-18,11025.0
2018-10-19,10940.0
2018-10-22,10710.0
2018-10-23,10690.0
2018-10-24,10550.0
2018-10-25,10365.0
2018-10-26,10190.0
2018-10-29,9750.0
2018-10-30,9800.0
2018-10-31,9800.0
2018-11-01,9800.0
2018-11-02,9775.0
2018-11-05,9540.0
2018-11-06,9440.0
2018-11-07,9340.0
2018-11-08,9150.0
2018-11-09,8995.0
2018-11-12,8875.0
2018-11-13,8875.0
2018-11-14,8875.0
2018-11-15,8880.0
2018-11-16,8875.0
2018-11-19,8910.0
2018-11-20,8900.0
2018-11-21,8800.0
2018-11-22,8775.0
2018-11-23,8650.0
2018-11-26,8315.0
2018-11-27,8275.0
2018-11-28,8275.0
2018-11-29,8265.0
2018-11-30,8255.0
2018-12-03,8255.0
2018-12-04,8345.0
2018-12-05,8390.0
2018-12-06,8490.0
2018-12-07,8490.0
2018-12-10,8550.0
2018-12-11,8550.0
2018-12-12,8575.0
2018-12-13,8620.0
2018-12-14,8730.0
2018-12-17,8755.0
2018-12-18,8755.0
2018-12-19,8725.0
2018-12-20,8695.0
2018-12-21,8655.0
2018-12-24,8425.0
2018-12-25,8320.0
2018-12-26,8120.0
2018-12-27,8170.0
2018-12-28,8170.0
2019-01-02,8095.0
2019-01-03,8080.0
2019-01-04,8030.0
2019-01-07,8000.0
2019-01-08,7950.0
2019-01-09,7980.0
2019-01-10,8055.0
2019-01-11,8070.0
2019-01-14,8070.0
2019-01-15,8070.0
2019-01-16,8090.0
2019-01-17,8090.0
2019-01-18,8090.0
2019-01-21,8300.0
2019-01-22,8520.0
2019-01-23,8540.0
2019-01-24,8540.0
2019-01-25,8540.0
2019-01-28,8540.0
2019-01-29,8540.0
2019-01-30,8540.0
2019-01-31,8540.0
2019-02-01,8540.0
2019-02-11,8540.0
2019-02-12,8540.0
2019-02-13,8540.0
2019-02-14,8540.0
2019-02-15,8500.0
2019-02-18,8500.0
2019-02-19,8500.0
2019-02-20,8500.0
2019-02-21,8500.0
2019-02-22,8500.0
2019-02-25,8355.0
2019-02-26,8275.0
2019-02-27,8270.0
2019-02-28,8270.0
2019-03-01,8170.0
2019-03-04,8250.0
2019-03-05,8345.0
2019-03-06,8530.0
2019-03-07,8835.0
2019-03-08,8855.0
2019-03-11,8855.0
2019-03-12,8855.0
2019-03-13,8820.0
2019-03-14,8820.0
2019-03-15,8820.0
2019-03-18,8920.0
2019-03-19,8920.0
2019-03-20,8915.0
2019-03-21,8945.0
2019-03-22,9015.0
2019-03-25,9015.0
2019-03-26,9015.0
2019-03-27,9015.0
2019-03-28,9015.0
2019-03-29,9015.0
2019-04-01,9030.0
2019-04-02,9030.0
2019-04-03,9030.0
2019-04-04,9025.0
2019-04-08,9035.0
2019-04-09,9140.0
2019-04-10,9140.0
2019-04-11,9140.0
2019-04-12,9140.0
2019-04-15,9120.0
2019-04-16,9130.0
2019-04-17,9130.0
2019-04-18,9100.0
2019-04-19,8990.0
2019-04-22,8865.0
2019-04-23,8865.0
2019-04-24,8845.0
2019-04-25,8740.0
2019-04-26,8735.0
2019-04-29,8465.0
2019-04-30,8500.0
2019-05-06,8455.0
2019-05-07,8445.0
2019-05-08,8430.0
2019-05-09,8380.0
2019-05-10,8230.0
2019-05-13,8280.0
2019-05-14,8260.0
2019-05-15,8115.0
2019-05-16,7990.0
2019-05-17,7895.0
2019-05-20,7755.0
2019-05-21,7665.0
2019-05-22,7605.0
2019-05-23,7585.0
2019-05-24,7380.0
2019-05-27,7385.0
2019-05-28,7455.0
2019-05-29,7500.0
2019-05-30,7500.0
2019-05-31,7490.0
2019-06-03,7465.0
2019-06-04,7450.0
2019-06-05,7450.0
2019-06-06,7450.0
2019-06-10,7510.0
2019-06-11,7620.0
2019-06-12,7620.0
2019-06-13,7615.0
2019-06-14,7615.0
2019-06-17,7705.0
2019-06-18,7715.0
2019-06-19,7820.0
2019-06-20,7930.0
2019-06-21,8030.0
2019-06-24,8030.0
2019-06-25,8030.0
2019-06-26,8030.0
2019-06-27,8335.0
2019-06-28,8510.0
2019-07-01,8750.0
2019-07-02,8980.0
2019-07-03,8980.0
2019-07-04,8965.0
2019-07-05,8865.0
2019-07-08,8695.0
2019-07-09,8610.0
2019-07-10,8470.0
2019-07-11,8515.0
2019-07-12,8535.0
2019-07-15,8440.0
2019-07-16,8210.0
2019-07-17,8230.0
2019-07-18,8220.0
2019-07-19,8220.0
2019-07-22,8140.0
2019-07-23,7990.0
2019-07-24,7940.0
2019-07-25,7940.0
2019-07-26,7890.0
2019-07-29,7880.0
2019-07-30,7840.0
2019-07-31,7880.0
2019-08-01,7880.0
2019-08-02,7875.0
2019-08-05,7825.0
2019-08-06,7730.0
2019-08-07,7540.0
2019-08-08,7615.0
2019-08-09,7615.0
2019-08-12,7590.0
2019-08-13,7550.0
2019-08-14,7665.0
2019-08-15,7760.0
2019-08-16,7760.0
2019-08-19,7760.0
2019-08-20,7785.0
2019-08-21,7785.0
2019-08-22,7770.0
2019-08-23,7770.0
2019-08-26,7725.0
2019-08-27,7685.0
2019-08-28,7710.0
2019-08-29,7710.0
2019-08-30,7710.0
