日期,PX
2009-01-05,666.25
2009-01-06,666.25
2009-01-07,678.75
2009-01-08,695.0
2009-01-09,695.0
2009-01-12,696.25
2009-01-13,708.75
2009-01-14,716.25
2009-01-15,721.25
2009-01-16,723.75
2009-01-19,720.0
2009-01-21,732.5
2009-01-22,745.0
2009-01-23,748.75
2009-02-02,795.0
2009-02-03,800.0
2009-02-04,805.0
2009-02-05,807.5
2009-02-06,815.0
2009-02-09,823.75
2009-02-10,827.5
2009-02-11,827.5
2009-02-12,828.75
2009-02-13,828.75
2009-02-16,828.75
2009-02-18,817.5
2009-02-19,802.5
2009-02-20,793.75
2009-02-23,793.75
2009-02-24,803.75
2009-02-25,806.25
2009-02-26,805.0
2009-02-27,802.5
2009-03-02,856.25
2009-03-03,850.0
2009-03-04,845.0
2009-03-05,843.75
2009-03-06,840.0
2009-03-09,846.25
2009-03-10,845.0
2009-03-11,845.0
2009-03-12,845.0
2009-03-13,852.5
2009-03-16,850.0
2009-03-17,850.0
2009-03-18,852.5
2009-03-19,856.25
2009-03-20,870.0
2009-03-23,876.25
2009-03-24,878.75
2009-03-25,880.0
2009-03-26,877.5
2009-03-27,880.0
2009-03-30,893.75
2009-03-31,905.0
2009-04-01,930.0
2009-04-02,942.5
2009-04-03,946.25
2009-04-07,961.25
2009-04-08,960.0
2009-04-09,956.25
2009-04-10,956.25
2009-04-14,955.0
2009-04-15,955.0
2009-04-16,967.5
2009-04-17,977.5
2009-04-20,1001.25
2009-04-21,1007.5
2009-04-22,1003.75
2009-04-23,1007.5
2009-04-24,1007.5
2009-04-27,1023.75
2009-04-28,1030.0
2009-04-29,1030.0
2009-04-30,1030.0
2009-05-04,1102.5
2009-05-05,1095.0
2009-05-06,1093.75
2009-05-07,1090.0
2009-05-08,1086.25
2009-05-11,1083.75
2009-05-12,1081.25
2009-05-13,1072.5
2009-05-14,1071.25
2009-05-15,1060.0
2009-05-18,1063.75
2009-05-19,1053.75
2009-05-20,1052.5
2009-05-21,1053.75
2009-05-22,1050.0
2009-05-25,1043.75
2009-05-27,1040.0
2009-06-01,1040.0
2009-06-02,1032.5
2009-06-03,1026.25
2009-06-04,1022.5
2009-06-05,1020.0
2009-06-08,1010.0
2009-06-09,997.5
2009-06-10,997.5
2009-06-11,997.5
2009-06-12,997.5
2009-06-15,998.75
2009-06-16,1000.0
2009-06-17,996.25
2009-06-18,992.5
2009-06-19,990.0
2009-06-22,992.5
2009-06-23,995.0
2009-06-24,992.5
2009-06-25,992.5
2009-06-26,996.25
2009-06-29,995.0
2009-06-30,995.0
2009-07-01,980.0
2009-07-02,980.0
2009-07-03,985.0
2009-07-07,990.0
2009-07-08,988.75
2009-07-09,987.5
2009-07-10,987.5
2009-07-13,987.5
2009-07-14,987.5
2009-07-15,987.5
2009-07-16,987.5
2009-07-17,987.5
2009-07-20,987.5
2009-07-21,987.5
2009-07-22,987.5
2009-07-23,987.5
2009-07-24,987.5
2009-07-27,987.5
2009-07-28,987.5
2009-07-29,987.5
2009-07-30,987.5
2009-07-31,987.5
2009-08-03,1027.5
2009-08-04,1027.5
2009-08-05,1027.5
2009-08-06,1027.5
2009-08-07,1027.5
2009-08-10,1027.5
2009-08-11,1027.5
2009-08-12,1027.5
2009-08-13,1027.5
2009-08-14,1027.5
2009-08-17,1027.5
2009-08-18,1027.5
2009-08-19,1027.5
2009-08-20,1027.5
2009-08-21,1027.5
2009-08-24,1027.5
2009-08-25,1027.5
2009-08-26,1027.5
2009-08-27,1027.5
2009-08-28,1027.5
2009-08-31,1027.5
2009-09-01,1027.5
2009-09-02,1027.5
2009-09-03,1027.5
2009-09-04,1027.5
2009-09-07,1027.5
2009-09-09,1027.5
2009-09-10,1027.5
2009-09-11,1027.5
2009-09-14,1027.5
2009-09-15,1027.5
2009-09-16,1027.5
2009-09-17,1027.5
2009-09-18,1027.5
2009-09-21,1027.5
2009-09-22,1027.5
2009-09-23,1027.5
2009-09-24,1027.5
2009-09-25,1027.5
2009-09-28,1027.5
2009-09-29,1027.5
2009-09-30,1027.5
2009-10-12,912.5
2009-10-13,913.5
2009-10-14,913.5
2009-10-15,927.5
2009-10-16,941.5
2009-10-19,935.0
2009-10-20,935.0
2009-10-21,942.5
2009-10-22,933.5
2009-10-23,938.5
2009-10-26,942.5
2009-10-27,945.0
2009-10-28,955.0
2009-10-29,955.0
2009-10-30,955.0
2009-11-02,968.5
2009-11-03,967.5
2009-11-04,970.0
2009-11-05,970.0
2009-11-06,965.0
2009-11-09,982.5
2009-11-10,985.0
2009-11-11,993.5
2009-11-12,997.5
2009-11-13,1001.0
2009-11-16,993.5
2009-11-17,981.5
2009-11-18,993.5
2009-11-19,1000.0
2009-11-20,1010.0
2009-11-23,1010.0
2009-11-24,1015.0
2009-11-25,1020.0
2009-11-26,1023.5
2009-11-30,1027.5
2009-12-01,1070.0
2009-12-02,1070.0
2009-12-03,1081.0
2009-12-04,1095.0
2009-12-07,1097.5
2009-12-08,1102.5
2009-12-09,1052.5
2009-12-10,1102.5
2009-12-11,1100.0
2009-12-14,1100.0
2009-12-15,1097.5
2009-12-16,1092.5
2009-12-17,1115.0
2009-12-18,1091.5
2009-12-21,1092.5
2009-12-22,1087.5
2009-12-23,1087.5
2009-12-24,1087.5
2009-12-25,1088.5
2009-12-29,1088.5
2009-12-30,1091.0
2009-12-31,1085.0
2010-01-04,1103.5
2010-01-05,1110.0
2010-01-06,1130.0
2010-01-07,1130.0
2010-01-08,1128.5
2010-01-11,1123.5
2010-01-12,1125.0
2010-01-13,1122.5
2010-01-14,1113.5
2010-01-15,1108.5
2010-01-18,1111.5
2010-01-20,1107.5
2010-01-21,1103.5
2010-01-22,1102.5
2010-01-25,1105.0
2010-01-26,1097.5
2010-01-27,1090.0
2010-01-28,1085.0
2010-01-29,1075.0
2010-02-01,1055.0
2010-02-02,1052.5
2010-02-03,1052.5
2010-02-04,1062.5
2010-02-05,1061.0
2010-02-08,1045.0
2010-02-09,1036.0
2010-02-10,1026.0
2010-02-11,1026.0
2010-02-12,1026.0
2010-02-22,1030.0
2010-02-23,1019.0
2010-02-24,1037.5
2010-02-25,1036.5
2010-02-26,1036.5
2010-03-01,1017.5
2010-03-02,1017.5
2010-03-03,1010.0
2010-03-04,1000.0
2010-03-05,1000.0
2010-03-08,1000.0
2010-03-09,1010.0
2010-03-10,1012.5
2010-03-11,1016.5
2010-03-12,1020.0
2010-03-15,1036.5
2010-03-16,1034.0
2010-03-17,1025.0
2010-03-18,1032.5
2010-03-19,1032.5
2010-03-22,1027.5
2010-03-23,1026.0
2010-03-24,1022.5
2010-03-25,1021.5
2010-03-26,1020.0
2010-03-29,1022.5
2010-03-30,1022.5
2010-03-31,1022.5
2010-04-01,1022.5
2010-04-02,1024.0
2010-04-06,1027.5
2010-04-07,1032.5
2010-04-08,1041.0
2010-04-09,1035.0
2010-04-12,1037.5
2010-04-13,1037.5
2010-04-14,1032.5
2010-04-15,1025.0
2010-04-16,1032.5
2010-04-19,1035.0
2010-04-20,1030.0
2010-04-21,1032.5
2010-04-22,1037.5
2010-04-23,1040.0
2010-04-26,1041.0
2010-04-27,1046.0
2010-04-28,1042.5
2010-04-29,1042.5
2010-04-30,1040.0
2010-05-04,1065.0
2010-05-05,1065.0
2010-05-06,1057.5
2010-05-07,1052.5
2010-05-10,1047.5
2010-05-11,1052.5
2010-05-12,1055.0
2010-05-13,1053.5
2010-05-14,1050.0
2010-05-17,1040.0
2010-05-18,1033.5
2010-05-19,1025.0
2010-05-20,1010.0
2010-05-21,1006.5
2010-05-24,987.5
2010-05-25,992.5
2010-05-26,972.5
2010-05-27,974.0
2010-05-28,995.0
2010-05-31,995.0
2010-06-02,927.5
2010-06-03,921.5
2010-06-04,931.5
2010-06-07,934.5
2010-06-08,913.5
2010-06-09,920.0
2010-06-10,922.5
2010-06-11,932.5
2010-06-17,930.0
2010-06-18,932.5
2010-06-21,935.0
2010-06-22,935.0
2010-06-23,930.5
2010-06-24,926.5
2010-06-25,917.5
2010-06-28,922.5
2010-06-29,927.5
2010-06-30,920.0
2010-07-01,915.0
2010-07-02,912.5
2010-07-05,900.0
2010-07-07,892.5
2010-07-08,892.5
2010-07-09,892.5
2010-07-12,896.25
2010-07-13,892.5
2010-07-14,886.25
2010-07-15,890.0
2010-07-16,892.5
2010-07-19,895.0
2010-07-20,892.5
2010-07-21,892.5
2010-07-22,900.0
2010-07-23,901.25
2010-07-26,908.75
2010-07-27,915.0
2010-07-28,923.75
2010-07-29,920.0
2010-07-30,915.0
2010-08-02,891.25
2010-08-03,895.0
2010-08-04,915.0
2010-08-05,905.0
2010-08-06,905.0
2010-08-09,913.75
2010-08-10,913.75
2010-08-11,922.5
2010-08-12,912.5
2010-08-13,902.5
2010-08-16,898.75
2010-08-17,898.75
2010-08-18,902.5
2010-08-19,907.5
2010-08-20,910.0
2010-08-23,916.25
2010-08-24,920.0
2010-08-25,913.75
2010-08-26,908.75
2010-08-27,917.5
2010-08-30,925.0
2010-08-31,930.0
2010-09-01,952.5
2010-09-02,960.0
2010-09-03,963.75
2010-09-06,966.25
2010-09-08,961.25
2010-09-09,961.25
2010-09-10,962.5
2010-09-13,962.5
2010-09-14,972.5
2010-09-15,966.25
2010-09-16,966.25
2010-09-17,967.5
2010-09-20,978.75
2010-09-21,982.5
2010-09-27,995.0
2010-09-28,1005.0
2010-09-29,998.75
2010-09-30,998.75
2010-10-08,1036.25
2010-10-11,1073.75
2010-10-12,1078.75
2010-10-13,1093.75
2010-10-14,1115.0
2010-10-15,1156.25
2010-10-18,1133.75
2010-10-19,1123.75
2010-10-20,1086.25
2010-10-21,1125.0
2010-10-22,1127.5
2010-10-25,1120.0
2010-10-26,1140.0
2010-10-27,1151.25
2010-10-28,1140.0
2010-10-29,1140.0
2010-11-01,1233.75
2010-11-02,1238.75
2010-11-03,1241.25
2010-11-04,1241.25
2010-11-05,1247.5
2010-11-08,1247.5
2010-11-09,1281.5
2010-11-10,1295.5
2010-11-11,1301.0
2010-11-12,1289.5
2010-11-15,1229.0
2010-11-16,1233.5
2010-11-17,1243.0
2010-11-18,1243.0
2010-11-19,1238.0
2010-11-22,1265.5
2010-11-23,1257.5
2010-11-24,1251.0
2010-11-25,1254.0
2010-11-29,1254.0
2010-11-30,1250.5
2010-12-01,1278.0
2010-12-02,1272.5
2010-12-03,1279.5
2010-12-06,1276.5
2010-12-07,1277.0
2010-12-08,1299.0
2010-12-09,1294.0
2010-12-10,1294.0
2010-12-13,1311.5
2010-12-14,1326.5
2010-12-15,1331.0
2010-12-16,1325.0
2010-12-17,1319.0
2010-12-20,1324.5
2010-12-21,1330.0
2010-12-22,1326.0
2010-12-23,1331.0
2010-12-24,1331.0
2010-12-28,1331.0
2010-12-29,1338.5
2010-12-30,1338.5
2010-12-31,1335.5
2011-01-04,1387.5
2011-01-05,1376.0
2011-01-06,1397.5
2011-01-07,1410.0
2011-01-10,1430.0
2011-01-11,1437.5
2011-01-12,1465.0
2011-01-13,1485.0
2011-01-14,1485.0
2011-01-17,1510.0
2011-01-19,1505.0
2011-01-20,1505.0
2011-01-21,1502.5
2011-01-24,1510.0
2011-01-25,1507.5
2011-01-26,1505.0
2011-01-27,1505.0
2011-01-28,1505.0
2011-01-31,1507.5
2011-02-01,1632.5
2011-02-09,1627.5
2011-02-10,1627.5
2011-02-11,1637.5
2011-02-14,1637.5
2011-02-15,1640.0
2011-02-16,1640.0
2011-02-17,1650.0
2011-02-18,1655.0
2011-02-21,1647.5
2011-02-23,1647.5
2011-02-24,1647.5
2011-02-25,1642.5
2011-02-28,1645.0
2011-03-01,1665.0
2011-03-02,1662.5
2011-03-03,1661.5
2011-03-04,1656.0
2011-03-07,1655.0
2011-03-08,1653.0
2011-03-09,1642.5
2011-03-10,1640.0
2011-03-11,1662.5
2011-03-14,1712.5
2011-03-15,1731.0
2011-03-16,1735.0
2011-03-17,1730.0
2011-03-18,1718.5
2011-03-21,1715.0
2011-03-22,1712.5
2011-03-23,1712.5
2011-03-24,1700.0
2011-03-25,1687.5
2011-03-28,1675.0
2011-03-29,1672.5
2011-03-30,1677.5
2011-03-31,1672.5
2011-04-01,1667.5
2011-04-06,1645.0
2011-04-07,1655.0
2011-04-08,1666.0
2011-04-11,1666.0
2011-04-12,1647.5
2011-04-13,1642.5
2011-04-14,1642.5
2011-04-15,1647.5
2011-04-18,1642.5
2011-04-19,1642.5
2011-04-20,1634.0
2011-04-21,1657.5
2011-04-22,1657.5
2011-04-25,1647.5
2011-04-26,1647.5
2011-04-27,1652.5
2011-04-28,1655.0
2011-04-29,1640.0
2011-05-03,1595.0
2011-05-04,1595.0
2011-05-05,1590.0
2011-05-06,1552.5
2011-05-09,1567.5
2011-05-10,1580.0
2011-05-11,1585.0
2011-05-12,1565.0
2011-05-13,1565.0
2011-05-16,1565.0
2011-05-17,1560.0
2011-05-18,1555.0
2011-05-19,1565.0
2011-05-20,1565.0
2011-05-23,1562.5
2011-05-24,1560.0
2011-05-25,1555.0
2011-05-26,1560.0
2011-05-27,1560.0
2011-05-30,1552.5
2011-06-01,1502.5
2011-06-02,1487.5
2011-06-03,1480.0
2011-06-07,1472.5
2011-06-08,1472.5
2011-06-09,1472.5
2011-06-10,1475.0
2011-06-13,1472.5
2011-06-14,1465.0
2011-06-15,1467.5
2011-06-16,1467.5
2011-06-17,1472.5
2011-06-20,1472.5
2011-06-21,1485.0
2011-06-22,1480.0
2011-06-23,1472.5
2011-06-24,1467.5
2011-06-27,1457.5
2011-06-28,1447.5
2011-06-29,1445.0
2011-06-30,1435.0
2011-07-01,1382.5
2011-07-04,1385.0
2011-07-06,1387.5
2011-07-07,1392.5
2011-07-08,1402.5
2011-07-11,1402.5
2011-07-12,1400.0
2011-07-13,1412.5
2011-07-14,1425.0
2011-07-15,1437.5
2011-07-18,1452.5
2011-07-19,1470.0
2011-07-20,1497.5
2011-07-21,1464.0
2011-07-22,1466.25
2011-07-25,1477.5
2011-07-26,1480.0
2011-07-27,1480.0
2011-07-28,1481.5
2011-07-29,1487.5
2011-08-01,1587.5
2011-08-02,1583.75
2011-08-03,1571.25
2011-08-04,1572.5
2011-08-05,1545.0
2011-08-08,1532.5
2011-08-09,1507.5
2011-08-10,1532.5
2011-08-11,1543.75
2011-08-12,1543.75
2011-08-15,1547.5
2011-08-16,1552.5
2011-08-17,1600.0
2011-08-18,1596.0
2011-08-19,1590.0
2011-08-22,1597.5
2011-08-23,1607.5
2011-08-24,1607.5
2011-08-25,1600.0
2011-08-26,1597.5
2011-08-29,1607.5
2011-08-30,1610.0
2011-08-31,1615.0
2011-09-01,1675.0
2011-09-02,1677.5
2011-09-05,1672.5
2011-09-07,1682.5
2011-09-08,1695.0
2011-09-09,1690.0
2011-09-13,1690.0
2011-09-14,1697.5
2011-09-15,1687.5
2011-09-16,1695.0
2011-09-19,1684.0
2011-09-20,1680.0
2011-09-21,1685.0
2011-09-22,1672.5
2011-09-23,1662.5
2011-09-26,1645.0
2011-09-27,1655.0
2011-09-28,1652.5
2011-09-29,1642.5
2011-09-30,1645.0
2011-10-10,1585.0
2011-10-11,1585.0
2011-10-12,1625.0
2011-10-13,1610.0
2011-10-14,1605.0
2011-10-17,1625.0
2011-10-18,1590.0
2011-10-19,1560.0
2011-10-20,1478.0
2011-10-21,1465.0
2011-10-24,1495.0
2011-10-25,1548.0
2011-10-26,1537.5
2011-10-27,1545.0
2011-10-28,1535.0
2011-10-31,1495.0
2011-11-01,1470.0
2011-11-02,1465.0
2011-11-03,1465.0
2011-11-04,1477.5
2011-11-07,1465.0
2011-11-08,1472.5
2011-11-09,1482.5
2011-11-10,1462.5
2011-11-11,1467.5
2011-11-14,1460.0
2011-11-15,1460.0
2011-11-16,1457.5
2011-11-17,1452.5
2011-11-18,1447.5
2011-11-21,1447.5
2011-11-22,1445.5
2011-11-23,1447.5
2011-11-25,1443.75
2011-11-28,1443.75
2011-11-29,1445.0
2011-11-30,1448.25
2011-12-01,1390.25
2011-12-02,1390.25
2011-12-05,1401.25
2011-12-06,1401.75
2011-12-07,1424.25
2011-12-08,1425.25
2011-12-09,1419.0
2011-12-12,1425.0
2011-12-13,1428.75
2011-12-14,1430.0
2011-12-15,1421.25
2011-12-16,1426.75
2011-12-19,1421.75
2011-12-20,1428.75
2011-12-21,1433.75
2011-12-22,1428.75
2011-12-23,1428.75
2011-12-27,1428.75
2011-12-28,1431.25
2011-12-29,1433.75
2012-01-04,1502.0
2012-01-05,1519.5
2012-01-09,1513.0
2012-01-10,1518.75
2012-01-11,1518.75
2012-01-12,1518.75
2012-01-13,1518.75
2012-01-16,1516.25
2012-01-17,1517.5
2012-01-18,1518.75
2012-01-19,1520.0
2012-01-20,1517.25
2012-01-30,1524.75
2012-01-31,1525.5
2012-02-01,1601.75
2012-02-02,1606.25
2012-02-03,1611.25
2012-02-06,1616.25
2012-02-07,1616.25
2012-02-08,1621.25
2012-02-09,1618.75
2012-02-10,1618.75
2012-02-13,1613.75
2012-02-14,1613.75
2012-02-15,1611.25
2012-02-16,1600.5
2012-02-17,1605.25
2012-02-20,1609.25
2012-02-21,1614.25
2012-02-22,1619.25
2012-02-23,1620.75
2012-02-24,1628.75
2012-02-27,1628.75
2012-02-28,1624.25
2012-02-29,1622.25
2012-03-01,1652.25
2012-03-02,1666.25
2012-03-05,1661.25
2012-03-06,1661.25
2012-03-07,1656.25
2012-03-08,1658.75
2012-03-09,1662.0
2012-03-12,1648.0
2012-03-13,1647.5
2012-03-14,1640.0
2012-03-15,1633.0
2012-03-16,1611.25
2012-03-19,1611.25
2012-03-20,1611.75
2012-03-21,1613.0
2012-03-22,1615.75
2012-03-23,1615.75
2012-03-26,1615.75
2012-03-27,1621.5
2012-03-28,1621.5
2012-03-29,1620.5
2012-03-30,1614.25
2012-04-05,1574.75
2012-04-09,1572.0
2012-04-10,1572.0
2012-04-11,1565.5
2012-04-12,1567.5
2012-04-13,1569.75
2012-04-16,1565.5
2012-04-17,1572.25
2012-04-18,1573.75
2012-04-19,1574.5
2012-04-20,1574.5
2012-04-23,1570.5
2012-04-24,1566.75
2012-04-25,1562.5
2012-04-26,1567.25
2012-04-27,1564.75
2012-05-02,1555.0
2012-05-03,1558.25
2012-05-04,1554.25
2012-05-07,1540.75
2012-05-08,1542.5
2012-05-09,1542.5
2012-05-10,1534.5
2012-05-11,1524.0
2012-05-14,1515.0
2012-05-15,1512.5
2012-05-16,1506.75
2012-05-17,1495.0
2012-05-18,1495.0
2012-05-21,1495.75
2012-05-22,1510.75
2012-05-23,1502.5
2012-05-24,1490.0
2012-05-25,1485.0
2012-05-28,1482.5
2012-05-29,1472.5
2012-05-30,1465.0
2012-05-31,1455.0
2012-06-01,1340.0
2012-06-04,1290.0
2012-06-05,1293.0
2012-06-06,1296.25
2012-06-07,1305.0
2012-06-08,1280.75
2012-06-11,1292.5
2012-06-12,1277.0
2012-06-13,1277.0
2012-06-14,1287.0
2012-06-15,1308.75
2012-06-18,1318.75
2012-06-19,1311.25
2012-06-20,1312.5
2012-06-21,1304.5
2012-06-25,1302.5
2012-06-26,1300.5
2012-06-27,1306.25
2012-06-28,1306.25
2012-06-29,1302.5
2012-07-02,1272.5
2012-07-03,1277.5
2012-07-04,1304.25
2012-07-05,1311.25
2012-07-06,1311.25
2012-07-09,1305.0
2012-07-10,1307.5
2012-07-11,1311.5
2012-07-12,1322.5
2012-07-13,1342.5
2012-07-16,1337.5
2012-07-17,1340.0
2012-07-18,1335.25
2012-07-19,1343.75
2012-07-20,1361.25
2012-07-23,1331.25
2012-07-24,1339.75
2012-07-25,1336.25
2012-07-26,1330.0
2012-07-27,1340.0
2012-07-30,1341.25
2012-07-31,1334.0
2012-08-01,1383.75
2012-08-02,1387.25
2012-08-03,1391.25
2012-08-06,1407.5
2012-08-07,1410.0
2012-08-08,1407.5
2012-08-09,1407.5
2012-08-10,1405.0
2012-08-13,1408.75
2012-08-14,1410.75
2012-08-15,1413.25
2012-08-16,1413.75
2012-08-17,1410.0
2012-08-20,1407.5
2012-08-21,1408.75
2012-08-22,1406.75
2012-08-23,1416.25
2012-08-24,1415.0
2012-08-27,1420.0
2012-08-28,1420.0
2012-08-29,1417.5
2012-08-30,1416.25
2012-08-31,1413.75
2012-09-03,1465.0
2012-09-04,1467.5
2012-09-05,1467.0
2012-09-06,1468.75
2012-09-07,1477.5
2012-09-10,1492.5
2012-09-11,1492.5
2012-09-12,1510.0
2012-09-13,1511.25
2012-09-14,1522.5
2012-09-17,1533.75
2012-09-18,1528.75
2012-09-19,1521.25
2012-09-20,1490.0
2012-09-21,1483.0
2012-09-24,1471.25
2012-09-25,1473.75
2012-09-26,1471.25
2012-09-27,1463.75
2012-09-28,1477.5
2012-10-08,1515.0
2012-10-09,1521.25
2012-10-10,1523.75
2012-10-11,1535.0
2012-10-12,1532.5
2012-10-15,1537.5
2012-10-16,1536.5
2012-10-17,1536.75
2012-10-18,1531.75
2012-10-19,1535.25
2012-10-22,1526.25
2012-10-23,1528.5
2012-10-24,1525.25
2012-10-25,1529.25
2012-10-26,1529.25
2012-10-29,1530.0
2012-10-30,1540.0
2012-10-31,1538.75
2012-11-01,1565.0
2012-11-02,1555.0
2012-11-05,1536.0
2012-11-06,1555.0
2012-11-07,1572.5
2012-11-08,1572.5
2012-11-09,1567.0
2012-11-12,1563.0
2012-11-13,1563.0
2012-11-14,1563.0
2012-11-15,1560.0
2012-11-16,1560.0
2012-11-19,1565.0
2012-11-20,1570.0
2012-11-21,1565.0
2012-11-22,1565.0
2012-11-23,1575.0
2012-11-26,1575.0
2012-11-27,1582.5
2012-11-28,1580.5
2012-11-29,1580.5
2012-11-30,1580.5
2012-12-03,1572.25
2012-12-04,1576.25
2012-12-05,1584.5
2012-12-06,1601.5
2012-12-07,1601.25
2012-12-10,1606.75
2012-12-11,1603.25
2012-12-12,1597.5
2012-12-13,1590.0
2012-12-14,1591.5
2012-12-17,1591.5
2012-12-18,1586.25
2012-12-19,1585.0
2012-12-20,1580.5
2012-12-21,1583.75
2012-12-24,1588.75
2012-12-25,1588.75
2012-12-26,1595.0
2012-12-27,1596.25
2012-12-28,1596.25
2012-12-31,1598.5
2013-01-04,1656.25
2013-01-07,1660.0
2013-01-08,1651.25
2013-01-09,1646.25
2013-01-10,1641.25
2013-01-11,1647.5
2013-01-14,1644.0
2013-01-15,1642.5
2013-01-16,1643.75
2013-01-17,1643.75
2013-01-18,1649.5
2013-01-21,1652.5
2013-01-22,1651.5
2013-01-23,1651.5
2013-01-24,1651.5
2013-01-25,1659.75
2013-01-28,1662.5
2013-01-29,1668.75
2013-01-30,1666.25
2013-01-31,1663.75
2013-02-01,1697.75
2013-02-04,1698.75
2013-02-05,1692.75
2013-02-06,1690.75
2013-02-07,1690.75
2013-02-08,1690.75
2013-02-18,1702.75
2013-02-19,1697.75
2013-02-20,1697.75
2013-02-21,1690.25
2013-02-22,1691.25
2013-02-25,1687.0
2013-02-26,1676.0
2013-02-27,1672.5
2013-02-28,1671.25
2013-03-01,1602.5
2013-03-04,1532.5
2013-03-05,1577.5
2013-03-06,1587.5
2013-03-07,1552.5
2013-03-08,1552.5
2013-03-11,1557.0
2013-03-12,1557.0
2013-03-13,1552.5
2013-03-14,1535.5
2013-03-15,1540.5
2013-03-18,1517.5
2013-03-19,1512.5
2013-03-20,1497.5
2013-03-21,1502.5
2013-03-22,1480.5
2013-03-25,1480.5
2013-03-26,1442.5
2013-03-27,1395.5
2013-03-28,1395.5
2013-03-29,1432.5
2013-04-01,1403.75
2013-04-02,1421.25
2013-04-03,1433.75
2013-04-08,1438.75
2013-04-09,1442.75
2013-04-10,1463.75
2013-04-11,1470.0
2013-04-12,1452.75
2013-04-15,1432.75
2013-04-16,1423.75
2013-04-17,1423.75
2013-04-18,1412.75
2013-04-19,1427.75
2013-04-22,1427.75
2013-04-23,1426.25
2013-04-24,1426.25
2013-04-25,1431.25
2013-04-26,1428.75
2013-05-02,1407.5
2013-05-03,1432.5
2013-05-06,1452.5
2013-05-07,1432.5
2013-05-08,1432.5
2013-05-09,1432.5
2013-05-10,1447.5
2013-05-13,1445.0
2013-05-14,1427.5
2013-05-15,1432.5
2013-05-16,1427.5
2013-05-17,1421.5
2013-05-20,1420.5
2013-05-21,1425.5
2013-05-22,1422.5
2013-05-23,1396.5
2013-05-24,1406.5
2013-05-27,1396.5
2013-05-28,1397.5
2013-05-29,1412.5
2013-05-30,1422.0
2013-05-31,1447.5
2013-06-03,1423.75
2013-06-04,1425.5
2013-06-05,1426.25
2013-06-06,1423.75
2013-06-07,1423.75
2013-06-13,1418.75
2013-06-14,1420.75
2013-06-17,1420.25
2013-06-18,1418.75
2013-06-19,1417.25
2013-06-20,1415.75
2013-06-21,1413.75
2013-06-24,1403.75
2013-06-25,1405.25
2013-06-26,1406.25
2013-06-27,1413.75
2013-06-28,1416.25
2013-07-01,1423.75
2013-07-02,1423.75
2013-07-03,1426.25
2013-07-04,1423.75
2013-07-05,1419.75
2013-07-08,1424.25
2013-07-09,1422.25
2013-07-10,1422.25
2013-07-11,1431.75
2013-07-12,1428.25
2013-07-15,1431.75
2013-07-16,1430.75
2013-07-17,1431.25
2013-07-18,1431.25
2013-07-19,1438.75
2013-07-22,1438.75
2013-07-23,1438.75
2013-07-24,1438.75
2013-07-25,1438.75
2013-07-26,1438.75
2013-07-29,1433.75
2013-07-30,1437.75
2013-07-31,1443.25
2013-08-01,1468.25
2013-08-02,1475.25
2013-08-05,1467.75
2013-08-06,1466.75
2013-08-07,1466.25
2013-08-08,1466.25
2013-08-09,1466.25
2013-08-12,1466.25
2013-08-13,1468.75
2013-08-14,1469.25
2013-08-15,1472.25
2013-08-16,1474.75
2013-08-19,1481.75
2013-08-20,1473.75
2013-08-21,1469.75
2013-08-22,1473.75
2013-08-23,1474.0
2013-08-26,1476.0
2013-08-27,1477.5
2013-08-28,1485.0
2013-08-29,1480.0
2013-08-30,1477.5
2013-09-02,1508.0
2013-09-03,1507.0
2013-09-04,1509.5
2013-09-05,1503.5
2013-09-06,1503.5
2013-09-09,1507.5
2013-09-10,1505.0
2013-09-11,1503.0
2013-09-12,1501.0
2013-09-13,1496.0
2013-09-16,1492.5
2013-09-17,1483.5
2013-09-18,1477.5
2013-09-23,1492.5
2013-09-24,1495.0
2013-09-25,1497.5
2013-09-26,1495.0
2013-09-27,1488.0
2013-09-30,1483.0
2013-10-08,1472.5
2013-10-09,1475.5
2013-10-10,1475.5
2013-10-11,1474.5
2013-10-14,1474.0
2013-10-15,1474.0
2013-10-16,1468.5
2013-10-17,1455.0
2013-10-18,1443.5
2013-10-21,1436.0
2013-10-22,1438.0
2013-10-23,1439.0
2013-10-24,1440.0
2013-10-25,1447.0
2013-10-28,1450.0
2013-10-29,1447.0
2013-10-30,1443.5
2013-10-31,1443.5
2013-11-01,1412.0
2013-11-04,1406.0
2013-11-05,1415.0
2013-11-06,1415.0
2013-11-07,1432.0
2013-11-08,1426.0
2013-11-11,1427.0
2013-11-12,1423.0
2013-11-13,1421.0
2013-11-14,1418.0
2013-11-15,1413.0
2013-11-18,1404.0
2013-11-19,1401.0
2013-11-20,1410.0
2013-11-21,1408.0
2013-11-22,1407.0
2013-11-25,1412.0
2013-11-26,1417.0
2013-11-27,1417.0
2013-11-28,1417.0
2013-11-29,1422.0
2013-12-02,1418.0
2013-12-03,1425.0
2013-12-04,1442.0
2013-12-05,1436.0
2013-12-06,1436.0
2013-12-09,1437.0
2013-12-10,1433.0
2013-12-11,1438.0
2013-12-12,1447.0
2013-12-13,1444.0
2013-12-16,1438.0
2013-12-17,1437.0
2013-12-18,1439.0
2013-12-19,1439.0
2013-12-20,1436.0
2013-12-23,1435.0
2013-12-24,1435.0
2013-12-25,1435.0
2013-12-26,1435.0
2013-12-27,1430.0
2013-12-30,1432.0
2013-12-31,1429.0
2014-01-02,1419.5
2014-01-03,1418.5
2014-01-06,1418.0
2014-01-07,1416.5
2014-01-08,1411.5
2014-01-09,1404.5
2014-01-10,1396.5
2014-01-13,1392.0
2014-01-14,1382.5
2014-01-15,1381.5
2014-01-16,1383.0
2014-01-17,1378.5
2014-01-20,1374.5
2014-01-21,1365.5
2014-01-22,1365.5
2014-01-23,1375.5
2014-01-24,1375.5
2014-01-27,1365.5
2014-01-28,1357.5
2014-01-29,1365.5
2014-02-07,1317.0
2014-02-10,1327.0
2014-02-11,1335.0
2014-02-12,1327.0
2014-02-13,1315.0
2014-02-14,1307.0
2014-02-17,1313.0
2014-02-18,1308.0
2014-02-19,1308.0
2014-02-20,1295.0
2014-02-21,1271.0
2014-02-24,1241.0
2014-02-25,1239.0
2014-02-26,1229.0
2014-02-27,1231.0
2014-02-28,1233.0
2014-03-03,1237.0
2014-03-04,1231.0
2014-03-05,1243.0
2014-03-06,1243.0
2014-03-07,1244.0
2014-03-10,1226.0
2014-03-11,1226.0
2014-03-12,1205.0
2014-03-13,1186.0
2014-03-14,1152.0
2014-03-17,1158.0
2014-03-18,1169.0
2014-03-19,1169.0
2014-03-20,1168.0
2014-03-21,1173.0
2014-03-24,1191.0
2014-03-25,1203.0
2014-03-26,1209.0
2014-03-27,1223.0
2014-03-28,1243.0
2014-03-31,1244.0
2014-04-01,1225.0
2014-04-02,1227.0
2014-04-03,1207.0
2014-04-04,1214.0
2014-04-08,1231.0
2014-04-09,1228.0
2014-04-10,1223.0
2014-04-11,1226.0
2014-04-14,1224.0
2014-04-15,1221.0
2014-04-16,1216.0
2014-04-17,1216.0
2014-04-18,1216.0
2014-04-21,1203.0
2014-04-22,1199.0
2014-04-23,1203.0
2014-04-24,1208.0
2014-04-25,1207.0
2014-04-28,1193.0
2014-04-29,1192.0
2014-04-30,1190.0
2014-05-05,1177.0
2014-05-06,1172.0
2014-05-07,1169.0
2014-05-08,1174.0
2014-05-09,1184.0
2014-05-12,1221.0
2014-05-13,1221.0
2014-05-14,1228.0
2014-05-15,1214.0
2014-05-16,1205.0
2014-05-19,1230.0
2014-05-20,1235.0
2014-05-21,1246.0
2014-05-22,1251.0
2014-05-23,1262.0
2014-05-26,1268.0
2014-05-27,1264.0
2014-05-28,1263.0
2014-05-29,1262.0
2014-05-30,1260.0
2014-06-03,1246.0
2014-06-04,1260.0
2014-06-05,1280.0
2014-06-06,1281.0
2014-06-09,1281.0
2014-06-10,1279.0
2014-06-11,1279.0
2014-06-12,1292.0
2014-06-13,1336.0
2014-06-16,1337.0
2014-06-17,1335.0
2014-06-18,1334.0
2014-06-19,1336.0
2014-06-20,1379.0
2014-06-23,1397.0
2014-06-24,1409.0
2014-06-25,1445.0
2014-06-26,1459.0
2014-06-27,1480.0
2014-06-30,1485.0
2014-07-01,1430.0
2014-07-02,1390.0
2014-07-03,1375.0
2014-07-04,1382.0
2014-07-07,1374.0
2014-07-08,1359.0
2014-07-09,1359.0
2014-07-10,1377.0
2014-07-11,1400.0
2014-07-14,1409.0
2014-07-15,1424.0
2014-07-16,1421.0
2014-07-17,1453.0
2014-07-18,1483.0
2014-07-21,1493.0
2014-07-22,1503.0
2014-07-23,1481.0
2014-07-24,1432.0
2014-07-25,1414.0
2014-07-28,1414.0
2014-07-29,1437.0
2014-07-30,1411.0
2014-07-31,1405.0
2014-08-01,1392.0
2014-08-04,1362.0
2014-08-05,1362.0
2014-08-06,1379.0
2014-08-07,1404.0
2014-08-08,1432.0
2014-08-11,1446.0
2014-08-12,1420.0
2014-08-13,1379.0
2014-08-14,1373.0
2014-08-15,1376.0
2014-08-18,1357.0
2014-08-19,1357.0
2014-08-20,1348.0
2014-08-21,1343.0
2014-08-22,1336.0
2014-08-25,1318.0
2014-08-26,1317.0
2014-08-27,1305.0
2014-08-28,1295.0
2014-08-29,1301.0
2014-09-01,1292.0
2014-09-02,1294.0
2014-09-03,1279.0
2014-09-04,1278.0
2014-09-05,1279.0
2014-09-09,1265.0
2014-09-10,1244.0
2014-09-11,1238.0
2014-09-12,1263.0
2014-09-15,1255.0
2014-09-16,1243.0
2014-09-17,1245.0
2014-09-18,1244.0
2014-09-19,1238.0
2014-09-22,1230.0
2014-09-23,1237.0
2014-09-24,1256.0
2014-09-25,1266.0
2014-09-26,1265.0
2014-09-29,1250.0
2014-09-30,1229.0
2014-10-08,1190.0
2014-10-09,1183.5
2014-10-10,1163.0
2014-10-13,1144.5
2014-10-14,1146.5
2014-10-15,1138.5
2014-10-16,1129.5
2014-10-17,1132.0
2014-10-20,1137.0
2014-10-21,1144.5
2014-10-22,1144.5
2014-10-23,1138.5
2014-10-24,1142.0
2014-10-27,1140.5
2014-10-28,1133.0
2014-10-29,1133.0
2014-10-30,1133.5
2014-10-31,1127.0
2014-11-03,1033.0
2014-11-04,1007.0
2014-11-05,990.0
2014-11-06,999.0
2014-11-07,1007.0
2014-11-10,1042.0
2014-11-11,1024.0
2014-11-12,1021.0
2014-11-13,1021.0
2014-11-14,990.0
2014-11-17,996.0
2014-11-18,995.0
2014-11-19,1023.0
2014-11-20,1038.0
2014-11-21,1044.0
2014-11-24,1053.0
2014-11-25,1049.0
2014-11-26,1036.0
2014-11-27,1023.0
2014-11-28,970.0
2014-12-01,931.0
2014-12-02,942.0
2014-12-03,951.0
2014-12-04,974.0
2014-12-05,951.0
2014-12-08,918.0
2014-12-09,879.0
2014-12-10,892.0
2014-12-11,860.0
2014-12-12,870.0
2014-12-15,863.0
2014-12-16,838.0
2014-12-17,810.0
2014-12-18,821.0
2014-12-19,828.0
2014-12-22,858.0
2014-12-23,851.0
2014-12-24,839.0
2014-12-25,839.0
2014-12-26,839.0
2014-12-29,859.0
2014-12-30,849.0
2014-12-31,858.0
2015-01-05,830.0
2015-01-06,808.0
2015-01-07,769.0
2015-01-08,771.0
2015-01-09,783.0
2015-01-12,764.0
2015-01-13,734.0
2015-01-14,734.0
2015-01-15,746.0
2015-01-16,745.0
2015-01-19,765.0
2015-01-20,768.0
2015-01-21,784.0
2015-01-22,802.0
2015-01-23,818.0
2015-01-26,793.0
2015-01-27,777.0
2015-01-28,780.0
2015-01-29,767.0
2015-01-30,756.0
2015-02-02,744.0
2015-02-03,779.5
2015-02-04,782.0
2015-02-05,755.5
2015-02-06,770.5
2015-02-09,770.0
2015-02-10,770.0
2015-02-11,765.0
2015-02-12,768.5
2015-02-13,781.5
2015-02-16,790.0
2015-02-17,796.0
2015-02-25,788.5
2015-02-26,801.5
2015-02-27,801.5
2015-03-02,920.0
2015-03-03,920.0
2015-03-04,922.0
2015-03-05,886.0
2015-03-06,887.0
2015-03-09,868.0
2015-03-10,865.0
2015-03-11,856.0
2015-03-12,875.0
2015-03-13,862.0
2015-03-16,835.0
2015-03-17,784.0
2015-03-18,798.0
2015-03-19,819.0
2015-03-20,814.0
2015-03-23,842.0
2015-03-24,852.0
2015-03-25,841.0
2015-03-26,859.0
2015-03-27,827.0
2015-03-30,799.0
2015-03-31,809.0
2015-04-01,820.0
2015-04-02,838.0
2015-04-03,838.0
2015-04-07,876.0
2015-04-08,891.0
2015-04-09,883.0
2015-04-10,878.0
2015-04-13,895.0
2015-04-14,917.0
2015-04-15,928.0
2015-04-16,942.0
2015-04-17,936.0
2015-04-20,958.0
2015-04-21,968.0
2015-04-22,955.0
2015-04-23,967.0
2015-04-24,961.0
2015-04-27,980.0
2015-04-28,965.0
2015-04-29,950.0
2015-04-30,955.0
2015-05-04,949.5
2015-05-05,950.5
2015-05-06,963.5
2015-05-07,961.5
2015-05-08,949.0
2015-05-11,957.0
2015-05-12,950.0
2015-05-13,952.0
2015-05-14,947.5
2015-05-15,943.5
2015-05-18,941.0
2015-05-19,920.5
2015-05-20,914.0
2015-05-21,921.5
2015-05-22,930.0
2015-05-25,922.0
2015-05-26,922.5
2015-05-27,921.5
2015-05-28,919.5
2015-05-29,915.0
2015-06-01,905.0
2015-06-02,949.0
2015-06-03,942.0
2015-06-04,925.0
2015-06-05,915.0
2015-06-08,917.0
2015-06-09,930.0
2015-06-10,944.0
2015-06-11,946.0
2015-06-12,937.0
2015-06-15,937.0
2015-06-16,938.0
2015-06-17,945.0
2015-06-18,943.0
2015-06-19,945.0
2015-06-23,941.0
2015-06-24,952.0
2015-06-25,947.0
2015-06-26,942.0
2015-06-29,942.0
2015-06-30,928.0
2015-07-01,911.0
2015-07-02,921.0
2015-07-03,915.0
2015-07-06,896.0
2015-07-07,878.0
2015-07-08,856.0
2015-07-09,882.0
2015-07-10,887.0
2015-07-13,871.0
2015-07-14,867.0
2015-07-15,866.0
2015-07-16,857.0
2015-07-17,857.0
2015-07-20,875.0
2015-07-21,870.0
2015-07-22,873.0
2015-07-23,876.0
2015-07-24,870.0
2015-07-27,862.0
2015-07-28,852.0
2015-07-29,852.0
2015-07-30,860.0
2015-07-31,853.0
2015-08-03,830.0
2015-08-04,831.0
2015-08-05,831.0
2015-08-06,822.0
2015-08-07,822.0
2015-08-10,822.0
2015-08-11,836.0
2015-08-12,819.0
2015-08-13,824.0
2015-08-14,819.0
2015-08-17,807.0
2015-08-18,796.0
2015-08-19,800.0
2015-08-20,781.0
2015-08-21,780.0
2015-08-24,753.0
2015-08-25,744.0
2015-08-26,742.0
2015-08-27,758.0
2015-08-28,780.0
2015-08-31,778.0
2015-09-01,802.0
2015-09-02,783.0
2015-09-07,795.0
2015-09-08,799.0
2015-09-09,803.0
2015-09-10,791.0
2015-09-11,791.0
2015-09-14,780.0
2015-09-15,775.0
2015-09-16,786.0
2015-09-17,792.0
2015-09-18,779.0
2015-09-21,780.0
2015-09-22,796.0
2015-09-23,798.0
2015-09-24,798.0
2015-09-25,796.0
2015-09-28,784.0
2015-09-29,778.0
2015-09-30,782.0
2015-10-08,822.0
2015-10-09,838.0
2015-10-12,837.0
2015-10-13,827.0
2015-10-14,820.0
2015-10-15,810.0
2015-10-16,812.0
2015-10-19,812.0
2015-10-20,800.0
2015-10-21,797.0
2015-10-22,799.0
2015-10-23,809.0
2015-10-26,807.0
2015-10-27,799.0
2015-10-28,794.0
2015-10-29,804.0
2015-10-30,792.0
2015-11-02,794.5
2015-11-03,793.5
2015-11-04,799.5
2015-11-05,795.0
2015-11-06,794.0
2015-11-09,793.5
2015-11-10,793.5
2015-11-11,788.0
2015-11-12,788.0
2015-11-13,784.5
2015-11-16,783.0
2015-11-17,783.5
2015-11-18,784.5
2015-11-19,789.5
2015-11-20,787.0
2015-11-23,783.5
2015-11-24,786.0
2015-11-25,787.5
2015-11-26,787.5
2015-11-27,784.0
2015-11-30,784.0
2015-12-01,791.0
2015-12-02,797.0
2015-12-03,795.0
2015-12-04,793.0
2015-12-07,783.0
2015-12-08,768.0
2015-12-09,782.0
2015-12-10,771.0
2015-12-11,778.0
2015-12-14,763.0
2015-12-15,764.0
2015-12-16,764.0
2015-12-17,758.0
2015-12-18,761.0
2015-12-21,764.0
2015-12-22,765.0
2015-12-23,760.0
2015-12-24,768.0
2015-12-25,769.0
2015-12-28,764.0
2015-12-29,761.0
2015-12-30,768.0
2015-12-31,766.0
2016-01-04,764.0
2016-01-05,766.0
2016-01-06,764.0
2016-01-07,744.0
2016-01-08,745.0
2016-01-11,731.0
2016-01-12,711.0
2016-01-13,714.0
2016-01-14,701.0
2016-01-15,688.0
2016-01-18,681.0
2016-01-19,698.0
2016-01-20,688.0
2016-01-21,691.0
2016-01-22,710.0
2016-01-25,709.0
2016-01-26,694.0
2016-01-27,704.0
2016-01-28,717.0
2016-01-29,740.0
2016-02-01,722.5
2016-02-02,722.5
2016-02-03,719.5
2016-02-04,725.0
2016-02-05,723.5
2016-02-15,729.0
2016-02-16,729.5
2016-02-17,719.0
2016-02-18,721.5
2016-02-19,724.5
2016-02-22,728.0
2016-02-23,730.0
2016-02-24,727.0
2016-02-25,727.0
2016-02-26,729.0
2016-02-29,726.5
2016-03-01,743.5
2016-03-02,745.5
2016-03-03,747.5
2016-03-04,750.0
2016-03-07,761.5
2016-03-08,762.0
2016-03-09,759.5
2016-03-10,757.5
2016-03-11,758.5
2016-03-14,758.5
2016-03-15,753.0
2016-03-16,754.0
2016-03-17,760.5
2016-03-18,765.0
2016-03-21,762.5
2016-03-22,767.0
2016-03-23,769.0
2016-03-24,767.5
2016-03-25,767.5
2016-03-28,770.5
2016-03-29,771.0
2016-03-30,770.5
2016-03-31,769.0
2016-04-01,807.0
2016-04-05,791.5
2016-04-06,793.0
2016-04-07,794.5
2016-04-08,792.5
2016-04-11,794.0
2016-04-12,795.5
2016-04-13,798.5
2016-04-14,799.5
2016-04-15,795.5
2016-04-18,787.0
2016-04-19,792.5
2016-04-20,795.0
2016-04-21,806.0
2016-04-22,801.5
2016-04-25,805.5
2016-04-26,805.0
2016-04-27,808.5
2016-04-28,807.5
2016-04-29,810.0
2016-05-03,812.0
2016-05-04,807.0
2016-05-05,804.0
2016-05-06,795.0
2016-05-09,791.0
2016-05-10,790.0
2016-05-11,793.0
2016-05-12,798.0
2016-05-13,791.0
2016-05-16,800.0
2016-05-17,808.0
2016-05-18,802.0
2016-05-19,793.0
2016-05-20,796.0
2016-05-23,786.0
2016-05-24,781.0
2016-05-25,780.0
2016-05-26,787.0
2016-05-27,786.0
2016-05-30,788.0
2016-05-31,797.0
2016-06-01,793.0
2016-06-02,795.0
2016-06-03,807.0
2016-06-06,796.0
2016-06-07,812.0
2016-06-08,821.0
2016-06-13,821.0
2016-06-14,818.0
2016-06-15,813.0
2016-06-16,810.0
2016-06-17,807.0
2016-06-20,825.0
2016-06-21,821.0
2016-06-22,825.0
2016-06-23,827.0
2016-06-24,819.0
2016-06-27,822.0
2016-06-28,821.0
2016-06-29,823.0
2016-06-30,827.0
2016-07-01,810.0
2016-07-04,817.5
2016-07-05,815.0
2016-07-06,811.5
2016-07-07,812.0
2016-07-08,809.0
2016-07-11,807.5
2016-07-12,811.5
2016-07-13,813.0
2016-07-14,810.5
2016-07-15,808.5
2016-07-18,810.0
2016-07-19,810.0
2016-07-20,809.5
2016-07-21,812.0
2016-07-22,809.0
2016-07-25,808.0
2016-07-26,804.0
2016-07-27,804.5
2016-07-28,802.0
2016-07-29,795.0
2016-08-01,785.0
2016-08-02,783.0
2016-08-03,786.5
2016-08-04,788.5
2016-08-05,789.0
2016-08-08,788.0
2016-08-09,788.0
2016-08-10,789.0
2016-08-11,788.0
2016-08-12,790.0
2016-08-15,791.5
2016-08-16,792.0
2016-08-17,794.0
2016-08-18,794.0
2016-08-19,796.5
2016-08-22,793.5
2016-08-23,792.0
2016-08-24,792.5
2016-08-25,792.0
2016-08-26,790.5
2016-08-29,791.0
2016-08-30,791.0
2016-08-31,788.5
2016-09-01,801.0
2016-09-02,801.0
2016-09-05,810.0
2016-09-06,808.0
2016-09-07,805.0
2016-09-08,808.0
2016-09-09,808.0
2016-09-12,809.0
2016-09-13,798.0
2016-09-14,787.0
2016-09-19,792.0
2016-09-20,788.0
2016-09-21,793.0
2016-09-22,796.0
2016-09-23,794.0
2016-09-26,788.0
2016-09-27,790.0
2016-09-28,787.0
2016-09-29,792.0
2016-09-30,789.0
2016-10-10,790.0
2016-10-11,792.0
2016-10-12,792.0
2016-10-13,789.0
2016-10-14,790.0
2016-10-17,791.5
2016-10-18,791.5
2016-10-19,792.5
2016-10-20,794.5
2016-10-21,792.5
2016-10-24,792.5
2016-10-25,793.0
2016-10-26,791.0
2016-10-27,791.5
2016-10-28,792.0
2016-10-31,792.0
2016-11-01,799.0
2016-11-02,795.0
2016-11-03,794.5
2016-11-04,792.0
2016-11-07,791.5
2016-11-08,794.5
2016-11-09,794.0
2016-11-10,797.0
2016-11-11,803.5
2016-11-14,792.5
2016-11-15,792.0
2016-11-16,796.0
2016-11-17,795.0
2016-11-18,794.5
2016-11-21,796.5
2016-11-22,799.5
2016-11-23,799.5
2016-11-24,800.5
2016-11-25,798.0
2016-11-28,798.0
2016-11-29,798.5
2016-11-30,798.0
2016-12-01,833.5
2016-12-02,834.5
2016-12-05,837.0
2016-12-06,835.5
2016-12-07,835.5
2016-12-08,835.0
2016-12-09,837.5
2016-12-12,851.0
2016-12-13,849.5
2016-12-14,846.0
2016-12-15,851.0
2016-12-16,853.5
2016-12-19,855.5
2016-12-20,850.5
2016-12-21,855.0
2016-12-22,853.0
2016-12-23,853.5
2016-12-26,853.5
2016-12-27,854.5
2016-12-28,855.5
2016-12-29,859.0
2016-12-30,859.5
2017-01-03,864.0
2017-01-04,860.5
2017-01-05,860.0
2017-01-06,859.5
2017-01-09,859.0
2017-01-10,855.5
2017-01-11,855.5
2017-01-12,857.5
2017-01-13,861.5
2017-01-16,862.5
2017-01-17,860.5
2017-01-18,863.5
2017-01-19,866.5
2017-01-20,868.0
2017-01-23,875.5
2017-01-24,878.5
2017-01-25,881.5
2017-01-26,879.5
2017-02-03,909.5
2017-02-06,916.0
2017-02-07,913.5
2017-02-08,911.0
2017-02-09,910.0
2017-02-10,906.5
2017-02-13,910.0
2017-02-14,910.0
2017-02-15,908.0
2017-02-16,907.5
2017-02-17,898.0
2017-02-20,910.0
2017-02-21,909.0
2017-02-22,908.5
2017-02-23,904.0
2017-02-24,905.0
2017-02-27,905.5
2017-02-28,904.25
2017-03-01,909.5
2017-03-02,909.0
2017-03-03,907.5
2017-03-06,908.0
2017-03-07,907.5
2017-03-08,902.0
2017-03-09,891.0
2017-03-10,882.5
2017-03-13,882.5
2017-03-14,883.5
2017-03-15,883.75
2017-03-16,889.5
2017-03-17,889.0
2017-03-20,887.5
2017-03-21,885.75
2017-03-22,880.75
2017-03-23,879.0
2017-03-24,874.5
2017-03-27,868.0
2017-03-28,867.5
2017-03-29,870.5
2017-03-30,872.5
2017-03-31,871.0
2017-04-05,850.5
2017-04-06,853.0
2017-04-07,852.5
2017-04-10,850.0
2017-04-11,847.0
2017-04-12,835.0
2017-04-13,834.75
2017-04-14,834.75
2017-04-17,838.0
2017-04-18,837.5
2017-04-19,837.0
2017-04-20,836.0
2017-04-21,835.5
2017-04-24,834.75
2017-04-25,830.0
2017-04-26,827.0
2017-04-27,826.5
2017-04-28,825.5
2017-05-02,825.0
2017-05-03,822.0
2017-05-04,809.0
2017-05-05,791.0
2017-05-08,797.0
2017-05-09,796.0
2017-05-10,796.0
2017-05-11,804.0
2017-05-12,803.0
2017-05-15,818.0
2017-05-16,831.0
2017-05-17,830.0
2017-05-18,829.0
2017-05-19,837.0
2017-05-22,843.0
2017-05-23,834.0
2017-05-24,826.0
2017-05-25,823.0
2017-05-26,801.0
2017-05-31,799.0
2017-06-01,799.0
2017-06-02,790.0
2017-06-05,797.0
2017-06-06,797.0
2017-06-07,797.0
2017-06-08,795.0
2017-06-09,792.0
2017-06-12,794.0
2017-06-13,801.0
2017-06-14,803.0
2017-06-15,795.0
2017-06-16,797.0
2017-06-19,797.0
2017-06-20,790.0
2017-06-21,782.0
2017-06-22,764.0
2017-06-23,769.0
2017-06-26,769.0
2017-06-27,781.0
2017-06-28,784.0
2017-06-29,793.0
2017-06-30,784.0
2017-07-03,783.0
2017-07-04,779.5
2017-07-05,783.0
2017-07-06,780.5
2017-07-07,778.0
2017-07-10,773.0
2017-07-11,780.0
2017-07-12,785.0
2017-07-13,785.5
2017-07-14,785.0
2017-07-17,786.0
2017-07-18,780.0
2017-07-19,782.0
2017-07-20,789.5
2017-07-21,793.0
2017-07-24,790.5
2017-07-25,791.5
2017-07-26,796.0
2017-07-27,801.0
2017-07-28,798.5
2017-07-31,799.5
2017-08-01,822.5
2017-08-02,826.5
2017-08-03,825.5
2017-08-04,825.5
2017-08-07,823.0
2017-08-08,821.5
2017-08-09,824.0
2017-08-10,825.0
2017-08-11,816.5
2017-08-14,816.0
2017-08-15,811.0
2017-08-16,814.5
2017-08-17,815.0
2017-08-18,816.5
2017-08-21,817.5
2017-08-22,816.5
2017-08-23,815.5
2017-08-24,818.0
2017-08-25,819.5
2017-08-28,819.5
2017-08-29,821.0
2017-08-30,822.0
2017-08-31,820.0
2017-09-01,825.0
2017-09-04,831.5
2017-09-05,831.5
2017-09-06,831.25
2017-09-07,832.0
2017-09-08,834.5
2017-09-11,833.0
2017-09-12,833.0
2017-09-13,830.0
2017-09-14,831.0
2017-09-15,828.5
2017-09-18,832.5
2017-09-19,835.0
2017-09-20,835.0
2017-09-21,833.5
2017-09-22,834.5
2017-09-25,836.25
2017-09-26,839.0
2017-09-27,836.0
2017-09-28,829.0
2017-09-29,834.0
2017-10-09,849.0
2017-10-10,846.5
2017-10-11,845.5
2017-10-12,844.0
2017-10-13,851.0
2017-10-16,858.0
2017-10-17,856.0
2017-10-18,856.0
2017-10-19,851.5
2017-10-20,851.5
2017-10-23,854.0
2017-10-24,852.0
2017-10-25,854.0
2017-10-26,850.0
2017-10-27,848.0
2017-10-30,855.0
2017-10-31,859.0
2017-11-01,874.0
2017-11-02,874.0
2017-11-03,881.0
2017-11-06,894.0
2017-11-07,906.0
2017-11-08,901.0
2017-11-09,899.0
2017-11-10,898.0
2017-11-13,905.0
2017-11-14,907.0
2017-11-15,898.0
2017-11-16,897.0
2017-11-17,898.0
2017-11-20,904.0
2017-11-21,902.0
2017-11-22,914.0
2017-11-23,914.0
2017-11-24,911.0
2017-11-27,907.0
2017-11-28,906.0
2017-11-29,905.0
2017-11-30,899.0
2017-12-01,910.0
2017-12-04,910.5
2017-12-05,908.25
2017-12-06,909.5
2017-12-07,906.5
2017-12-08,907.75
2017-12-11,907.0
2017-12-12,909.5
2017-12-13,909.5
2017-12-14,906.0
2017-12-15,906.5
2017-12-18,906.0
2017-12-19,908.0
2017-12-20,909.0
2017-12-21,910.5
2017-12-22,911.5
2017-12-25,911.5
2017-12-26,916.0
2017-12-27,917.75
2017-12-28,919.25
2017-12-29,921.0
2018-01-02,926.5
2018-01-03,926.5
2018-01-04,931.0
2018-01-05,930.0
2018-01-08,933.5
2018-01-09,936.5
2018-01-10,937.75
2018-01-11,938.0
2018-01-12,936.0
2018-01-15,939.0
2018-01-16,936.5
2018-01-17,935.5
2018-01-18,938.0
2018-01-19,940.5
2018-01-22,945.0
2018-01-23,949.5
2018-01-24,952.0
2018-01-25,949.25
2018-01-26,949.25
2018-01-29,952.5
2018-01-30,948.0
2018-01-31,948.0
2018-02-01,974.0
2018-02-02,976.5
2018-02-05,974.0
2018-02-06,967.5
2018-02-07,968.5
2018-02-08,966.0
2018-02-09,960.0
2018-02-12,959.0
2018-02-13,959.0
2018-02-14,960.5
2018-02-22,973.0
2018-02-23,975.0
2018-02-26,980.0
2018-02-27,980.5
2018-02-28,978.0
2018-03-01,975.5
2018-03-02,971.5
2018-03-05,974.0
2018-03-06,974.5
2018-03-07,969.5
2018-03-08,967.5
2018-03-09,964.0
2018-03-12,964.5
2018-03-13,965.5
2018-03-14,963.5
2018-03-15,963.5
2018-03-16,961.5
2018-03-19,964.0
2018-03-20,962.5
2018-03-21,963.0
2018-03-22,965.0
2018-03-23,961.75
2018-03-26,962.0
2018-03-27,961.5
2018-03-28,959.5
2018-03-29,960.0
2018-03-30,960.0
2018-04-02,953.5
2018-04-03,955.0
2018-04-04,953.0
2018-04-09,945.0
2018-04-10,953.0
2018-04-11,956.0
2018-04-12,960.0
2018-04-13,958.0
2018-04-16,955.0
2018-04-17,958.0
2018-04-18,961.0
2018-04-19,976.0
2018-04-20,971.0
2018-04-23,973.0
2018-04-24,985.0
2018-04-25,983.0
2018-04-26,980.0
2018-04-27,979.0
2018-05-02,982.0
2018-05-03,980.0
2018-05-04,991.0
2018-05-07,998.0
2018-05-08,998.0
2018-05-09,1010.0
2018-05-10,1025.0
2018-05-11,1034.0
2018-05-14,1033.0
2018-05-15,1033.0
2018-05-16,1029.0
2018-05-17,1022.0
2018-05-18,1021.5
2018-05-21,1021.0
2018-05-22,1020.0
2018-05-23,1018.0
2018-05-24,1021.0
2018-05-25,1025.0
2018-05-28,997.0
2018-05-29,997.0
2018-05-30,992.0
2018-05-31,992.0
2018-06-01,994.0
2018-06-04,992.0
2018-06-05,989.0
2018-06-06,988.0
2018-06-07,988.0
2018-06-08,989.0
2018-06-11,986.0
2018-06-12,988.0
2018-06-13,985.0
2018-06-14,992.0
2018-06-15,992.0
2018-06-19,955.0
2018-06-20,957.0
2018-06-21,947.0
2018-06-22,950.0
2018-06-25,955.0
2018-06-26,962.0
2018-06-27,984.0
2018-06-28,985.0
2018-06-29,993.0
2018-07-02,1001.0
2018-07-03,1007.0
2018-07-04,1007.0
2018-07-05,1004.0
2018-07-06,1008.0
2018-07-09,1009.0
2018-07-10,1015.0
2018-07-11,1011.0
2018-07-12,1008.0
2018-07-13,1004.0
2018-07-16,1005.0
2018-07-17,993.0
2018-07-18,991.0
2018-07-19,1006.0
2018-07-20,1016.0
2018-07-23,1016.0
2018-07-24,1028.0
2018-07-25,1030.0
2018-07-26,1035.0
2018-07-27,1050.0
2018-07-30,1072.0
2018-07-31,1082.0
2018-08-01,1077.0
2018-08-02,1080.0
2018-08-03,1089.5
2018-08-06,1095.0
2018-08-07,1090.5
2018-08-08,1093.0
2018-08-09,1093.0
2018-08-10,1092.0
2018-08-13,1098.0
2018-08-14,1105.5
2018-08-15,1108.5
2018-08-16,1122.5
2018-08-17,1129.5
2018-08-20,1139.0
2018-08-21,1142.5
2018-08-22,1142.5
2018-08-23,1149.5
2018-08-24,1152.5
2018-08-27,1164.0
2018-08-28,1193.5
2018-08-29,1198.0
2018-08-30,1216.0
2018-08-31,1215.5
2018-09-03,1354.0
2018-09-04,1346.5
2018-09-05,1333.0
2018-09-06,1335.5
2018-09-07,1332.5
2018-09-10,1335.0
2018-09-11,1326.0
2018-09-12,1338.0
2018-09-13,1354.0
2018-09-14,1350.0
2018-09-17,1335.0
2018-09-18,1318.0
2018-09-19,1304.0
2018-09-20,1302.0
2018-09-21,1308.0
2018-09-25,1319.5
2018-09-26,1324.5
2018-09-27,1336.5
2018-09-28,1334.0
2018-10-08,1325.0
2018-10-09,1343.0
2018-10-10,1350.0
2018-10-11,1332.0
2018-10-12,1319.0
2018-10-15,1325.0
2018-10-16,1297.0
2018-10-17,1288.0
2018-10-18,1266.0
2018-10-19,1258.0
2018-10-22,1257.0
2018-10-23,1257.0
2018-10-24,1251.0
2018-10-25,1237.0
2018-10-26,1235.0
2018-10-29,1242.0
2018-10-30,1236.0
2018-10-31,1234.0
2018-11-01,1207.0
2018-11-02,1187.0
2018-11-05,1183.0
2018-11-06,1183.0
2018-11-07,1154.0
2018-11-08,1154.0
2018-11-09,1136.0
2018-11-12,1137.0
2018-11-13,1130.0
2018-11-14,1100.0
2018-11-15,1115.0
2018-11-16,1116.0
2018-11-19,1117.0
2018-11-20,1112.0
2018-11-21,1083.0
2018-11-22,1070.0
2018-11-23,1037.0
2018-11-26,1013.0
2018-11-27,1000.0
2018-11-28,1008.0
2018-11-29,999.0
2018-11-30,1003.0
2018-12-03,1005.0
2018-12-04,1027.0
2018-12-05,1049.0
2018-12-06,1053.0
2018-12-07,1071.0
2018-12-10,1076.5
2018-12-11,1057.0
2018-12-12,1058.0
2018-12-13,1058.0
2018-12-14,1073.0
2018-12-17,1069.0
2018-12-18,1057.0
2018-12-19,1043.0
2018-12-20,1027.0
2018-12-21,1005.0
2018-12-24,1005.0
2018-12-25,1005.0
2018-12-26,966.0
2018-12-27,965.0
2018-12-28,949.0
2019-01-02,928.0
2019-01-03,943.0
2019-01-04,970.0
2019-01-07,996.0
2019-01-08,1005.0
2019-01-09,1044.0
2019-01-10,1059.0
2019-01-11,1069.0
2019-01-14,1071.0
2019-01-15,1075.0
2019-01-16,1070.0
2019-01-17,1059.0
2019-01-18,1070.0
2019-01-21,1091.0
2019-01-22,1087.0
2019-01-23,1075.0
2019-01-24,1064.0
2019-01-25,1076.0
2019-01-28,1058.0
2019-01-29,1059.0
2019-01-30,1075.0
2019-01-31,1087.0
2019-02-01,1069.5
2019-02-11,1069.5
2019-02-12,1079.0
2019-02-13,1071.0
2019-02-14,1076.0
2019-02-15,1077.5
2019-02-18,1081.5
2019-02-19,1080.5
2019-02-20,1080.0
2019-02-21,1086.0
2019-02-22,1083.5
2019-02-25,1083.5
2019-02-26,1081.0
2019-02-27,1078.5
2019-02-28,1075.5
2019-03-01,1101.0
2019-03-04,1102.0
2019-03-05,1102.5
2019-03-06,1106.0
2019-03-07,1101.5
2019-03-08,1097.5
2019-03-11,1099.0
2019-03-12,1099.5
2019-03-13,1095.0
2019-03-14,1097.5
2019-03-15,1091.5
2019-03-18,1083.5
2019-03-19,1077.0
2019-03-20,1071.0
2019-03-21,1069.0
2019-03-22,1064.0
2019-03-25,1059.0
2019-03-26,1058.0
2019-03-27,1058.0
2019-03-28,1061.0
2019-03-29,1064.5
2019-04-01,1052.0
2019-04-02,1041.0
2019-04-03,1030.0
2019-04-04,1037.0
2019-04-08,1052.0
2019-04-09,1055.0
2019-04-10,1059.0
2019-04-11,1064.0
2019-04-12,1068.0
2019-04-15,1062.0
2019-04-16,1046.0
2019-04-17,1011.0
2019-04-18,968.0
2019-04-19,968.0
2019-04-22,968.0
2019-04-23,970.0
2019-04-24,970.0
2019-04-25,948.0
2019-04-26,951.0
2019-04-29,937.0
2019-04-30,947.0
2019-05-06,904.0
2019-05-07,904.0
2019-05-08,905.0
2019-05-09,904.0
2019-05-10,911.0
2019-05-13,895.0
2019-05-14,864.0
2019-05-15,870.0
2019-05-16,870.0
2019-05-17,861.0
2019-05-20,861.0
2019-05-21,856.0
2019-05-22,857.0
2019-05-23,868.0
2019-05-24,874.0
2019-05-27,895.0
2019-05-28,891.0
2019-05-29,877.0
2019-05-30,878.0
2019-05-31,852.0
2019-06-03,816.0
2019-06-04,806.0
2019-06-05,806.0
2019-06-06,815.0
2019-06-10,880.0
2019-06-11,879.0
2019-06-12,839.0
2019-06-13,833.0
2019-06-14,823.0
2019-06-17,806.0
2019-06-18,802.0
2019-06-19,809.0
2019-06-20,814.0
2019-06-21,825.0
2019-06-24,837.0
2019-06-25,833.0
2019-06-26,844.0
2019-06-27,849.0
2019-06-28,838.0
2019-07-01,853.0
2019-07-02,860.0
2019-07-03,848.0
2019-07-04,837.0
2019-07-05,837.0
2019-07-08,854.0
2019-07-09,861.0
2019-07-10,880.0
2019-07-11,889.0
2019-07-12,881.0
2019-07-15,860.0
2019-07-16,842.0
2019-07-17,844.0
2019-07-18,852.0
2019-07-19,844.0
2019-07-22,842.0
2019-07-23,840.0
2019-07-24,837.0
2019-07-25,834.0
2019-07-26,842.0
2019-07-29,831.0
2019-07-30,837.0
2019-07-31,845.0
2019-08-01,836.0
2019-08-02,812.0
