date,time,datetime,symbol,exchange,lastPrice,lastVolume,volume,openInterest,openPrice,highPrice,lowPrice,preClosePrice,preSettlementPrice,upperLimit,lowerLimit,turnover,bidPrice1,bidPrice2,bidPrice3,bidPrice4,bidPrice5,askPrice1,askPrice2,askPrice3,askPrice4,askPrice5,bidVolume1,bidVolume2,bidVolume3,bidVolume4,bidVolume5,askVolume1,askVolume2,askVolume3,askVolume4,askVolume5
20191122,18:12:27.0,2019-11-22 18:12:27,ZS3M,LME,2289.0,0,2658,0.0,2306.5,2312.0,2283.0,0.0,0.0,1.7976931348623157e+308,1.7976931348623157e+308,0.0,2287.5,2287.0,2285.0,2284.5,2284.0,2288.5,2289.0,2289.5,2290.0,2290.5,4,1,3,3,4,3,2,4,5,5
20191122,18:12:40.0,2019-11-22 18:12:40,CA3M,LME,5853.0,0,4841,0.0,5826.5,5863.5,5812.5,0.0,0.0,1.7976931348623157e+308,1.7976931348623157e+308,0.0,5852.5,5852.0,5851.5,5851.0,5850.5,5854.0,5854.5,5855.0,5855.5,5856.0,2,4,5,7,2,1,1,3,3,2
20191122,18:11:34.0,2019-11-22 18:11:34,NI3M,LME,14260.0,0,2494,0.0,14505.0,14540.0,14220.0,0.0,0.0,1.7976931348623157e+308,1.7976931348623157e+308,0.0,14260.0,14250.0,14245.0,14240.0,14235.0,14265.0,14270.0,14275.0,14280.0,14285.0,1,3,1,3,2,2,6,8,11,3
20191122,18:12:17.0,2019-11-22 18:12:17,PB3M,LME,1966.5,0,1341,0.0,1961.5,1987.0,1960.0,0.0,0.0,1.7976931348623157e+308,1.7976931348623157e+308,0.0,1965.5,1965.0,1964.5,1964.0,1963.0,1968.0,1968.0,1968.5,1970.0,1970.5,5,1,1,1,3,1,1,1,3,5
20191122,17:50:11.0,2019-11-22 17:50:11,SN3M,LME,16430.0,0,60,0.0,16425.0,16485.0,16425.0,0.0,0.0,1.7976931348623157e+308,1.7976931348623157e+308,0.0,16390.0,16380.0,16375.0,16355.0,16350.0,16440.0,16450.0,16485.0,16490.0,16495.0,2,1,6,1,5,2,1,1,4,3
20191122,18:12:27.0,2019-11-22 18:12:27,ZS3M,LME,2289.0,0,2658,0.0,2306.5,2312.0,2283.0,0.0,0.0,1.7976931348623157e+308,1.7976931348623157e+308,0.0,2287.5,2287.0,2285.0,2284.5,2284.0,2288.5,2289.0,2289.5,2290.0,2290.5,4,1,3,3,4,3,2,4,5,5
20191122,18:12:42.0,2019-11-22 18:12:42,ZS3M,LME,2289.0,0,2658,0.0,2306.5,2312.0,2283.0,0.0,0.0,1.7976931348623157e+308,1.7976931348623157e+308,0.0,2287.5,2287.0,2285.0,2284.5,2284.0,2288.5,2289.0,2289.5,2290.0,2290.5,4,1,3,3,4,4,2,4,5,5
20191122,18:12:44.0,2019-11-22 18:12:44,CA3M,LME,5853.0,0,4841,0.0,5826.5,5863.5,5812.5,0.0,0.0,1.7976931348623157e+308,1.7976931348623157e+308,0.0,5852.5,5852.0,5851.5,5851.0,5850.5,5854.5,5854.5,5855.0,5855.5,5856.0,2,4,5,3,6,1,1,3,3,2
20191122,18:12:52.0,2019-11-22 18:12:52,CA3M,LME,5853.0,0,4841,0.0,5826.5,5863.5,5812.5,0.0,0.0,1.7976931348623157e+308,1.7976931348623157e+308,0.0,5852.5,5852.0,5851.5,5851.0,5850.5,5854.0,5854.5,5855.0,5855.5,5856.0,2,4,5,3,6,1,1,3,3,2
20191122,18:12:59.0,2019-11-22 18:12:59,CA3M,LME,5853.0,0,4841,0.0,5826.5,5863.5,5812.5,0.0,0.0,1.7976931348623157e+308,1.7976931348623157e+308,0.0,5852.5,5852.0,5851.5,5851.0,5850.5,5854.5,5854.5,5855.0,5855.5,5856.0,2,4,5,7,2,1,1,3,3,2
20191122,18:13:01.0,2019-11-22 18:13:01,CA3M,LME,5853.0,0,4841,0.0,5826.5,5863.5,5812.5,0.0,0.0,1.7976931348623157e+308,1.7976931348623157e+308,0.0,5852.5,5852.0,5851.5,5851.0,5850.5,5853.0,5855.0,5855.5,5856.0,5856.5,2,4,5,7,2,1,3,3,2,2
20191122,18:13:02.0,2019-11-22 18:13:02,CA3M,LME,5853.0,0,4842,0.0,5826.5,5863.5,5812.5,0.0,0.0,1.7976931348623157e+308,1.7976931348623157e+308,0.0,5852.5,5852.0,5851.5,5851.0,5850.5,5854.5,5855.0,5855.5,5856.0,5856.5,2,4,5,7,2,1,3,3,2,2
20191122,18:13:06.0,2019-11-22 18:13:06,CA3M,LME,5853.0,0,4842,0.0,5826.5,5863.5,5812.5,0.0,0.0,1.7976931348623157e+308,1.7976931348623157e+308,0.0,5852.5,5852.0,5851.5,5851.0,5850.5,5854.5,5855.0,5855.5,5856.0,5856.5,2,4,5,7,2,2,3,3,2,2
20191122,18:13:07.0,2019-11-22 18:13:07,CA3M,LME,5853.0,0,4842,0.0,5826.5,5863.5,5812.5,0.0,0.0,1.7976931348623157e+308,1.7976931348623157e+308,0.0,5852.5,5852.0,5851.5,5851.0,5850.5,5854.0,5854.5,5855.0,5855.5,5856.0,2,4,5,7,2,1,2,3,3,2
20191122,18:13:07.0,2019-11-22 18:13:07,ZS3M,LME,2287.5,0,2659,0.0,2306.5,2312.0,2283.0,0.0,0.0,1.7976931348623157e+308,1.7976931348623157e+308,0.0,2287.5,2287.0,2285.0,2284.5,2284.0,2288.5,2289.0,2289.5,2290.0,2290.5,4,1,3,3,4,4,2,4,5,5
20191122,18:13:13.0,2019-11-22 18:13:13,CA3M,LME,5853.0,0,4842,0.0,5826.5,5863.5,5812.5,0.0,0.0,1.7976931348623157e+308,1.7976931348623157e+308,0.0,5852.5,5852.0,5851.5,5851.0,5850.5,5854.5,5854.5,5855.0,5855.5,5856.0,2,4,5,7,2,2,2,3,3,2
20191122,18:13:18.0,2019-11-22 18:13:18,NI3M,LME,14265.0,0,2496,0.0,14505.0,14540.0,14220.0,0.0,0.0,1.7976931348623157e+308,1.7976931348623157e+308,0.0,14265.0,14260.0,14255.0,14250.0,14245.0,14270.0,14275.0,14280.0,14285.0,14290.0,1,1,2,3,1,3,8,11,3,1
20191122,18:13:19.0,2019-11-22 18:13:19,NI3M,LME,14265.0,0,2496,0.0,14505.0,14540.0,14220.0,0.0,0.0,1.7976931348623157e+308,1.7976931348623157e+308,0.0,14265.0,14260.0,14255.0,14250.0,14245.0,14270.0,14275.0,14280.0,14285.0,14290.0,1,1,2,3,1,2,8,11,3,1
20191122,18:13:20.0,2019-11-22 18:13:20,PB3M,LME,1966.5,0,1341,0.0,1961.5,1987.0,1960.0,0.0,0.0,1.7976931348623157e+308,1.7976931348623157e+308,0.0,1965.5,1965.0,1964.5,1964.0,1963.0,1968.0,1968.5,1970.0,1970.5,1971.0,6,1,1,1,3,3,1,3,5,3
20191122,18:13:21.0,2019-11-22 18:13:21,CA3M,LME,5853.0,0,4842,0.0,5826.5,5863.5,5812.5,0.0,0.0,1.7976931348623157e+308,1.7976931348623157e+308,0.0,5853.0,5852.5,5852.0,5851.5,5851.0,5854.5,5855.0,5855.5,5856.0,5856.5,2,2,4,9,3,2,3,3,2,2
20191122,18:13:28.0,2019-11-22 18:13:28,CA3M,LME,5853.0,0,4842,0.0,5826.5,5863.5,5812.5,0.0,0.0,1.7976931348623157e+308,1.7976931348623157e+308,0.0,5853.0,5852.5,5852.0,5851.5,5851.0,5854.5,5855.0,5855.5,5856.0,5856.5,3,2,4,9,3,2,3,3,2,2
20191122,18:13:30.0,2019-11-22 18:13:30,CA3M,LME,5853.0,0,4842,0.0,5826.5,5863.5,5812.5,0.0,0.0,1.7976931348623157e+308,1.7976931348623157e+308,0.0,5853.0,5852.5,5852.0,5851.5,5851.0,5854.5,5855.0,5855.5,5856.0,5856.5,3,3,4,8,7,1,3,3,2,2
20191122,18:13:33.0,2019-11-22 18:13:33,CA3M,LME,5853.0,0,4842,0.0,5826.5,5863.5,5812.5,0.0,0.0,1.7976931348623157e+308,1.7976931348623157e+308,0.0,5853.5,5853.0,5852.5,5852.0,5851.5,5854.5,5855.0,5855.5,5856.0,5856.5,2,2,3,5,8,1,3,3,2,2
20191122,18:13:36.0,2019-11-22 18:13:36,CA3M,LME,5853.0,0,4842,0.0,5826.5,5863.5,5812.5,0.0,0.0,1.7976931348623157e+308,1.7976931348623157e+308,0.0,5853.5,5853.0,5852.5,5852.0,5851.5,5855.0,5855.5,5856.0,5856.5,5857.0,2,1,3,9,8,2,3,1,2,9
20191122,18:13:38.0,2019-11-22 18:13:38,CA3M,LME,5853.0,0,4842,0.0,5826.5,5863.5,5812.5,0.0,0.0,1.7976931348623157e+308,1.7976931348623157e+308,0.0,5854.0,5853.0,5852.5,5852.0,5851.5,5855.0,5855.5,5856.0,5856.5,5857.0,1,1,3,9,8,2,3,1,2,9
20191122,18:13:39.0,2019-11-22 18:13:39,SN3M,LME,16430.0,0,60,0.0,16425.0,16485.0,16425.0,0.0,0.0,1.7976931348623157e+308,1.7976931348623157e+308,0.0,16390.0,16380.0,16375.0,16355.0,16350.0,16440.0,16445.0,16450.0,16485.0,16490.0,2,1,6,1,5,6,1,2,2,4
20191122,18:13:42.0,2019-11-22 18:13:42,CA3M,LME,5853.0,0,4842,0.0,5826.5,5863.5,5812.5,0.0,0.0,1.7976931348623157e+308,1.7976931348623157e+308,0.0,5854.0,5853.5,5853.0,5852.5,5852.0,5855.0,5855.5,5856.0,5856.5,5857.0,1,1,1,3,9,2,3,1,2,9
20191122,18:13:43.0,2019-11-22 18:13:43,CA3M,LME,5853.0,0,4842,0.0,5826.5,5863.5,5812.5,0.0,0.0,1.7976931348623157e+308,1.7976931348623157e+308,0.0,5854.0,5853.5,5853.0,5852.5,5852.0,5855.0,5855.5,5856.0,5856.5,5857.0,2,1,1,3,9,2,3,1,2,9
20191122,18:13:51.0,2019-11-22 18:13:51,CA3M,LME,5853.0,0,4842,0.0,5826.5,5863.5,5812.5,0.0,0.0,1.7976931348623157e+308,1.7976931348623157e+308,0.0,5854.0,5853.0,5852.5,5852.0,5851.5,5855.0,5855.5,5856.0,5856.5,5857.0,3,1,3,9,8,4,3,1,2,9
20191122,18:13:51.0,2019-11-22 18:13:51,CA3M,LME,5854.5,0,4843,0.0,5826.5,5863.5,5812.5,0.0,0.0,1.7976931348623157e+308,1.7976931348623157e+308,0.0,5854.0,5853.0,5852.5,5852.0,5851.5,5855.0,5855.5,5856.0,5856.5,5857.0,2,2,7,5,8,4,1,1,2,8
20191122,18:14:02.0,2019-11-22 18:14:02,CA3M,LME,5854.5,0,4843,0.0,5826.5,5863.5,5812.5,0.0,0.0,1.7976931348623157e+308,1.7976931348623157e+308,0.0,5854.0,5853.0,5852.5,5852.0,5851.5,5855.0,5855.5,5856.0,5856.5,5857.0,3,6,4,5,8,4,1,1,2,8
20191122,18:14:07.0,2019-11-22 18:14:07,CA3M,LME,5854.5,0,4843,0.0,5826.5,5863.5,5812.5,0.0,0.0,1.7976931348623157e+308,1.7976931348623157e+308,0.0,5854.0,5853.0,5852.5,5852.0,5851.5,5855.0,5855.5,5856.0,5856.5,5857.0,2,3,8,4,11,4,2,1,2,9
20191122,18:14:07.0,2019-11-22 18:14:07,CA3M,LME,5854.0,0,4844,0.0,5826.5,5863.5,5812.5,0.0,0.0,1.7976931348623157e+308,1.7976931348623157e+308,0.0,5854.0,5853.0,5852.5,5852.0,5851.5,5855.0,5855.5,5856.0,5856.5,5857.0,1,2,8,5,8,4,2,1,2,9
20191122,18:14:08.0,2019-11-22 18:14:08,CA3M,LME,5854.0,0,4845,0.0,5826.5,5863.5,5812.5,0.0,0.0,1.7976931348623157e+308,1.7976931348623157e+308,0.0,5853.0,5852.5,5852.0,5851.5,5851.0,5854.0,1.7976931348623157e+308,1.7976931348623157e+308,1.7976931348623157e+308,1.7976931348623157e+308,1,4,5,12,3,1,0,0,0,0
20191122,18:14:09.0,2019-11-22 18:14:09,ZS3M,LME,2288.5,0,2660,0.0,2306.5,2312.0,2283.0,0.0,0.0,1.7976931348623157e+308,1.7976931348623157e+308,0.0,2287.5,2287.0,2285.0,2284.5,2284.0,2288.5,2289.0,2289.5,2290.0,2290.5,3,1,3,3,4,4,2,7,5,2
20191122,18:14:09.0,2019-11-22 18:14:09,CA3M,LME,5854.0,0,4845,0.0,5826.5,5863.5,5812.5,0.0,0.0,1.7976931348623157e+308,1.7976931348623157e+308,0.0,5852.5,5852.0,5851.5,5851.0,5850.5,5854.0,5854.5,5855.0,5855.5,5856.0,1,5,5,3,5,1,1,4,2,2
20191122,18:14:12.0,2019-11-22 18:14:12,CA3M,LME,5854.0,0,4845,0.0,5826.5,5863.5,5812.5,0.0,0.0,1.7976931348623157e+308,1.7976931348623157e+308,0.0,5853.0,5852.5,5852.0,5851.5,5851.0,5854.0,5854.5,5855.0,5855.5,5856.0,1,2,4,5,7,1,1,4,2,2
20191122,18:14:15.0,2019-11-22 18:14:15,CA3M,LME,5854.0,0,4845,0.0,5826.5,5863.5,5812.5,0.0,0.0,1.7976931348623157e+308,1.7976931348623157e+308,0.0,5852.5,5852.5,5852.0,5851.5,5851.0,5854.0,5854.5,5855.0,5855.5,5856.0,1,1,4,9,3,1,1,2,2,2
20191122,18:14:20.0,2019-11-22 18:14:20,CA3M,LME,5854.0,0,4845,0.0,5826.5,5863.5,5812.5,0.0,0.0,1.7976931348623157e+308,1.7976931348623157e+308,0.0,5853.0,5852.5,5852.0,5851.5,5851.0,5854.0,5854.5,5855.0,5855.5,5856.0,1,2,4,9,3,1,1,2,2,2
20191122,18:14:21.0,2019-11-22 18:14:21,CA3M,LME,5854.0,0,4845,0.0,5826.5,5863.5,5812.5,0.0,0.0,1.7976931348623157e+308,1.7976931348623157e+308,0.0,5852.5,5852.0,5851.5,5851.0,5850.5,5854.0,5854.5,5855.0,5855.5,5856.0,1,4,9,3,2,2,1,2,2,2
20191122,18:14:36.0,2019-11-22 18:14:36,CA3M,LME,5854.0,0,4845,0.0,5826.5,5863.5,5812.5,0.0,0.0,1.7976931348623157e+308,1.7976931348623157e+308,0.0,5852.5,5852.0,5851.5,5851.0,5850.5,5853.5,5854.5,5855.0,5855.5,5856.0,1,4,9,3,2,1,1,2,2,2
20191122,18:14:36.0,2019-11-22 18:14:36,ZS3M,LME,2288.5,0,2660,0.0,2306.5,2312.0,2283.0,0.0,0.0,1.7976931348623157e+308,1.7976931348623157e+308,0.0,2288.0,2287.5,2287.0,2285.5,2285.0,2288.5,2289.0,2289.5,2290.0,2290.5,1,2,1,2,3,2,2,7,5,2
20191122,18:14:37.0,2019-11-22 18:14:37,ZS3M,LME,2288.0,0,2661,0.0,2306.5,2312.0,2283.0,0.0,0.0,1.7976931348623157e+308,1.7976931348623157e+308,0.0,2287.5,2287.0,2286.0,2285.5,2285.0,2288.5,2289.0,2289.5,2290.0,2290.5,3,1,1,2,3,2,2,7,5,2
20191122,18:14:47.0,2019-11-22 18:14:47,ZS3M,LME,2288.5,0,2663,0.0,2306.5,2312.0,2283.0,0.0,0.0,1.7976931348623157e+308,1.7976931348623157e+308,0.0,2288.5,2288.0,2287.5,2287.0,2286.0,2289.0,2289.5,2290.0,2290.5,2291.0,1,1,3,1,1,1,7,5,1,6
20191122,18:14:47.0,2019-11-22 18:14:47,CA3M,LME,5854.0,0,4845,0.0,5826.5,5863.5,5812.5,0.0,0.0,1.7976931348623157e+308,1.7976931348623157e+308,0.0,5852.5,5852.0,5851.5,5851.0,5850.5,5854.0,5854.5,5855.0,5855.5,5856.0,1,4,5,7,2,2,1,2,2,2
20191122,18:14:47.0,2019-11-22 18:14:47,ZS3M,LME,2288.5,0,2664,0.0,2306.5,2312.0,2283.0,0.0,0.0,1.7976931348623157e+308,1.7976931348623157e+308,0.0,2288.5,2288.0,2287.5,2287.0,2286.0,2289.0,2289.5,2290.0,2290.5,2291.0,1,1,2,1,1,1,7,5,1,6
20191122,18:14:50.0,2019-11-22 18:14:50,CA3M,LME,5854.0,0,4845,0.0,5826.5,5863.5,5812.5,0.0,0.0,1.7976931348623157e+308,1.7976931348623157e+308,0.0,5852.5,5852.0,5851.5,5851.0,5850.5,5854.0,5854.5,5855.0,5855.5,5856.0,1,4,5,7,2,4,1,2,2,2
20191122,18:15:01.0,2019-11-22 18:15:01,CA3M,LME,5854.0,0,4845,0.0,5826.5,5863.5,5812.5,0.0,0.0,1.7976931348623157e+308,1.7976931348623157e+308,0.0,5852.5,5852.0,5851.5,5851.0,5850.5,5854.0,5854.5,5855.0,5855.5,5856.0,5,4,6,7,2,2,1,2,2,1
20191122,18:15:05.0,2019-11-22 18:15:05,CA3M,LME,5854.0,0,4845,0.0,5826.5,5863.5,5812.5,0.0,0.0,1.7976931348623157e+308,1.7976931348623157e+308,0.0,5853.0,5852.5,5852.0,5851.5,5851.0,5854.0,5854.5,5855.0,5855.5,5856.0,1,6,9,6,3,4,1,2,2,1
20191122,18:15:06.0,2019-11-22 18:15:06,CA3M,LME,5854.0,0,4845,0.0,5826.5,5863.5,5812.5,0.0,0.0,1.7976931348623157e+308,1.7976931348623157e+308,0.0,5853.0,5852.5,5852.0,5851.5,5851.0,5854.0,5854.5,5855.0,5855.5,5856.0,2,6,9,6,3,4,1,2,2,1
20191122,18:15:09.0,2019-11-22 18:15:09,CA3M,LME,5854.0,0,4845,0.0,5826.5,5863.5,5812.5,0.0,0.0,1.7976931348623157e+308,1.7976931348623157e+308,0.0,5853.0,5852.5,5852.0,5851.5,5851.0,5854.0,5854.5,5855.0,5855.5,5856.0,1,6,9,6,3,4,1,2,2,1
20191122,18:15:09.0,2019-11-22 18:15:09,CA3M,LME,5854.0,0,4846,0.0,5826.5,5863.5,5812.5,0.0,0.0,1.7976931348623157e+308,1.7976931348623157e+308,0.0,5853.0,5852.5,5852.0,5851.5,5851.0,5854.0,5854.5,5855.0,5855.5,5856.0,1,6,9,6,3,4,1,2,2,1
20191122,18:15:15.0,2019-11-22 18:15:15,CA3M,LME,5854.0,0,4846,0.0,5826.5,5863.5,5812.5,0.0,0.0,1.7976931348623157e+308,1.7976931348623157e+308,0.0,5853.0,5852.5,5852.0,5851.5,5851.0,5854.0,5854.5,5855.0,5855.5,5856.0,2,6,9,6,3,4,1,2,2,1
20191122,18:15:16.0,2019-11-22 18:15:16,ZS3M,LME,2288.5,0,2664,0.0,2306.5,2312.0,2283.0,0.0,0.0,1.7976931348623157e+308,1.7976931348623157e+308,0.0,2288.0,2287.5,2287.0,2286.0,2285.5,2289.0,2289.5,2290.0,2290.5,2291.0,3,2,1,1,2,2,7,6,1,6
20191122,18:15:24.0,2019-11-22 18:15:24,CA3M,LME,5854.0,0,4872,0.0,5826.5,5863.5,5812.5,0.0,0.0,1.7976931348623157e+308,1.7976931348623157e+308,0.0,5853.0,5852.5,5852.0,5851.5,5851.0,5854.5,5854.5,5855.0,5855.5,5856.0,1,10,6,6,3,1,1,2,2,1
20191122,18:15:25.0,2019-11-22 18:15:25,CA3M,LME,5854.0,0,4872,0.0,5826.5,5863.5,5812.5,0.0,0.0,1.7976931348623157e+308,1.7976931348623157e+308,0.0,5853.0,5852.5,5852.0,5851.5,5851.0,5854.5,5855.0,5855.5,5856.0,5856.5,1,10,5,3,3,2,2,2,1,2
20191122,18:15:30.0,2019-11-22 18:15:30,CA3M,LME,5854.0,0,4872,0.0,5826.5,5863.5,5812.5,0.0,0.0,1.7976931348623157e+308,1.7976931348623157e+308,0.0,5853.0,5852.5,5852.0,5851.5,5851.0,5854.5,5855.0,5855.5,5856.0,5856.5,2,10,5,6,3,2,2,2,1,2
20191122,18:15:32.0,2019-11-22 18:15:32,CA3M,LME,5854.0,0,4872,0.0,5826.5,5863.5,5812.5,0.0,0.0,1.7976931348623157e+308,1.7976931348623157e+308,0.0,5853.5,5853.0,5852.5,5852.0,5851.5,5854.5,5855.0,5855.5,5856.0,5856.5,2,1,6,9,6,1,2,2,1,2
20191122,18:15:33.0,2019-11-22 18:15:33,CA3M,LME,5854.0,0,4872,0.0,5826.5,5863.5,5812.5,0.0,0.0,1.7976931348623157e+308,1.7976931348623157e+308,0.0,5853.5,5853.0,5852.5,5852.0,5851.5,5855.0,5855.5,5856.0,5856.5,5857.0,4,2,6,8,6,2,1,1,2,8
20191122,18:15:34.0,2019-11-22 18:15:34,ZS3M,LME,2288.5,0,2664,0.0,2306.5,2312.0,2283.0,0.0,0.0,1.7976931348623157e+308,1.7976931348623157e+308,0.0,2288.0,2287.5,2287.0,2286.0,2285.5,2289.0,2289.5,2290.0,2290.5,2291.0,3,2,1,1,2,3,7,6,1,6
20191122,18:15:40.0,2019-11-22 18:15:40,CA3M,LME,5854.0,0,4872,0.0,5826.5,5863.5,5812.5,0.0,0.0,1.7976931348623157e+308,1.7976931348623157e+308,0.0,5853.5,5853.0,5852.5,5852.0,5851.5,5855.0,5855.5,5856.0,5856.5,5857.0,4,2,8,4,9,4,1,1,2,7
20191122,18:15:41.0,2019-11-22 18:15:41,NI3M,LME,14265.0,0,2496,0.0,14505.0,14540.0,14220.0,0.0,0.0,1.7976931348623157e+308,1.7976931348623157e+308,0.0,14265.0,14255.0,14250.0,14245.0,14240.0,14270.0,14275.0,14280.0,14285.0,14290.0,1,2,3,4,3,3,7,11,5,1
20191122,18:15:42.0,2019-11-22 18:15:42,CA3M,LME,5854.0,0,4872,0.0,5826.5,5863.5,5812.5,0.0,0.0,1.7976931348623157e+308,1.7976931348623157e+308,0.0,5854.0,5853.5,5853.0,5852.5,5852.0,5855.0,5855.5,5856.0,5856.5,5857.0,1,4,6,4,5,4,1,1,2,7
20191122,18:15:43.0,2019-11-22 18:15:43,NI3M,LME,14260.0,0,2497,0.0,14505.0,14540.0,14220.0,0.0,0.0,1.7976931348623157e+308,1.7976931348623157e+308,0.0,14255.0,14250.0,14245.0,14240.0,14235.0,14270.0,14275.0,14280.0,14285.0,14290.0,2,3,4,3,2,4,7,11,5,1
20191122,18:18:03.0,2019-11-22 18:18:03,CA3M,LME,5854.0,0,4878,0.0,5826.5,5863.5,5812.5,0.0,0.0,1.7976931348623157e+308,1.7976931348623157e+308,0.0,5853.5,5853.0,5852.5,5852.0,5851.5,5854.0,5854.5,5855.0,5855.5,5856.0,2,1,3,9,5,2,1,3,2,1
20191122,18:17:19.0,2019-11-22 18:17:19,NI3M,LME,14250.0,0,2499,0.0,14505.0,14540.0,14220.0,0.0,0.0,1.7976931348623157e+308,1.7976931348623157e+308,0.0,14255.0,14250.0,14245.0,14240.0,14235.0,14265.0,14270.0,14275.0,14280.0,14285.0,1,1,4,6,4,3,5,7,11,5
20191122,18:17:59.0,2019-11-22 18:17:59,PB3M,LME,1967.0,0,1343,0.0,1961.5,1987.0,1960.0,0.0,0.0,1.7976931348623157e+308,1.7976931348623157e+308,0.0,1965.5,1965.0,1964.5,1964.0,1963.0,1967.5,1968.0,1968.5,1970.0,1970.5,5,1,1,1,3,3,3,1,3,5
20191122,18:18:09.0,2019-11-22 18:18:09,ZS3M,LME,2289.5,0,2700,0.0,2306.5,2312.0,2283.0,0.0,0.0,1.7976931348623157e+308,1.7976931348623157e+308,0.0,2289.0,2288.5,2288.0,2287.5,2287.0,2289.5,2290.5,2291.0,2291.5,2292.0,1,2,1,2,3,4,1,4,2,4
20191122,18:18:10.0,2019-11-22 18:18:10,ZS3M,LME,2289.5,0,2700,0.0,2306.5,2312.0,2283.0,0.0,0.0,1.7976931348623157e+308,1.7976931348623157e+308,0.0,2289.0,2288.5,2288.0,2287.5,2287.0,2289.5,2290.5,2291.0,2291.5,2292.0,2,2,1,2,3,4,1,4,3,5
20191122,18:20:06.0,2019-11-22 18:20:06,CA3M,LME,5852.5,0,4884,0.0,5826.5,5863.5,5812.5,0.0,0.0,1.7976931348623157e+308,1.7976931348623157e+308,0.0,5850.5,5850.5,5850.0,5849.5,5849.0,5852.5,5853.5,5854.0,5854.5,5855.0,1,1,2,4,3,2,3,2,2,5
20191122,18:19:57.0,2019-11-22 18:19:57,NI3M,LME,14250.0,0,2499,0.0,14505.0,14540.0,14220.0,0.0,0.0,1.7976931348623157e+308,1.7976931348623157e+308,0.0,14260.0,14255.0,14250.0,14245.0,14240.0,14265.0,14270.0,14275.0,14280.0,14285.0,1,1,5,3,5,2,6,7,11,3
20191122,18:20:01.0,2019-11-22 18:20:01,PB3M,LME,1967.0,0,1343,0.0,1961.5,1987.0,1960.0,0.0,0.0,1.7976931348623157e+308,1.7976931348623157e+308,0.0,1965.5,1965.0,1964.5,1964.0,1963.0,1967.5,1968.0,1968.5,1970.0,1970.5,5,1,1,1,3,4,1,1,3,5
20191122,18:20:05.0,2019-11-22 18:20:05,ZS3M,LME,2290.5,0,2766,0.0,2306.5,2312.0,2283.0,0.0,0.0,1.7976931348623157e+308,1.7976931348623157e+308,0.0,2289.0,2288.5,2288.0,2287.5,2287.0,2289.5,2290.0,2290.5,2291.0,2291.5,1,2,1,1,2,3,4,9,2,1
20191122,18:20:09.0,2019-11-22 18:20:09,CA3M,LME,5852.5,0,4884,0.0,5826.5,5863.5,5812.5,0.0,0.0,1.7976931348623157e+308,1.7976931348623157e+308,0.0,5850.5,5850.0,5849.5,5849.0,5848.5,5852.5,5853.0,5853.5,5854.0,5854.5,1,2,4,3,7,3,1,3,1,2
20191122,18:20:10.0,2019-11-22 18:20:10,CA3M,LME,5852.5,0,4884,0.0,5826.5,5863.5,5812.5,0.0,0.0,1.7976931348623157e+308,1.7976931348623157e+308,0.0,5850.5,5850.0,5849.5,5849.0,5848.5,5852.5,5853.0,5853.5,5854.0,5854.5,2,2,4,3,7,3,1,3,1,2
20191122,18:20:11.0,2019-11-22 18:20:11,CA3M,LME,5852.5,0,4884,0.0,5826.5,5863.5,5812.5,0.0,0.0,1.7976931348623157e+308,1.7976931348623157e+308,0.0,5850.5,5850.0,5849.5,5849.0,5848.5,5852.5,5853.0,5853.5,5854.0,5854.5,3,2,4,3,7,1,1,3,1,2
20191122,18:20:13.0,2019-11-22 18:20:13,CA3M,LME,5852.5,0,4884,0.0,5826.5,5863.5,5812.5,0.0,0.0,1.7976931348623157e+308,1.7976931348623157e+308,0.0,5850.5,5850.0,5849.5,5849.0,5848.5,5852.0,5852.5,5853.0,5853.5,5854.0,3,2,4,3,7,1,2,1,3,1
20191122,18:20:15.0,2019-11-22 18:20:15,ZS3M,LME,2290.5,0,2766,0.0,2306.5,2312.0,2283.0,0.0,0.0,1.7976931348623157e+308,1.7976931348623157e+308,0.0,2289.0,2288.5,2288.0,2287.5,2287.0,2289.5,2290.0,2290.5,2291.0,2291.5,1,2,1,1,2,4,3,9,2,1
20191122,18:20:17.0,2019-11-22 18:20:17,ZS3M,LME,2289.0,0,2767,0.0,2306.5,2312.0,2283.0,0.0,0.0,1.7976931348623157e+308,1.7976931348623157e+308,0.0,2289.0,2288.5,2288.0,2287.5,2287.0,2289.5,2290.0,2290.5,2291.0,2291.5,1,2,1,1,2,4,2,9,2,1
20191122,18:20:17.0,2019-11-22 18:20:17,ZS3M,LME,2289.0,0,2773,0.0,2306.5,2312.0,2283.0,0.0,0.0,1.7976931348623157e+308,1.7976931348623157e+308,0.0,2288.5,2288.0,2287.5,2287.0,2286.5,2289.5,2290.0,2290.5,2291.0,2291.5,2,1,1,2,1,4,2,2,2,1
20191122,18:20:18.0,2019-11-22 18:20:18,CA3M,LME,5852.5,0,4884,0.0,5826.5,5863.5,5812.5,0.0,0.0,1.7976931348623157e+308,1.7976931348623157e+308,0.0,5850.5,5850.0,5849.5,5849.0,5848.5,5852.5,5853.0,5853.5,5854.0,5854.5,3,2,4,3,7,2,1,3,1,2
20191122,18:20:18.0,2019-11-22 18:20:18,ZS3M,LME,2289.0,0,2773,0.0,2306.5,2312.0,2283.0,0.0,0.0,1.7976931348623157e+308,1.7976931348623157e+308,0.0,2289.0,2288.5,2288.0,2287.5,2287.0,2289.5,2290.0,2290.5,2291.0,2291.5,1,3,1,1,2,3,2,2,2,1
20191122,18:20:23.0,2019-11-22 18:20:23,CA3M,LME,5852.5,0,4884,0.0,5826.5,5863.5,5812.5,0.0,0.0,1.7976931348623157e+308,1.7976931348623157e+308,0.0,5851.0,5850.0,5849.5,5849.0,5848.5,5852.5,5853.0,5853.5,5854.0,5854.5,1,2,4,3,7,1,1,3,1,2
20191122,18:20:26.0,2019-11-22 18:20:26,CA3M,LME,5852.5,0,4884,0.0,5826.5,5863.5,5812.5,0.0,0.0,1.7976931348623157e+308,1.7976931348623157e+308,0.0,5851.0,5850.5,5850.0,5849.5,5849.0,5852.5,5853.0,5853.5,5854.0,5854.5,1,5,3,2,7,2,1,3,1,2
20191122,18:20:27.0,2019-11-22 18:20:27,CA3M,LME,5852.5,0,4884,0.0,5826.5,5863.5,5812.5,0.0,0.0,1.7976931348623157e+308,1.7976931348623157e+308,0.0,5850.5,5850.0,5849.5,5849.0,5848.5,5852.5,5853.0,5853.5,5854.0,5854.5,5,3,2,7,6,2,1,3,1,2
20191122,18:20:33.0,2019-11-22 18:20:33,CA3M,LME,5852.5,0,4884,0.0,5826.5,5863.5,5812.5,0.0,0.0,1.7976931348623157e+308,1.7976931348623157e+308,0.0,5851.0,5850.0,5849.5,5849.0,5848.5,5852.5,5853.0,5853.5,5854.0,5854.5,1,3,6,3,6,2,1,2,1,2
20191122,18:20:38.0,2019-11-22 18:20:38,CA3M,LME,5852.5,0,4884,0.0,5826.5,5863.5,5812.5,0.0,0.0,1.7976931348623157e+308,1.7976931348623157e+308,0.0,5851.0,5850.5,5850.0,5849.5,5849.0,5852.5,5853.0,5853.5,5854.0,5854.5,2,5,3,6,3,2,1,2,1,2
20191122,18:20:42.0,2019-11-22 18:20:42,CA3M,LME,5852.5,0,4884,0.0,5826.5,5863.5,5812.5,0.0,0.0,1.7976931348623157e+308,1.7976931348623157e+308,0.0,5851.5,5851.0,5850.5,5850.0,5849.5,5852.5,5853.0,5853.5,5854.0,5854.5,1,3,4,3,6,1,1,2,1,2
20191122,18:20:44.0,2019-11-22 18:20:44,CA3M,LME,5852.5,0,4885,0.0,5826.5,5863.5,5812.5,0.0,0.0,1.7976931348623157e+308,1.7976931348623157e+308,0.0,5851.5,5851.0,5850.5,5850.0,5849.5,5853.0,5853.5,5854.0,5854.5,5855.0,1,4,5,6,6,1,2,1,2,4
20191122,18:20:44.0,2019-11-22 18:20:44,ZS3M,LME,2289.5,0,2776,0.0,2306.5,2312.0,2283.0,0.0,0.0,1.7976931348623157e+308,1.7976931348623157e+308,0.0,2289.0,2288.5,2288.0,2287.5,2287.0,2290.0,2290.5,2291.0,2291.5,2292.0,2,3,1,1,2,2,2,2,1,4
20191122,18:20:47.0,2019-11-22 18:20:47,ZS3M,LME,2289.5,0,2776,0.0,2306.5,2312.0,2283.0,0.0,0.0,1.7976931348623157e+308,1.7976931348623157e+308,0.0,2289.0,2288.5,2288.0,2287.5,2287.0,2290.0,2290.5,2291.0,2291.5,2292.0,2,3,1,1,2,3,2,2,1,4
20191122,18:20:48.0,2019-11-22 18:20:48,CA3M,LME,5852.5,0,4885,0.0,5826.5,5863.5,5812.5,0.0,0.0,1.7976931348623157e+308,1.7976931348623157e+308,0.0,5851.5,5851.0,5850.5,5850.0,5849.5,5853.0,5853.5,5854.0,5854.5,5855.0,2,3,5,2,6,1,2,1,2,4
20191122,18:20:49.0,2019-11-22 18:20:49,CA3M,LME,5852.5,0,4885,0.0,5826.5,5863.5,5812.5,0.0,0.0,1.7976931348623157e+308,1.7976931348623157e+308,0.0,5851.5,5851.0,5850.5,5850.0,5849.5,5852.5,5853.0,5853.5,5854.0,5854.5,2,2,5,7,2,1,2,2,1,2
20191122,18:20:57.0,2019-11-22 18:20:57,CA3M,LME,5852.5,0,4885,0.0,5826.5,5863.5,5812.5,0.0,0.0,1.7976931348623157e+308,1.7976931348623157e+308,0.0,5851.5,5851.0,5850.5,5850.0,5849.5,5853.0,5853.5,5854.0,5854.5,5855.0,4,3,3,6,2,1,2,1,2,4
20191122,18:20:58.0,2019-11-22 18:20:58,ZS3M,LME,2289.5,0,2776,0.0,2306.5,2312.0,2283.0,0.0,0.0,1.7976931348623157e+308,1.7976931348623157e+308,0.0,2289.0,2288.5,2288.0,2287.5,2287.0,2289.5,2290.5,2291.0,2291.5,2292.0,1,3,1,1,2,7,2,2,1,4
20191122,18:20:58.0,2019-11-22 18:20:58,CA3M,LME,5852.5,0,4885,0.0,5826.5,5863.5,5812.5,0.0,0.0,1.7976931348623157e+308,1.7976931348623157e+308,0.0,5851.5,5851.0,5850.5,5850.0,5849.5,5852.5,5853.0,5853.5,5854.0,5854.5,2,3,5,2,6,1,1,2,1,2
20191122,18:21:01.0,2019-11-22 18:21:01,ZS3M,LME,2289.5,0,2776,0.0,2306.5,2312.0,2283.0,0.0,0.0,1.7976931348623157e+308,1.7976931348623157e+308,0.0,2288.5,2288.0,2287.5,2287.0,2286.5,2289.0,2289.5,2290.0,2290.5,2291.0,2,1,1,2,1,2,8,2,2,2
20191122,18:21:03.0,2019-11-22 18:21:03,CA3M,LME,5852.5,0,4885,0.0,5826.5,5863.5,5812.5,0.0,0.0,1.7976931348623157e+308,1.7976931348623157e+308,0.0,5851.5,5851.0,5850.5,5850.0,5849.5,5852.5,5853.0,5853.5,5854.0,5854.5,2,3,4,7,2,2,1,2,1,2
20191122,18:21:04.0,2019-11-22 18:21:04,CA3M,LME,5852.5,0,4885,0.0,5826.5,5863.5,5812.5,0.0,0.0,1.7976931348623157e+308,1.7976931348623157e+308,0.0,5851.5,5851.0,5850.5,5850.0,5849.5,5852.5,5853.0,5853.5,5854.0,5854.5,1,3,4,7,2,2,1,2,1,2
20191122,18:21:08.0,2019-11-22 18:21:08,ZS3M,LME,2289.5,0,2776,0.0,2306.5,2312.0,2283.0,0.0,0.0,1.7976931348623157e+308,1.7976931348623157e+308,0.0,2288.5,2288.0,2287.5,2287.0,2286.5,2289.0,2289.5,2290.0,2290.5,2291.0,3,1,1,2,1,2,7,2,2,2
20191122,18:21:14.0,2019-11-22 18:21:14,CA3M,LME,5851.5,0,4886,0.0,5826.5,5863.5,5812.5,0.0,0.0,1.7976931348623157e+308,1.7976931348623157e+308,0.0,5851.0,5850.5,5850.0,5849.5,5849.0,5852.0,5852.5,5853.0,5853.5,5854.0,2,4,3,6,3,1,2,1,3,1
20191122,18:21:19.0,2019-11-22 18:21:19,CA3M,LME,5851.5,0,4886,0.0,5826.5,5863.5,5812.5,0.0,0.0,1.7976931348623157e+308,1.7976931348623157e+308,0.0,5851.0,5850.5,5850.0,5849.5,5849.0,5852.5,5853.0,5853.5,5854.0,5854.5,2,4,3,6,3,1,1,3,1,2
20191122,18:21:23.0,2019-11-22 18:21:23,CA3M,LME,5851.5,0,4886,0.0,5826.5,5863.5,5812.5,0.0,0.0,1.7976931348623157e+308,1.7976931348623157e+308,0.0,5851.0,5850.5,5850.0,5849.5,5849.0,5852.5,5853.0,5853.5,5854.0,5854.5,1,4,3,6,3,1,1,2,1,2
20191122,18:21:23.0,2019-11-22 18:21:23,NI3M,LME,14265.0,0,2500,0.0,14505.0,14540.0,14220.0,0.0,0.0,1.7976931348623157e+308,1.7976931348623157e+308,0.0,14260.0,14255.0,14250.0,14245.0,14240.0,14265.0,14270.0,14275.0,14280.0,14285.0,1,2,5,3,5,1,6,7,11,3
20191122,18:21:26.0,2019-11-22 18:21:26,CA3M,LME,5851.5,0,4886,0.0,5826.5,5863.5,5812.5,0.0,0.0,1.7976931348623157e+308,1.7976931348623157e+308,0.0,5851.0,5850.5,5850.0,5849.5,5849.0,5852.5,5853.0,5853.5,5854.0,5854.5,1,4,3,6,3,2,1,2,1,2
20191122,18:21:45.0,2019-11-22 18:21:45,CA3M,LME,5851.5,0,4886,0.0,5826.5,5863.5,5812.5,0.0,0.0,1.7976931348623157e+308,1.7976931348623157e+308,0.0,5851.0,5850.5,5850.0,5849.5,5849.0,5852.5,5853.0,5853.5,5854.0,5854.5,2,4,3,6,3,2,1,2,1,2
20191122,18:21:51.0,2019-11-22 18:21:51,NI3M,LME,14265.0,0,2500,0.0,14505.0,14540.0,14220.0,0.0,0.0,1.7976931348623157e+308,1.7976931348623157e+308,0.0,14255.0,14255.0,14250.0,14245.0,14240.0,14265.0,14270.0,14275.0,14280.0,14285.0,2,2,5,3,5,1,6,7,11,3
20191122,18:21:55.0,2019-11-22 18:21:55,NI3M,LME,14265.0,0,2500,0.0,14505.0,14540.0,14220.0,0.0,0.0,1.7976931348623157e+308,1.7976931348623157e+308,0.0,14260.0,14250.0,14245.0,14240.0,14235.0,14265.0,14270.0,14275.0,14280.0,14285.0,1,5,3,5,5,1,6,7,11,3
20191122,18:21:56.0,2019-11-22 18:21:56,NI3M,LME,14265.0,0,2500,0.0,14505.0,14540.0,14220.0,0.0,0.0,1.7976931348623157e+308,1.7976931348623157e+308,0.0,14260.0,14255.0,14250.0,14245.0,14240.0,14265.0,14270.0,14275.0,14280.0,14285.0,3,2,5,3,5,1,6,7,11,3
20191122,18:21:58.0,2019-11-22 18:21:58,NI3M,LME,14265.0,0,2500,0.0,14505.0,14540.0,14220.0,0.0,0.0,1.7976931348623157e+308,1.7976931348623157e+308,0.0,14260.0,14255.0,14250.0,14245.0,14240.0,14265.0,14270.0,14275.0,14280.0,14285.0,1,2,5,3,3,1,6,7,11,3
20191122,18:21:58.0,2019-11-22 18:21:58,NI3M,LME,14265.0,0,2501,0.0,14505.0,14540.0,14220.0,0.0,0.0,1.7976931348623157e+308,1.7976931348623157e+308,0.0,14260.0,14255.0,14250.0,14245.0,14240.0,14270.0,14275.0,14280.0,14285.0,14290.0,1,2,5,3,3,6,7,11,3,1
20191122,18:22:00.0,2019-11-22 18:22:00,ZS3M,LME,2288.5,0,2777,0.0,2306.5,2312.0,2283.0,0.0,0.0,1.7976931348623157e+308,1.7976931348623157e+308,0.0,2288.5,2288.0,2287.5,2287.0,2286.5,2289.0,2289.5,2290.0,2290.5,2291.0,3,1,1,2,1,2,1,9,2,2
20191122,18:22:01.0,2019-11-22 18:22:01,ZS3M,LME,2288.5,0,2777,0.0,2306.5,2312.0,2283.0,0.0,0.0,1.7976931348623157e+308,1.7976931348623157e+308,0.0,2288.5,2288.0,2287.5,2287.0,2286.5,2289.0,2289.5,2290.0,2290.5,2291.0,2,1,1,2,1,2,1,9,2,2
20191122,18:22:03.0,2019-11-22 18:22:03,NI3M,LME,14265.0,0,2501,0.0,14505.0,14540.0,14220.0,0.0,0.0,1.7976931348623157e+308,1.7976931348623157e+308,0.0,14260.0,14255.0,14250.0,14245.0,14240.0,14270.0,14275.0,14280.0,14285.0,14290.0,2,2,6,3,3,6,7,11,3,1
20191122,18:22:10.0,2019-11-22 18:22:10,NI3M,LME,14265.0,0,2501,0.0,14505.0,14540.0,14220.0,0.0,0.0,1.7976931348623157e+308,1.7976931348623157e+308,0.0,14260.0,14255.0,14250.0,14245.0,14240.0,14270.0,14275.0,14280.0,14285.0,14290.0,2,2,6,3,3,8,7,11,3,1
20191122,18:22:12.0,2019-11-22 18:22:12,PB3M,LME,1965.5,0,1345,0.0,1961.5,1987.0,1960.0,0.0,0.0,1.7976931348623157e+308,1.7976931348623157e+308,0.0,1965.5,1965.0,1964.5,1964.0,1963.0,1967.5,1968.0,1968.5,1970.0,1970.5,2,1,1,1,3,2,1,1,3,5
20191122,18:22:15.0,2019-11-22 18:22:15,PB3M,LME,1965.5,0,1345,0.0,1961.5,1987.0,1960.0,0.0,0.0,1.7976931348623157e+308,1.7976931348623157e+308,0.0,1965.5,1965.0,1964.5,1964.0,1963.0,1967.5,1968.0,1968.5,1970.0,1970.5,2,1,1,1,3,3,1,1,3,5
20191122,18:22:23.0,2019-11-22 18:22:23,NI3M,LME,14265.0,0,2501,0.0,14505.0,14540.0,14220.0,0.0,0.0,1.7976931348623157e+308,1.7976931348623157e+308,0.0,14260.0,14255.0,14250.0,14245.0,14240.0,14270.0,14275.0,14280.0,14285.0,14290.0,3,2,6,4,3,8,7,11,3,1
20191122,18:22:24.0,2019-11-22 18:22:24,ZS3M,LME,2288.5,0,2777,0.0,2306.5,2312.0,2283.0,0.0,0.0,1.7976931348623157e+308,1.7976931348623157e+308,0.0,2288.5,2288.0,2287.5,2287.0,2286.5,2289.0,2289.5,2290.0,2290.5,2291.0,2,1,1,2,1,3,1,9,2,2
20191122,18:22:30.0,2019-11-22 18:22:30,CA3M,LME,5851.5,0,4886,0.0,5826.5,5863.5,5812.5,0.0,0.0,1.7976931348623157e+308,1.7976931348623157e+308,0.0,5851.5,5850.5,5850.0,5849.5,5849.0,5852.5,5853.0,5853.5,5854.0,5854.5,1,4,3,6,3,2,1,2,2,2
20191122,18:22:35.0,2019-11-22 18:22:35,CA3M,LME,5851.5,0,4886,0.0,5826.5,5863.5,5812.5,0.0,0.0,1.7976931348623157e+308,1.7976931348623157e+308,0.0,5851.5,5851.0,5850.5,5850.0,5849.5,5852.0,5853.0,5853.5,5854.0,5854.5,2,2,4,3,6,1,1,2,2,2
20191122,18:22:40.0,2019-11-22 18:22:40,CA3M,LME,5851.5,0,4887,0.0,5826.5,5863.5,5812.5,0.0,0.0,1.7976931348623157e+308,1.7976931348623157e+308,0.0,5851.0,5850.5,5850.0,5849.5,5849.0,5852.0,5852.5,5853.0,5853.5,5854.0,2,4,3,6,3,2,2,1,2,1
20191122,18:22:40.0,2019-11-22 18:22:40,ZS3M,LME,2288.5,0,2778,0.0,2306.5,2312.0,2283.0,0.0,0.0,1.7976931348623157e+308,1.7976931348623157e+308,0.0,2288.5,2288.0,2287.0,2286.5,2286.0,2289.0,2289.5,2290.0,2290.5,2291.0,2,1,3,1,3,3,1,12,2,2
20191122,18:22:40.0,2019-11-22 18:22:40,ZS3M,LME,2288.5,0,2780,0.0,2306.5,2312.0,2283.0,0.0,0.0,1.7976931348623157e+308,1.7976931348623157e+308,0.0,2288.5,2288.0,2287.0,2286.5,2286.0,2289.0,2289.5,2290.0,2290.5,2291.0,1,1,3,1,3,2,1,12,2,2
20191122,18:22:41.0,2019-11-22 18:22:41,CA3M,LME,5851.5,0,4887,0.0,5826.5,5863.5,5812.5,0.0,0.0,1.7976931348623157e+308,1.7976931348623157e+308,0.0,5851.0,5850.5,5850.0,5849.5,5849.0,5852.0,5852.5,5853.0,5853.5,5854.0,1,4,3,6,3,3,1,1,3,1
20191122,18:22:44.0,2019-11-22 18:22:44,CA3M,LME,5851.5,0,4887,0.0,5826.5,5863.5,5812.5,0.0,0.0,1.7976931348623157e+308,1.7976931348623157e+308,0.0,5851.0,5850.5,5850.0,5849.5,5849.0,5852.0,5852.5,5853.0,5853.5,5854.0,1,4,3,6,3,2,1,1,2,1
20191122,18:22:48.0,2019-11-22 18:22:48,ZS3M,LME,2288.5,0,2781,0.0,2306.5,2312.0,2283.0,0.0,0.0,1.7976931348623157e+308,1.7976931348623157e+308,0.0,2288.5,2288.0,2287.0,2286.5,2286.0,2289.0,2289.5,2290.0,2290.5,2291.0,1,2,3,1,3,2,1,12,2,2
20191122,18:22:58.0,2019-11-22 18:22:58,CA3M,LME,5851.5,0,4887,0.0,5826.5,5863.5,5812.5,0.0,0.0,1.7976931348623157e+308,1.7976931348623157e+308,0.0,5850.5,5850.5,5850.0,5849.5,5849.0,5852.0,5852.5,5853.0,5853.5,5854.0,4,4,3,6,3,2,1,1,2,1
20191122,18:23:02.0,2019-11-22 18:23:02,CA3M,LME,5851.5,0,4887,0.0,5826.5,5863.5,5812.5,0.0,0.0,1.7976931348623157e+308,1.7976931348623157e+308,0.0,5851.0,5850.0,5849.5,5849.0,5848.5,5852.0,5852.5,5853.0,5853.5,5854.0,1,3,6,3,6,2,1,1,2,1
20191122,18:23:06.0,2019-11-22 18:23:06,PB3M,LME,1965.5,0,1345,0.0,1961.5,1987.0,1960.0,0.0,0.0,1.7976931348623157e+308,1.7976931348623157e+308,0.0,1965.5,1965.0,1964.5,1964.0,1963.0,1967.5,1968.0,1968.5,1970.0,1970.5,2,1,1,1,3,4,1,1,3,5
20191122,18:23:12.0,2019-11-22 18:23:12,ZS3M,LME,2289.0,0,2782,0.0,2306.5,2312.0,2283.0,0.0,0.0,1.7976931348623157e+308,1.7976931348623157e+308,0.0,2288.5,2288.0,2287.0,2286.5,2286.0,2289.0,2289.5,2290.0,2290.5,2291.0,1,2,3,1,3,2,1,12,2,2
20191122,18:23:13.0,2019-11-22 18:23:13,PB3M,LME,1965.5,0,1347,0.0,1961.5,1987.0,1960.0,0.0,0.0,1.7976931348623157e+308,1.7976931348623157e+308,0.0,1965.0,1964.5,1964.0,1963.0,1962.5,1967.5,1968.0,1968.5,1970.0,1970.5,1,1,1,3,5,4,1,1,3,5
20191122,18:23:13.0,2019-11-22 18:23:13,ZS3M,LME,2289.0,0,2782,0.0,2306.5,2312.0,2283.0,0.0,0.0,1.7976931348623157e+308,1.7976931348623157e+308,0.0,2288.5,2288.0,2287.0,2286.5,2286.0,2289.0,2289.5,2290.0,2290.5,2291.0,1,2,3,1,3,3,2,12,2,2
20191122,18:23:20.0,2019-11-22 18:23:20,ZS3M,LME,2289.0,0,2782,0.0,2306.5,2312.0,2283.0,0.0,0.0,1.7976931348623157e+308,1.7976931348623157e+308,0.0,2288.5,2288.0,2287.0,2286.5,2286.0,2289.0,2289.5,2290.0,2290.5,2291.0,1,2,3,1,3,4,2,12,2,2
20191122,18:23:21.0,2019-11-22 18:23:21,NI3M,LME,14270.0,0,2509,0.0,14505.0,14540.0,14220.0,0.0,0.0,1.7976931348623157e+308,1.7976931348623157e+308,0.0,14265.0,14255.0,14250.0,14245.0,14240.0,14275.0,14280.0,14285.0,14290.0,14295.0,1,3,6,4,3,6,11,3,1,1
20191122,18:23:22.0,2019-11-22 18:23:22,CA3M,LME,5851.5,0,4887,0.0,5826.5,5863.5,5812.5,0.0,0.0,1.7976931348623157e+308,1.7976931348623157e+308,0.0,5851.0,5850.5,5850.0,5849.5,5849.0,5852.0,5852.5,5853.0,5853.5,5854.0,2,4,3,6,3,2,1,1,2,1
20191122,18:23:22.0,2019-11-22 18:23:22,CA3M,LME,5852.0,0,4889,0.0,5826.5,5863.5,5812.5,0.0,0.0,1.7976931348623157e+308,1.7976931348623157e+308,0.0,5851.5,5851.0,5850.5,5850.0,5849.5,5853.0,5853.5,5854.0,5854.5,5855.0,3,4,3,9,5,1,2,3,2,4
20191122,18:23:26.0,2019-11-22 18:23:26,CA3M,LME,5852.0,0,4889,0.0,5826.5,5863.5,5812.5,0.0,0.0,1.7976931348623157e+308,1.7976931348623157e+308,0.0,5852.0,5851.0,5850.5,5850.0,5849.5,5853.0,5853.5,5854.0,5854.5,5855.0,1,4,7,6,5,1,2,3,2,4
20191122,18:23:27.0,2019-11-22 18:23:27,ZS3M,LME,2289.0,0,2782,0.0,2306.5,2312.0,2283.0,0.0,0.0,1.7976931348623157e+308,1.7976931348623157e+308,0.0,2288.5,2288.0,2287.0,2286.5,2286.0,2289.0,2289.5,2290.0,2290.5,2291.0,2,2,3,1,3,4,2,12,2,2
20191122,18:23:32.0,2019-11-22 18:23:32,PB3M,LME,1964.5,0,1357,0.0,1961.5,1987.0,1960.0,0.0,0.0,1.7976931348623157e+308,1.7976931348623157e+308,0.0,1963.0,1962.5,1962.0,1961.5,1961.0,1965.0,1967.0,1967.5,1968.0,1968.5,2,1,5,1,2,2,2,3,1,1
20191122,18:23:33.0,2019-11-22 18:23:33,PB3M,LME,1964.5,0,1357,0.0,1961.5,1987.0,1960.0,0.0,0.0,1.7976931348623157e+308,1.7976931348623157e+308,0.0,1963.0,1962.5,1962.0,1961.5,1961.0,1964.5,1965.0,1967.5,1968.0,1968.5,2,1,5,1,2,1,3,2,1,1
20191122,18:23:34.0,2019-11-22 18:23:34,PB3M,LME,1964.5,0,1357,0.0,1961.5,1987.0,1960.0,0.0,0.0,1.7976931348623157e+308,1.7976931348623157e+308,0.0,1963.0,1962.5,1962.0,1961.5,1961.0,1964.5,1965.0,1967.5,1968.0,1968.5,2,1,5,1,2,2,3,2,1,1
20191122,18:23:35.0,2019-11-22 18:23:35,CA3M,LME,5852.0,0,4889,0.0,5826.5,5863.5,5812.5,0.0,0.0,1.7976931348623157e+308,1.7976931348623157e+308,0.0,5852.0,5851.5,5851.0,5850.5,5850.0,5853.0,5853.5,5854.0,5854.5,5855.0,2,4,4,7,6,2,2,3,2,3
20191122,18:23:38.0,2019-11-22 18:23:38,CA3M,LME,5853.0,0,4891,0.0,5826.5,5863.5,5812.5,0.0,0.0,1.7976931348623157e+308,1.7976931348623157e+308,0.0,5852.0,5851.5,5851.0,5850.5,5850.0,5853.5,5854.0,5854.5,5855.0,5855.5,3,4,3,7,6,1,2,2,3,2
20191122,18:23:41.0,2019-11-22 18:23:41,CA3M,LME,5853.0,0,4891,0.0,5826.5,5863.5,5812.5,0.0,0.0,1.7976931348623157e+308,1.7976931348623157e+308,0.0,5852.5,5852.0,5851.5,5851.0,5850.5,5854.0,5854.5,5855.0,5855.5,5856.0,1,3,4,3,7,2,2,3,2,4
20191122,18:23:43.0,2019-11-22 18:23:43,CA3M,LME,5853.0,0,4891,0.0,5826.5,5863.5,5812.5,0.0,0.0,1.7976931348623157e+308,1.7976931348623157e+308,0.0,5852.5,5852.0,5851.5,5851.0,5850.5,5854.0,5854.5,5855.0,5855.5,5856.0,2,2,4,3,7,2,2,3,2,4
20191122,18:23:44.0,2019-11-22 18:23:44,PB3M,LME,1963.5,0,1358,0.0,1961.5,1987.0,1960.0,0.0,0.0,1.7976931348623157e+308,1.7976931348623157e+308,0.0,1963.0,1962.0,1961.5,1961.0,1960.5,1964.5,1965.0,1967.5,1968.0,1968.5,1,4,1,2,1,3,1,4,1,1
20191122,18:23:54.0,2019-11-22 18:23:54,CA3M,LME,5853.0,0,4891,0.0,5826.5,5863.5,5812.5,0.0,0.0,1.7976931348623157e+308,1.7976931348623157e+308,0.0,5852.5,5852.0,5851.5,5851.0,5850.5,5853.5,5854.0,5854.5,5855.0,5855.5,1,2,4,4,6,1,2,2,3,2
20191122,18:23:54.0,2019-11-22 18:23:54,PB3M,LME,1963.5,0,1358,0.0,1961.5,1987.0,1960.0,0.0,0.0,1.7976931348623157e+308,1.7976931348623157e+308,0.0,1962.5,1962.0,1961.0,1960.5,1960.0,1964.5,1965.0,1967.0,1967.5,1968.0,3,5,2,3,5,4,1,2,4,1
20191122,18:23:55.0,2019-11-22 18:23:55,CA3M,LME,5853.0,0,4891,0.0,5826.5,5863.5,5812.5,0.0,0.0,1.7976931348623157e+308,1.7976931348623157e+308,0.0,5852.5,5852.0,5851.5,5851.0,5850.5,5853.5,5854.0,5854.5,5855.0,5855.5,1,2,3,8,2,2,2,2,4,2
20191122,18:23:56.0,2019-11-22 18:23:56,ZS3M,LME,2289.0,0,2782,0.0,2306.5,2312.0,2283.0,0.0,0.0,1.7976931348623157e+308,1.7976931348623157e+308,0.0,2288.5,2288.0,2287.0,2286.5,2286.0,2289.0,2289.5,2290.0,2290.5,2291.0,4,3,2,1,3,3,2,12,2,2
20191122,18:23:58.0,2019-11-22 18:23:58,CA3M,LME,5853.0,0,4891,0.0,5826.5,5863.5,5812.5,0.0,0.0,1.7976931348623157e+308,1.7976931348623157e+308,0.0,5852.5,5852.0,5851.5,5851.0,5850.5,5853.0,5854.0,5854.5,5855.0,5855.5,1,2,3,8,2,1,2,2,4,2
20191122,18:23:59.0,2019-11-22 18:23:59,CA3M,LME,5853.0,0,4894,0.0,5826.5,5863.5,5812.5,0.0,0.0,1.7976931348623157e+308,1.7976931348623157e+308,0.0,5852.0,5851.5,5851.0,5850.5,5850.0,5853.5,5854.0,5854.5,5855.0,5855.5,2,3,4,6,6,1,3,2,3,2
20191122,18:24:02.0,2019-11-22 18:24:02,NI3M,LME,14270.0,0,2509,0.0,14505.0,14540.0,14220.0,0.0,0.0,1.7976931348623157e+308,1.7976931348623157e+308,0.0,14265.0,14260.0,14255.0,14250.0,14245.0,14270.0,14280.0,14285.0,14290.0,14295.0,1,3,6,5,4,1,10,3,3,1
20191122,18:24:07.0,2019-11-22 18:24:07,ZS3M,LME,2289.0,0,2782,0.0,2306.5,2312.0,2283.0,0.0,0.0,1.7976931348623157e+308,1.7976931348623157e+308,0.0,2288.5,2288.0,2287.0,2286.5,2286.0,2289.0,2289.5,2290.0,2290.5,2291.0,3,3,2,1,3,4,2,12,2,2
20191122,18:24:12.0,2019-11-22 18:24:12,PB3M,LME,1962.5,0,1359,0.0,1961.5,1987.0,1960.0,0.0,0.0,1.7976931348623157e+308,1.7976931348623157e+308,0.0,1962.5,1962.0,1961.0,1960.5,1960.0,1964.5,1965.0,1967.0,1967.5,1968.0,3,5,2,3,5,4,1,2,4,1
20191122,18:24:12.0,2019-11-22 18:24:12,PB3M,LME,1962.5,0,1360,0.0,1961.5,1987.0,1960.0,0.0,0.0,1.7976931348623157e+308,1.7976931348623157e+308,0.0,1962.0,1961.5,1961.0,1960.5,1960.0,1964.5,1965.0,1967.0,1967.5,1968.0,5,1,2,3,5,4,1,2,4,1
20191122,18:24:13.0,2019-11-22 18:24:13,ZS3M,LME,2289.0,0,2783,0.0,2306.5,2312.0,2283.0,0.0,0.0,1.7976931348623157e+308,1.7976931348623157e+308,0.0,2288.5,2288.0,2287.0,2286.5,2286.0,2289.0,2289.5,2290.0,2290.5,2291.0,3,3,2,1,3,4,2,12,2,2
20191122,18:24:13.0,2019-11-22 18:24:13,ZS3M,LME,2289.0,0,2786,0.0,2306.5,2312.0,2283.0,0.0,0.0,1.7976931348623157e+308,1.7976931348623157e+308,0.0,2289.0,2288.5,2288.0,2287.0,2286.5,2289.5,2290.0,2290.5,2291.0,2291.5,1,3,3,2,1,2,12,2,2,3
20191122,18:24:22.0,2019-11-22 18:24:22,CA3M,LME,5853.0,0,4894,0.0,5826.5,5863.5,5812.5,0.0,0.0,1.7976931348623157e+308,1.7976931348623157e+308,0.0,5852.0,5851.5,5851.0,5850.5,5850.0,5853.5,5854.0,5854.5,5855.0,5855.5,1,3,4,6,6,1,3,2,4,2
20191122,18:24:23.0,2019-11-22 18:24:23,CA3M,LME,5853.0,0,4894,0.0,5826.5,5863.5,5812.5,0.0,0.0,1.7976931348623157e+308,1.7976931348623157e+308,0.0,5852.0,5851.5,5851.0,5850.5,5850.0,5853.5,5854.0,5854.5,5855.0,5855.5,1,1,4,3,7,2,3,2,4,2
20191122,18:24:26.0,2019-11-22 18:24:26,CA3M,LME,5852.0,0,4895,0.0,5826.5,5863.5,5812.5,0.0,0.0,1.7976931348623157e+308,1.7976931348623157e+308,0.0,5851.5,5851.0,5850.5,5850.0,5849.5,5853.5,5854.0,5854.5,5855.0,5855.5,1,2,3,3,6,2,3,2,4,2
20191122,18:24:26.0,2019-11-22 18:24:26,ZS3M,LME,2289.0,0,2787,0.0,2306.5,2312.0,2283.0,0.0,0.0,1.7976931348623157e+308,1.7976931348623157e+308,0.0,2289.0,2288.5,2288.0,2287.0,2286.5,2289.5,2290.0,2290.5,2291.0,2291.5,1,3,3,2,1,2,12,2,2,3
20191122,18:24:27.0,2019-11-22 18:24:27,ZS3M,LME,2289.0,0,2787,0.0,2306.5,2312.0,2283.0,0.0,0.0,1.7976931348623157e+308,1.7976931348623157e+308,0.0,2288.5,2288.0,2287.0,2286.5,2286.0,2289.5,2290.0,2290.5,2291.0,2291.5,3,3,2,1,3,2,12,2,2,3
20191122,18:24:27.0,2019-11-22 18:24:27,CA3M,LME,5852.0,0,4895,0.0,5826.5,5863.5,5812.5,0.0,0.0,1.7976931348623157e+308,1.7976931348623157e+308,0.0,5851.0,5850.5,5850.0,5849.5,5849.0,5853.5,5854.0,5854.5,5855.0,5855.5,3,3,3,6,2,2,3,2,4,2
20191122,18:24:31.0,2019-11-22 18:24:31,CA3M,LME,5852.0,0,4895,0.0,5826.5,5863.5,5812.5,0.0,0.0,1.7976931348623157e+308,1.7976931348623157e+308,0.0,5851.0,5850.5,5850.0,5849.5,5849.0,5853.5,5854.0,5854.5,5855.0,5855.5,4,3,3,6,2,2,3,2,4,2
20191122,18:24:36.0,2019-11-22 18:24:36,CA3M,LME,5852.0,0,4895,0.0,5826.5,5863.5,5812.5,0.0,0.0,1.7976931348623157e+308,1.7976931348623157e+308,0.0,5851.5,5851.0,5850.5,5850.0,5849.5,5853.5,5854.0,5854.5,5855.0,5855.5,2,5,3,3,6,2,3,2,4,2
20191122,18:24:37.0,2019-11-22 18:24:37,PB3M,LME,1962.5,0,1360,0.0,1961.5,1987.0,1960.0,0.0,0.0,1.7976931348623157e+308,1.7976931348623157e+308,0.0,1962.5,1961.5,1961.0,1960.5,1960.0,1964.5,1965.0,1967.0,1967.5,1968.0,1,1,2,3,5,4,1,2,4,1
20191122,18:24:41.0,2019-11-22 18:24:41,ZS3M,LME,2289.0,0,2787,0.0,2306.5,2312.0,2283.0,0.0,0.0,1.7976931348623157e+308,1.7976931348623157e+308,0.0,2288.5,2288.0,2287.0,2286.5,2286.0,2289.5,2290.0,2290.5,2291.0,2291.5,3,3,2,1,3,1,5,9,2,3
20191122,18:24:43.0,2019-11-22 18:24:43,CA3M,LME,5852.0,0,4895,0.0,5826.5,5863.5,5812.5,0.0,0.0,1.7976931348623157e+308,1.7976931348623157e+308,0.0,5851.5,5851.0,5850.5,5850.0,5849.5,5853.5,5854.0,5854.5,5855.0,5855.5,3,4,3,3,6,2,3,2,4,2
20191122,18:24:50.0,2019-11-22 18:24:50,CA3M,LME,5852.0,0,4895,0.0,5826.5,5863.5,5812.5,0.0,0.0,1.7976931348623157e+308,1.7976931348623157e+308,0.0,5851.5,5851.0,5850.5,5850.0,5849.5,5853.5,5854.0,5854.5,5855.0,5855.5,4,4,3,3,6,2,3,2,4,2
20191122,18:24:56.0,2019-11-22 18:24:56,ZS3M,LME,2289.0,0,2787,0.0,2306.5,2312.0,2283.0,0.0,0.0,1.7976931348623157e+308,1.7976931348623157e+308,0.0,2289.0,2288.0,2287.0,2286.5,2286.0,2289.5,2290.0,2290.5,2291.0,2291.5,1,3,2,1,3,1,5,9,2,3
20191122,18:24:57.0,2019-11-22 18:24:57,ZS3M,LME,2289.0,0,2787,0.0,2306.5,2312.0,2283.0,0.0,0.0,1.7976931348623157e+308,1.7976931348623157e+308,0.0,2289.0,2288.5,2288.0,2287.0,2286.5,2289.5,2290.0,2290.5,2291.0,2291.5,2,3,3,2,1,1,5,9,2,3
20191122,18:24:58.0,2019-11-22 18:24:58,CA3M,LME,5852.0,0,4895,0.0,5826.5,5863.5,5812.5,0.0,0.0,1.7976931348623157e+308,1.7976931348623157e+308,0.0,5851.5,5851.0,5850.5,5850.0,5849.5,5852.5,5853.0,5853.5,5854.0,5854.5,3,2,3,3,6,1,5,2,3,2
20191122,18:24:58.0,2019-11-22 18:24:58,CA3M,LME,5851.5,0,4898,0.0,5826.5,5863.5,5812.5,0.0,0.0,1.7976931348623157e+308,1.7976931348623157e+308,0.0,5851.0,5850.5,5850.0,5849.5,5849.0,5852.5,5853.0,5853.5,5854.0,5854.5,1,1,3,3,6,2,5,3,3,2
20191122,18:24:58.0,2019-11-22 18:24:58,ZS3M,LME,2289.0,0,2787,0.0,2306.5,2312.0,2283.0,0.0,0.0,1.7976931348623157e+308,1.7976931348623157e+308,0.0,2289.0,2288.5,2288.0,2287.0,2286.5,2289.5,2290.0,2290.5,2291.0,2291.5,1,3,3,2,1,1,5,9,2,3
20191122,18:25:00.0,2019-11-22 18:25:00,CA3M,LME,5851.5,0,4898,0.0,5826.5,5863.5,5812.5,0.0,0.0,1.7976931348623157e+308,1.7976931348623157e+308,0.0,5851.0,5850.5,5850.0,5849.5,5849.0,5852.5,5853.0,5853.5,5854.0,5854.5,1,1,3,7,3,2,5,2,3,2
20191122,18:25:04.0,2019-11-22 18:25:04,PB3M,LME,1962.5,0,1360,0.0,1961.5,1987.0,1960.0,0.0,0.0,1.7976931348623157e+308,1.7976931348623157e+308,0.0,1962.5,1962.0,1961.5,1961.0,1960.5,1964.5,1965.0,1967.0,1967.5,1968.0,2,5,1,2,3,4,1,2,4,1
20191122,18:25:04.0,2019-11-22 18:25:04,ZS3M,LME,2289.0,0,2787,0.0,2306.5,2312.0,2283.0,0.0,0.0,1.7976931348623157e+308,1.7976931348623157e+308,0.0,2289.0,2288.5,2288.0,2287.0,2286.5,2289.5,2290.0,2290.5,2291.0,2291.5,2,3,3,2,1,1,5,9,2,3
20191122,18:25:04.0,2019-11-22 18:25:04,CA3M,LME,5851.5,0,4898,0.0,5826.5,5863.5,5812.5,0.0,0.0,1.7976931348623157e+308,1.7976931348623157e+308,0.0,5851.0,5850.5,5850.0,5849.5,5849.0,5852.5,5853.0,5853.5,5854.0,5854.5,2,1,3,8,3,2,5,2,1,2
20191122,18:25:07.0,2019-11-22 18:25:07,ZS3M,LME,2289.5,0,2788,0.0,2306.5,2312.0,2283.0,0.0,0.0,1.7976931348623157e+308,1.7976931348623157e+308,0.0,2289.0,2288.5,2288.0,2287.0,2286.5,2289.5,2290.0,2290.5,2291.0,2291.5,2,3,3,2,1,1,4,9,2,3
20191122,18:25:08.0,2019-11-22 18:25:08,NI3M,LME,14270.0,0,2510,0.0,14505.0,14540.0,14220.0,0.0,0.0,1.7976931348623157e+308,1.7976931348623157e+308,0.0,14265.0,14260.0,14255.0,14250.0,14245.0,14275.0,14280.0,14285.0,14290.0,14295.0,1,4,5,6,4,5,10,3,3,1
20191122,18:25:08.0,2019-11-22 18:25:08,CA3M,LME,5851.5,0,4898,0.0,5826.5,5863.5,5812.5,0.0,0.0,1.7976931348623157e+308,1.7976931348623157e+308,0.0,5851.5,5851.0,5850.5,5850.0,5849.5,5852.5,5853.0,5853.5,5854.0,5854.5,1,2,1,3,8,2,5,2,1,2
20191122,18:25:09.0,2019-11-22 18:25:09,CA3M,LME,5851.5,0,4898,0.0,5826.5,5863.5,5812.5,0.0,0.0,1.7976931348623157e+308,1.7976931348623157e+308,0.0,5851.5,5851.0,5850.5,5850.0,5849.5,5852.5,5853.0,5853.5,5854.0,5854.5,1,2,1,3,8,1,5,2,1,2
20191122,18:25:12.0,2019-11-22 18:25:12,NI3M,LME,14270.0,0,2510,0.0,14505.0,14540.0,14220.0,0.0,0.0,1.7976931348623157e+308,1.7976931348623157e+308,0.0,14270.0,14260.0,14255.0,14250.0,14245.0,14275.0,14280.0,14285.0,14290.0,14295.0,1,4,5,6,4,5,10,3,3,1
20191122,18:25:13.0,2019-11-22 18:25:13,NI3M,LME,14270.0,0,2510,0.0,14505.0,14540.0,14220.0,0.0,0.0,1.7976931348623157e+308,1.7976931348623157e+308,0.0,14270.0,14265.0,14260.0,14255.0,14250.0,14275.0,14280.0,14285.0,14290.0,14295.0,1,1,4,5,6,3,10,3,3,1
20191122,18:25:25.0,2019-11-22 18:25:25,CA3M,LME,5852.5,0,4899,0.0,5826.5,5863.5,5812.5,0.0,0.0,1.7976931348623157e+308,1.7976931348623157e+308,0.0,5852.0,5851.5,5851.0,5850.5,5850.0,5853.0,5853.5,5854.0,5854.5,5855.0,1,4,4,6,6,5,2,3,2,4
20191122,18:25:31.0,2019-11-22 18:25:31,PB3M,LME,1962.5,0,1360,0.0,1961.5,1987.0,1960.0,0.0,0.0,1.7976931348623157e+308,1.7976931348623157e+308,0.0,1963.0,1962.5,1962.0,1961.5,1961.0,1964.5,1965.0,1967.0,1967.5,1968.0,2,2,5,3,12,2,1,2,4,1
20191122,18:25:35.0,2019-11-22 18:25:35,PB3M,LME,1963.0,0,1361,0.0,1961.5,1987.0,1960.0,0.0,0.0,1.7976931348623157e+308,1.7976931348623157e+308,0.0,1963.0,1962.5,1962.0,1961.5,1961.0,1964.5,1965.0,1966.5,1967.0,1967.5,2,2,5,3,12,1,1,1,2,4
20191122,18:25:36.0,2019-11-22 18:25:36,PB3M,LME,1964.5,0,1362,0.0,1961.5,1987.0,1960.0,0.0,0.0,1.7976931348623157e+308,1.7976931348623157e+308,0.0,1963.5,1963.0,1962.5,1962.0,1961.5,1965.5,1966.0,1966.5,1.7976931348623157e+308,1.7976931348623157e+308,3,2,3,4,3,2,2,2,0,0
20191122,18:25:49.0,2019-11-22 18:25:49,PB3M,LME,1964.5,0,1362,0.0,1961.5,1987.0,1960.0,0.0,0.0,1.7976931348623157e+308,1.7976931348623157e+308,0.0,1964.0,1963.0,1962.5,1962.0,1961.5,1965.5,1966.0,1966.5,1967.0,1967.5,1,2,3,4,3,2,2,2,2,4
20191122,18:25:54.0,2019-11-22 18:25:54,CA3M,LME,5853.0,0,4904,0.0,5826.5,5863.5,5812.5,0.0,0.0,1.7976931348623157e+308,1.7976931348623157e+308,0.0,5853.0,5852.5,5852.0,5851.5,5851.0,5854.5,5855.0,5855.5,5856.0,5856.5,1,6,2,7,4,1,3,2,2,2
20191122,18:25:54.0,2019-11-22 18:25:54,PB3M,LME,1964.5,0,1362,0.0,1961.5,1987.0,1960.0,0.0,0.0,1.7976931348623157e+308,1.7976931348623157e+308,0.0,1964.5,1964.0,1963.5,1962.5,1962.0,1966.0,1966.5,1967.0,1967.5,1968.0,2,3,3,2,4,2,2,2,2,1
20191122,18:25:54.0,2019-11-22 18:25:54,ZS3M,LME,2290.0,0,2794,0.0,2306.5,2312.0,2283.0,0.0,0.0,1.7976931348623157e+308,1.7976931348623157e+308,0.0,2289.5,2289.0,2288.5,2288.0,2287.5,2290.5,2291.0,2291.5,2292.0,2292.5,3,3,3,1,1,10,2,3,5,2
20191122,18:25:55.0,2019-11-22 18:25:55,PB3M,LME,1964.0,0,1366,0.0,1961.5,1987.0,1960.0,0.0,0.0,1.7976931348623157e+308,1.7976931348623157e+308,0.0,1964.0,1963.5,1962.5,1962.0,1961.5,1965.5,1966.5,1967.0,1967.5,1968.0,2,3,2,4,3,1,2,2,2,1
20191122,18:25:55.0,2019-11-22 18:25:55,ZS3M,LME,2290.0,0,2794,0.0,2306.5,2312.0,2283.0,0.0,0.0,1.7976931348623157e+308,1.7976931348623157e+308,0.0,2289.5,2289.0,2288.5,2288.0,2287.5,2290.5,2291.0,2291.5,2292.0,2292.5,2,3,2,2,1,10,2,3,5,2
20191122,18:26:01.0,2019-11-22 18:26:01,ZS3M,LME,2290.0,0,2794,0.0,2306.5,2312.0,2283.0,0.0,0.0,1.7976931348623157e+308,1.7976931348623157e+308,0.0,2290.0,2289.0,2288.5,2288.0,2287.5,2290.5,2291.0,2291.5,2292.0,2292.5,1,3,3,1,1,10,2,3,5,2
20191122,18:26:04.0,2019-11-22 18:26:04,ZS3M,LME,2290.5,0,2795,0.0,2306.5,2312.0,2283.0,0.0,0.0,1.7976931348623157e+308,1.7976931348623157e+308,0.0,2290.0,2289.5,2289.0,2288.5,2288.0,2290.5,2291.0,2291.5,2292.0,2292.5,1,1,2,3,1,10,2,3,5,2
20191122,18:26:05.0,2019-11-22 18:26:05,ZS3M,LME,2290.5,0,2804,0.0,2306.5,2312.0,2283.0,0.0,0.0,1.7976931348623157e+308,1.7976931348623157e+308,0.0,2290.0,2289.5,2289.0,2288.5,2288.0,2290.5,2291.0,2291.5,2292.0,2292.5,1,1,2,3,1,1,2,4,5,2
20191122,18:26:05.0,2019-11-22 18:26:05,CA3M,LME,5853.0,0,4904,0.0,5826.5,5863.5,5812.5,0.0,0.0,1.7976931348623157e+308,1.7976931348623157e+308,0.0,5853.5,5853.0,5852.5,5852.0,5851.5,5855.0,5855.5,5856.0,5856.5,5857.0,2,7,5,2,9,3,1,1,2,7
20191122,18:26:10.0,2019-11-22 18:26:10,ZS3M,LME,2290.0,0,2805,0.0,2306.5,2312.0,2283.0,0.0,0.0,1.7976931348623157e+308,1.7976931348623157e+308,0.0,2290.0,2289.5,2289.0,2288.5,2288.0,2290.5,2291.0,2291.5,2292.0,2292.5,1,1,2,3,1,1,2,4,5,2
20191122,18:26:10.0,2019-11-22 18:26:10,ZS3M,LME,2290.0,0,2812,0.0,2306.5,2312.0,2283.0,0.0,0.0,1.7976931348623157e+308,1.7976931348623157e+308,0.0,2290.0,2289.5,2289.0,2288.5,2288.0,2290.5,2291.0,2291.5,2292.0,2292.5,1,2,2,3,1,1,3,4,5,2
20191122,18:26:11.0,2019-11-22 18:26:11,ZS3M,LME,2290.0,0,2812,0.0,2306.5,2312.0,2283.0,0.0,0.0,1.7976931348623157e+308,1.7976931348623157e+308,0.0,2290.0,2289.5,2289.0,2288.5,2288.0,2290.5,2291.0,2291.5,2292.0,2292.5,2,2,2,3,1,1,3,4,5,2
20191122,18:26:15.0,2019-11-22 18:26:15,PB3M,LME,1965.0,0,1367,0.0,1961.5,1987.0,1960.0,0.0,0.0,1.7976931348623157e+308,1.7976931348623157e+308,0.0,1964.0,1963.5,1962.5,1962.0,1961.5,1965.5,1965.5,1966.0,1966.5,1967.0,1,3,2,4,3,1,1,2,1,2
20191122,18:26:16.0,2019-11-22 18:26:16,ZS3M,LME,2290.0,0,2816,0.0,2306.5,2312.0,2283.0,0.0,0.0,1.7976931348623157e+308,1.7976931348623157e+308,0.0,2290.0,2289.5,2289.0,2288.5,2288.0,2290.5,2291.0,2291.5,2292.0,2292.5,1,2,2,3,1,8,3,4,5,2
20191122,18:26:16.0,2019-11-22 18:26:16,PB3M,LME,1965.0,0,1367,0.0,1961.5,1987.0,1960.0,0.0,0.0,1.7976931348623157e+308,1.7976931348623157e+308,0.0,1964.0,1963.5,1962.5,1962.0,1961.5,1965.5,1966.0,1966.5,1967.0,1967.5,1,3,2,4,3,2,2,1,2,2
20191122,18:26:17.0,2019-11-22 18:26:17,ZS3M,LME,2290.0,0,2816,0.0,2306.5,2312.0,2283.0,0.0,0.0,1.7976931348623157e+308,1.7976931348623157e+308,0.0,2289.5,2289.5,2289.0,2288.5,2288.0,2290.5,2291.0,2291.5,2292.0,2292.5,1,1,2,3,1,8,3,4,5,2
20191122,18:26:18.0,2019-11-22 18:26:18,PB3M,LME,1965.0,0,1367,0.0,1961.5,1987.0,1960.0,0.0,0.0,1.7976931348623157e+308,1.7976931348623157e+308,0.0,1965.0,1964.5,1964.0,1963.5,1962.5,1966.0,1966.5,1967.0,1967.5,1968.0,1,2,1,2,2,2,1,2,2,1
20191122,18:26:23.0,2019-11-22 18:26:23,CA3M,LME,5853.0,0,4904,0.0,5826.5,5863.5,5812.5,0.0,0.0,1.7976931348623157e+308,1.7976931348623157e+308,0.0,5853.0,5852.5,5852.0,5851.5,5851.0,5854.5,5855.0,5855.5,5856.0,5856.5,2,11,2,6,3,1,3,3,1,2
20191122,18:26:27.0,2019-11-22 18:26:27,CA3M,LME,5853.0,0,4904,0.0,5826.5,5863.5,5812.5,0.0,0.0,1.7976931348623157e+308,1.7976931348623157e+308,0.0,5853.0,5852.5,5852.0,5851.5,5851.0,5854.5,5855.0,5855.5,5856.0,5856.5,3,11,2,6,3,1,3,3,1,2
20191122,18:26:31.0,2019-11-22 18:26:31,PB3M,LME,1965.0,0,1367,0.0,1961.5,1987.0,1960.0,0.0,0.0,1.7976931348623157e+308,1.7976931348623157e+308,0.0,1964.5,1964.5,1964.0,1963.5,1962.5,1966.0,1966.5,1967.0,1967.5,1968.0,2,2,1,2,2,2,1,2,2,1
20191122,18:26:32.0,2019-11-22 18:26:32,ZS3M,LME,2290.0,0,2816,0.0,2306.5,2312.0,2283.0,0.0,0.0,1.7976931348623157e+308,1.7976931348623157e+308,0.0,2289.5,2289.0,2288.5,2288.0,2287.5,2290.0,2290.5,2291.0,2291.5,2292.0,1,2,2,2,1,1,9,3,3,5
20191122,18:26:36.0,2019-11-22 18:26:36,ZS3M,LME,2290.0,0,2816,0.0,2306.5,2312.0,2283.0,0.0,0.0,1.7976931348623157e+308,1.7976931348623157e+308,0.0,2289.5,2289.0,2288.5,2288.0,2287.5,2290.0,2290.5,2291.0,2291.5,2292.0,1,3,2,1,1,1,9,3,3,5
20191122,18:26:44.0,2019-11-22 18:26:44,ZS3M,LME,2290.0,0,2817,0.0,2306.5,2312.0,2283.0,0.0,0.0,1.7976931348623157e+308,1.7976931348623157e+308,0.0,2289.5,2289.0,2288.5,2288.0,2287.5,2290.0,2290.5,2291.0,2291.5,2292.0,1,3,2,1,1,1,9,3,3,5
20191122,18:26:46.0,2019-11-22 18:26:46,PB3M,LME,1965.0,0,1367,0.0,1961.5,1987.0,1960.0,0.0,0.0,1.7976931348623157e+308,1.7976931348623157e+308,0.0,1964.5,1964.0,1963.5,1962.5,1962.0,1966.0,1966.5,1967.0,1967.5,1968.0,2,1,2,2,4,3,1,2,2,1
20191122,18:26:51.0,2019-11-22 18:26:51,ZS3M,LME,2289.5,0,2818,0.0,2306.5,2312.0,2283.0,0.0,0.0,1.7976931348623157e+308,1.7976931348623157e+308,0.0,2289.5,2289.0,2288.5,2288.0,2287.5,2290.0,2290.5,2291.0,2291.5,2292.0,1,2,2,1,1,1,9,3,3,5
20191122,18:26:52.0,2019-11-22 18:26:52,ZS3M,LME,2289.5,0,2818,0.0,2306.5,2312.0,2283.0,0.0,0.0,1.7976931348623157e+308,1.7976931348623157e+308,0.0,2289.0,2288.5,2288.0,2287.5,2287.0,2289.5,2290.0,2290.5,2291.0,2291.5,2,2,1,1,2,6,2,2,2,3
20191122,18:27:01.0,2019-11-22 18:27:01,ZS3M,LME,2289.5,0,2824,0.0,2306.5,2312.0,2283.0,0.0,0.0,1.7976931348623157e+308,1.7976931348623157e+308,0.0,2289.5,2289.0,2288.5,2288.0,2287.5,2290.5,2290.5,2291.0,2291.5,2292.0,4,3,2,1,1,2,2,2,3,5
20191122,18:27:01.0,2019-11-22 18:27:01,ZS3M,LME,2290.0,0,2825,0.0,2306.5,2312.0,2283.0,0.0,0.0,1.7976931348623157e+308,1.7976931348623157e+308,0.0,2289.5,2289.0,2288.5,2288.0,2287.5,2290.5,2291.0,2291.5,2292.0,2292.5,4,3,2,1,1,2,2,3,5,3
20191122,18:27:06.0,2019-11-22 18:27:06,CA3M,LME,5854.5,0,4905,0.0,5826.5,5863.5,5812.5,0.0,0.0,1.7976931348623157e+308,1.7976931348623157e+308,0.0,5854.0,5853.5,5853.0,5852.5,5852.0,5855.0,5855.5,5856.0,5856.5,5857.0,2,3,9,5,1,3,3,1,2,7
20191122,18:27:06.0,2019-11-22 18:27:06,NI3M,LME,14275.0,0,2513,0.0,14505.0,14540.0,14220.0,0.0,0.0,1.7976931348623157e+308,1.7976931348623157e+308,0.0,14275.0,14270.0,14265.0,14260.0,14255.0,14280.0,14285.0,14290.0,14295.0,14300.0,1,1,3,5,4,10,3,3,1,2
20191122,18:27:03.0,2019-11-22 18:27:03,ZS3M,LME,2290.0,0,2825,0.0,2306.5,2312.0,2283.0,0.0,0.0,1.7976931348623157e+308,1.7976931348623157e+308,0.0,2289.5,2289.0,2288.5,2288.0,2287.5,2290.5,2291.0,2291.5,2292.0,2292.5,4,3,2,1,1,3,2,3,5,3
20191122,18:27:50.0,2019-11-22 18:27:50,CA3M,LME,5855.0,0,4912,0.0,5826.5,5863.5,5812.5,0.0,0.0,1.7976931348623157e+308,1.7976931348623157e+308,0.0,5854.0,5853.0,5852.5,5852.0,5851.5,5855.0,5855.5,5856.0,5856.5,5857.0,1,6,4,3,9,1,2,1,2,8
20191122,18:27:30.0,2019-11-22 18:27:30,NI3M,LME,14280.0,0,2524,0.0,14505.0,14540.0,14220.0,0.0,0.0,1.7976931348623157e+308,1.7976931348623157e+308,0.0,14265.0,14260.0,14255.0,14250.0,14245.0,14275.0,14280.0,14285.0,14290.0,14295.0,2,5,6,6,4,1,7,3,3,1
20191122,18:27:49.0,2019-11-22 18:27:49,PB3M,LME,1965.0,0,1367,0.0,1961.5,1987.0,1960.0,0.0,0.0,1.7976931348623157e+308,1.7976931348623157e+308,0.0,1965.0,1964.5,1964.0,1963.5,1962.5,1966.5,1967.0,1967.5,1968.0,1968.5,2,2,1,2,2,3,2,2,1,1
20191122,18:27:46.0,2019-11-22 18:27:46,ZS3M,LME,2289.0,0,2860,0.0,2306.5,2312.0,2283.0,0.0,0.0,1.7976931348623157e+308,1.7976931348623157e+308,0.0,2289.0,2288.5,2288.0,2287.5,2287.0,2289.5,2290.0,2290.5,2291.0,2291.5,6,3,2,1,2,2,1,1,2,3
20191122,18:27:58.0,2019-11-22 18:27:58,ZS3M,LME,2289.5,0,2861,0.0,2306.5,2312.0,2283.0,0.0,0.0,1.7976931348623157e+308,1.7976931348623157e+308,0.0,2289.0,2288.5,2288.0,2287.5,2287.0,2289.5,2290.0,2290.5,2291.0,2291.5,6,3,2,1,2,2,1,3,9,3
20191122,18:27:58.0,2019-11-22 18:27:58,NI3M,LME,14280.0,0,2524,0.0,14505.0,14540.0,14220.0,0.0,0.0,1.7976931348623157e+308,1.7976931348623157e+308,0.0,14265.0,14260.0,14255.0,14250.0,14245.0,14275.0,14280.0,14285.0,14290.0,14295.0,2,5,6,6,4,2,7,3,4,1
20191122,18:27:58.0,2019-11-22 18:27:58,CA3M,LME,5854.0,0,4913,0.0,5826.5,5863.5,5812.5,0.0,0.0,1.7976931348623157e+308,1.7976931348623157e+308,0.0,5853.5,5853.0,5852.5,5852.0,5851.5,5855.0,5855.5,5856.0,5856.5,5857.0,2,5,4,2,6,1,3,1,2,8
20191122,18:28:01.0,2019-11-22 18:28:01,NI3M,LME,14280.0,0,2533,0.0,14505.0,14540.0,14220.0,0.0,0.0,1.7976931348623157e+308,1.7976931348623157e+308,0.0,14280.0,14270.0,14265.0,14260.0,14255.0,14285.0,14290.0,14295.0,14300.0,14305.0,1,2,2,5,4,3,4,1,1,4
20191122,18:28:02.0,2019-11-22 18:28:02,NI3M,LME,14280.0,0,2533,0.0,14505.0,14540.0,14220.0,0.0,0.0,1.7976931348623157e+308,1.7976931348623157e+308,0.0,14280.0,14275.0,14270.0,14265.0,14260.0,14285.0,14290.0,14295.0,14300.0,14305.0,2,1,2,2,5,2,4,1,1,4
20191122,18:28:02.0,2019-11-22 18:28:02,CA3M,LME,5854.0,0,4913,0.0,5826.5,5863.5,5812.5,0.0,0.0,1.7976931348623157e+308,1.7976931348623157e+308,0.0,5853.0,5852.5,5852.0,5851.5,5851.0,5855.0,5855.5,5856.0,5856.5,5857.0,2,10,1,6,3,1,3,1,2,8
20191122,18:28:03.0,2019-11-22 18:28:03,CA3M,LME,5854.0,0,4913,0.0,5826.5,5863.5,5812.5,0.0,0.0,1.7976931348623157e+308,1.7976931348623157e+308,0.0,5853.0,5852.5,5852.0,5851.5,5851.0,5855.0,5855.5,5856.0,5856.5,5857.0,2,10,2,3,3,1,3,1,2,8
20191122,18:28:03.0,2019-11-22 18:28:03,ZS3M,LME,2289.5,0,2862,0.0,2306.5,2312.0,2283.0,0.0,0.0,1.7976931348623157e+308,1.7976931348623157e+308,0.0,2289.5,2289.0,2288.5,2288.0,2287.5,2290.0,2290.5,2291.0,2291.5,2292.0,1,4,3,2,1,1,3,9,3,6
20191122,18:28:12.0,2019-11-22 18:28:12,NI3M,LME,14280.0,0,2533,0.0,14505.0,14540.0,14220.0,0.0,0.0,1.7976931348623157e+308,1.7976931348623157e+308,0.0,14280.0,14275.0,14270.0,14265.0,14260.0,14285.0,14290.0,14295.0,14300.0,14305.0,2,1,1,3,5,3,4,1,1,3
20191122,18:28:12.0,2019-11-22 18:28:12,ZS3M,LME,2289.5,0,2862,0.0,2306.5,2312.0,2283.0,0.0,0.0,1.7976931348623157e+308,1.7976931348623157e+308,0.0,2289.5,2289.0,2288.5,2288.0,2287.5,2290.0,2290.5,2291.0,2291.5,2292.0,1,4,3,2,1,2,3,9,3,6
20191122,18:28:17.0,2019-11-22 18:28:17,ZS3M,LME,2289.5,0,2862,0.0,2306.5,2312.0,2283.0,0.0,0.0,1.7976931348623157e+308,1.7976931348623157e+308,0.0,2289.5,2289.0,2288.5,2288.0,2287.5,2290.0,2290.5,2291.0,2291.5,2292.0,1,4,3,2,1,3,3,9,3,6
20191122,18:28:20.0,2019-11-22 18:28:20,CA3M,LME,5854.0,0,4913,0.0,5826.5,5863.5,5812.5,0.0,0.0,1.7976931348623157e+308,1.7976931348623157e+308,0.0,5853.5,5852.5,5852.0,5851.5,5851.0,5855.0,5855.5,5856.0,5856.5,5857.0,1,7,6,3,3,1,3,1,2,8
20191122,18:28:30.0,2019-11-22 18:28:30,NI3M,LME,14290.0,0,2547,0.0,14505.0,14540.0,14220.0,0.0,0.0,1.7976931348623157e+308,1.7976931348623157e+308,0.0,14290.0,14285.0,14280.0,14275.0,14270.0,14295.0,14300.0,14305.0,14310.0,14315.0,1,1,2,1,6,1,1,3,3,2
20191122,18:28:31.0,2019-11-22 18:28:31,NI3M,LME,14290.0,0,2547,0.0,14505.0,14540.0,14220.0,0.0,0.0,1.7976931348623157e+308,1.7976931348623157e+308,0.0,14290.0,14285.0,14280.0,14275.0,14270.0,14295.0,14300.0,14305.0,14310.0,14315.0,2,1,1,3,6,1,1,3,3,2
20191122,18:28:44.0,2019-11-22 18:28:44,CA3M,LME,5854.0,0,4913,0.0,5826.5,5863.5,5812.5,0.0,0.0,1.7976931348623157e+308,1.7976931348623157e+308,0.0,5853.5,5853.0,5852.5,5852.0,5851.5,5855.0,5855.5,5856.0,5856.5,5857.0,1,2,10,2,3,2,3,1,2,8
20191122,18:28:52.0,2019-11-22 18:28:52,ZS3M,LME,2289.5,0,2862,0.0,2306.5,2312.0,2283.0,0.0,0.0,1.7976931348623157e+308,1.7976931348623157e+308,0.0,2289.5,2289.0,2288.5,2288.0,2287.5,2290.0,2290.5,2291.0,2291.5,2292.0,1,4,3,2,1,2,3,9,3,6
20191122,18:28:53.0,2019-11-22 18:28:53,ZS3M,LME,2289.5,0,2862,0.0,2306.5,2312.0,2283.0,0.0,0.0,1.7976931348623157e+308,1.7976931348623157e+308,0.0,2289.5,2289.0,2288.5,2288.0,2287.5,2290.0,2290.5,2291.0,2291.5,2292.0,2,4,3,2,1,2,3,9,3,6
20191122,18:28:59.0,2019-11-22 18:28:59,ZS3M,LME,2290.0,0,2863,0.0,2306.5,2312.0,2283.0,0.0,0.0,1.7976931348623157e+308,1.7976931348623157e+308,0.0,2290.0,2289.5,2289.0,2288.5,2288.0,2290.5,2291.0,2291.5,2292.0,2292.5,2,8,4,2,2,1,9,3,5,2
20191122,18:28:59.0,2019-11-22 18:28:59,PB3M,LME,1965.0,0,1367,0.0,1961.5,1987.0,1960.0,0.0,0.0,1.7976931348623157e+308,1.7976931348623157e+308,0.0,1965.5,1965.0,1964.5,1963.5,1962.5,1966.5,1967.0,1967.5,1968.0,1968.5,2,2,2,2,4,1,2,2,1,1
20191122,18:29:03.0,2019-11-22 18:29:03,NI3M,LME,14290.0,0,2548,0.0,14505.0,14540.0,14220.0,0.0,0.0,1.7976931348623157e+308,1.7976931348623157e+308,0.0,14290.0,14285.0,14280.0,14275.0,14270.0,14295.0,14300.0,14305.0,14310.0,14315.0,2,1,1,3,8,1,1,3,2,3
20191122,18:29:03.0,2019-11-22 18:29:03,NI3M,LME,14290.0,0,2549,0.0,14505.0,14540.0,14220.0,0.0,0.0,1.7976931348623157e+308,1.7976931348623157e+308,0.0,14290.0,14285.0,14280.0,14275.0,14270.0,14295.0,14300.0,14305.0,14310.0,14315.0,1,1,1,3,8,1,1,3,2,3
20191122,18:29:04.0,2019-11-22 18:29:04,PB3M,LME,1965.0,0,1367,0.0,1961.5,1987.0,1960.0,0.0,0.0,1.7976931348623157e+308,1.7976931348623157e+308,0.0,1965.5,1965.0,1964.5,1963.5,1963.0,1967.5,1968.0,1968.5,1970.0,1970.5,2,3,2,2,2,3,1,1,2,3
20191122,18:29:04.0,2019-11-22 18:29:04,ZS3M,LME,2290.0,0,2863,0.0,2306.5,2312.0,2283.0,0.0,0.0,1.7976931348623157e+308,1.7976931348623157e+308,0.0,2290.0,2289.5,2289.0,2288.5,2288.0,2290.5,2291.0,2291.5,2292.0,2292.5,7,3,5,2,1,1,9,3,5,2
20191122,18:29:07.0,2019-11-22 18:29:07,CA3M,LME,5854.0,0,4913,0.0,5826.5,5863.5,5812.5,0.0,0.0,1.7976931348623157e+308,1.7976931348623157e+308,0.0,5853.5,5853.0,5852.5,5852.0,5851.5,5854.5,5855.5,5856.0,5856.5,5857.0,1,2,11,2,6,1,3,1,2,8
20191122,18:29:08.0,2019-11-22 18:29:08,ZS3M,LME,2290.0,0,2868,0.0,2306.5,2312.0,2283.0,0.0,0.0,1.7976931348623157e+308,1.7976931348623157e+308,0.0,2289.5,2289.0,2288.5,2288.0,2287.5,2290.5,2291.0,2291.5,2292.0,2292.5,1,5,2,1,1,4,9,3,5,3
20191122,18:29:09.0,2019-11-22 18:29:09,ZS3M,LME,2290.0,0,2868,0.0,2306.5,2312.0,2283.0,0.0,0.0,1.7976931348623157e+308,1.7976931348623157e+308,0.0,2289.5,2289.0,2288.5,2288.0,2287.5,2290.0,2290.5,2291.0,2291.5,2292.0,2,5,2,1,1,2,3,9,3,5
