日期,华北电石法单一利润,华北电石法单一利润率
2014/1/1,388.9,0.0666
2014/1/2,388.9,0.0666
2014/1/3,388.9,0.0666
2014/1/6,388.9,0.0666
2014/1/7,358.9,0.0614
2014/1/8,358.9,0.0614
2014/1/9,358.9,0.0614
2014/1/10,358.9,0.0614
2014/1/13,358.9,0.0614
2014/1/14,358.9,0.0614
2014/1/15,358.9,0.0614
2014/1/16,358.9,0.0614
2014/1/17,358.9,0.0614
2014/1/20,438.9,0.0762
2014/1/21,438.9,0.0762
2014/1/22,438.9,0.0762
2014/1/23,438.9,0.0762
2014/1/24,438.9,0.0762
2014/1/27,438.9,0.0762
2014/1/28,438.9,0.0762
2014/1/29,438.9,0.0762
2014/1/30,438.9,0.0762
2014/1/31,438.9,0.0762
2014/2/3,438.9,0.0762
2014/2/4,438.9,0.0762
2014/2/5,438.9,0.0762
2014/2/6,438.9,0.0762
2014/2/7,438.9,0.0762
2014/2/10,438.9,0.0762
2014/2/11,513.9,0.0904
2014/2/12,433.9,0.0752
2014/2/13,513.9,0.0904
2014/2/14,513.9,0.0904
2014/2/17,513.9,0.0904
2014/2/18,513.9,0.0904
2014/2/19,513.9,0.0904
2014/2/20,513.9,0.0904
2014/2/21,513.9,0.0904
2014/2/24,493.9,0.0869
2014/2/25,493.9,0.0869
2014/2/26,413.9,0.0718
2014/2/27,383.9,0.0666
2014/2/28,353.9,0.0614
2014/3/3,333.9,0.0579
2014/3/4,333.9,0.0579
2014/3/5,313.9,0.0544
2014/3/6,313.9,0.0544
2014/3/7,293.9,0.051
2014/3/10,253.9,0.044
2014/3/11,253.9,0.044
2014/3/12,233.9,0.0406
2014/3/13,233.9,0.0406
2014/3/14,133.9,0.0229
2014/3/17,23.9,0.004
2014/3/18,-91.1,-0.0152
2014/3/19,-121.1,-0.0202
2014/3/20,-231.1,-0.038
2014/3/21,-231.1,-0.038
2014/3/24,-306.1,-0.0497
2014/3/25,-306.1,-0.0497
2014/3/26,-306.1,-0.0497
2014/3/27,-306.1,-0.0497
2014/3/28,-306.1,-0.0497
2014/3/31,-306.1,-0.0497
2014/4/1,-306.1,-0.0497
2014/4/2,-306.1,-0.0497
2014/4/3,-306.1,-0.0497
2014/4/4,-226.1,-0.0372
2014/4/7,-226.1,-0.0372
2014/4/8,-386.1,-0.0619
2014/4/9,-386.1,-0.0619
2014/4/10,-386.1,-0.0619
2014/4/11,-366.1,-0.0587
2014/4/14,-346.1,-0.0555
2014/4/15,-346.1,-0.0555
2014/4/16,-346.1,-0.0555
2014/4/17,-346.1,-0.0555
2014/4/18,-346.1,-0.0555
2014/4/21,-346.1,-0.0555
2014/4/22,-346.1,-0.0555
2014/4/23,-346.1,-0.0555
2014/4/24,-196.1,-0.0315
2014/4/25,-196.1,-0.0315
2014/4/28,-121.1,-0.0197
2014/4/29,-201.1,-0.0322
2014/4/30,-201.1,-0.0322
2014/5/1,-201.1,-0.0322
2014/5/2,-201.1,-0.0322
2014/5/5,-201.1,-0.0322
2014/5/6,-201.1,-0.0322
2014/5/7,-156.1,-0.0252
2014/5/8,-156.1,-0.0252
2014/5/9,-156.1,-0.0252
2014/5/12,-156.1,-0.0252
2014/5/13,-156.1,-0.0252
2014/5/14,-156.1,-0.0252
2014/5/15,-236.1,-0.0376
2014/5/16,-236.1,-0.0376
2014/5/19,-236.1,-0.0376
2014/5/20,-236.1,-0.0376
2014/5/21,-236.1,-0.0376
2014/5/22,-236.1,-0.0376
2014/5/23,-236.1,-0.0376
2014/5/26,-206.1,-0.033
2014/5/27,-206.1,-0.033
2014/5/28,-206.1,-0.033
2014/5/29,-236.1,-0.0378
2014/5/30,-246.1,-0.0394
2014/6/2,-246.1,-0.0394
2014/6/3,-166.1,-0.0269
2014/6/4,-166.1,-0.0269
2014/6/5,-166.1,-0.0269
2014/6/6,-166.1,-0.0269
2014/6/9,-166.1,-0.0269
2014/6/10,-166.1,-0.0269
2014/6/11,-166.1,-0.0269
2014/6/12,-166.1,-0.0269
2014/6/13,-166.1,-0.0269
2014/6/16,-166.1,-0.0269
2014/6/17,-166.1,-0.0269
2014/6/18,-166.1,-0.0269
2014/6/19,-86.1,-0.0142
2014/6/20,-86.1,-0.0142
2014/6/23,-86.1,-0.0142
2014/6/24,-6.1,-0.001
2014/6/25,-6.1,-0.001
2014/6/26,-6.1,-0.001
2014/6/27,68.9,0.0116
2014/6/30,68.9,0.0116
2014/7/1,68.9,0.0116
2014/7/2,68.9,0.0116
2014/7/3,68.9,0.0116
2014/7/4,-51.1,-0.0085
2014/7/7,-51.1,-0.0085
2014/7/8,-51.1,-0.0085
2014/7/9,-51.1,-0.0085
2014/7/10,-51.1,-0.0085
2014/7/11,23.9,0.004
2014/7/14,23.9,0.004
2014/7/15,63.9,0.0108
2014/7/16,63.9,0.0108
2014/7/17,63.9,0.0108
2014/7/18,143.9,0.0246
2014/7/21,143.9,0.0246
2014/7/22,183.9,0.0316
2014/7/23,183.9,0.0316
2014/7/24,223.9,0.0388
2014/7/25,223.9,0.0388
2014/7/28,223.9,0.0388
2014/7/29,223.9,0.0388
2014/7/30,223.9,0.0388
2014/7/31,223.9,0.0388
2014/8/1,143.9,0.0246
2014/8/4,143.9,0.0246
2014/8/5,143.9,0.0246
2014/8/6,143.9,0.0246
2014/8/7,143.9,0.0246
2014/8/8,143.9,0.0246
2014/8/11,98.9,0.0168
2014/8/12,18.9,0.0032
2014/8/13,18.9,0.0032
2014/8/14,18.9,0.0032
2014/8/15,18.9,0.0032
2014/8/18,-61.1,-0.0101
2014/8/19,-61.1,-0.0101
2014/8/20,-61.1,-0.0101
2014/8/21,-61.1,-0.0101
2014/8/22,-21.1,-0.0035
2014/8/25,-21.1,-0.0035
2014/8/26,-51.1,-0.0085
2014/8/27,18.9,0.0032
2014/8/28,18.9,0.0032
2014/8/29,18.9,0.0032
2014/9/1,18.9,0.0032
2014/9/2,18.9,0.0032
2014/9/3,18.9,0.0032
2014/9/4,18.9,0.0032
2014/9/5,18.9,0.0032
2014/9/8,18.9,0.0032
2014/9/9,18.9,0.0032
2014/9/10,-11.1,-0.0019
2014/9/11,-11.1,-0.0019
2014/9/12,-11.1,-0.0019
2014/9/15,-11.1,-0.0019
2014/9/16,-11.1,-0.0019
2014/9/17,-11.1,-0.0019
2014/9/18,-11.1,-0.0019
2014/9/19,-11.1,-0.0019
2014/9/22,-11.1,-0.0019
2014/9/23,-11.1,-0.0019
2014/9/24,-11.1,-0.0019
2014/9/25,-11.1,-0.0019
2014/9/26,-11.1,-0.0019
2014/9/29,-86.1,-0.0142
2014/9/30,-86.1,-0.0142
2014/10/1,-86.1,-0.0142
2014/10/2,-86.1,-0.0142
2014/10/3,-86.1,-0.0142
2014/10/6,-86.1,-0.0142
2014/10/7,-86.1,-0.0142
2014/10/8,-86.1,-0.0142
2014/10/9,-86.1,-0.0142
2014/10/10,-86.1,-0.0142
2014/10/13,-86.1,-0.0142
2014/10/14,-86.1,-0.0142
2014/10/15,-86.1,-0.0142
2014/10/16,-86.1,-0.0142
2014/10/17,-86.1,-0.0142
2014/10/20,-11.1,-0.0019
2014/10/21,-11.1,-0.0019
2014/10/22,-11.1,-0.0019
2014/10/23,-11.1,-0.0019
2014/10/24,-11.1,-0.0019
2014/10/27,-11.1,-0.0019
2014/10/28,-11.1,-0.0019
2014/10/29,-11.1,-0.0019
2014/10/30,-11.1,-0.0019
2014/10/31,-11.1,-0.0019
2014/11/3,-171.1,-0.0277
2014/11/4,-171.1,-0.0277
2014/11/5,-171.1,-0.0277
2014/11/6,-171.1,-0.0277
2014/11/7,-171.1,-0.0277
2014/11/10,-171.1,-0.0277
2014/11/11,-171.1,-0.0277
2014/11/12,-141.1,-0.023
2014/11/13,-141.1,-0.023
2014/11/14,-141.1,-0.023
2014/11/17,-141.1,-0.023
2014/11/18,-141.1,-0.023
2014/11/19,-141.1,-0.023
2014/11/20,-141.1,-0.023
2014/11/21,-141.1,-0.023
2014/11/24,-141.1,-0.023
2014/11/25,-141.1,-0.023
2014/11/26,-141.1,-0.023
2014/11/27,-61.1,-0.0101
2014/11/28,98.9,0.0168
2014/12/1,98.9,0.0168
2014/12/2,63.9,0.0108
2014/12/3,63.9,0.0108
2014/12/4,13.9,0.0023
2014/12/5,13.9,0.0023
2014/12/8,23.9,0.004
2014/12/9,23.9,0.004
2014/12/10,-6.1,-0.001
2014/12/11,-6.1,-0.001
2014/12/12,-36.1,-0.0061
2014/12/15,-86.1,-0.0145
2014/12/16,-86.1,-0.0145
2014/12/17,-86.1,-0.0145
2014/12/18,-86.1,-0.0145
2014/12/19,-136.1,-0.0229
2014/12/22,-81.1,-0.0138
2014/12/23,-111.1,-0.019
2014/12/24,-111.1,-0.019
2014/12/25,-86.1,-0.0149
2014/12/26,-86.1,-0.0149
2014/12/29,-86.1,-0.0149
2014/12/30,-86.1,-0.0149
2014/12/31,-133.4,-0.0231
2015/1/1,-133.4,-0.0231
2015/1/2,-133.4,-0.0231
2015/1/5,-133.4,-0.0231
2015/1/6,-183.4,-0.0317
2015/1/7,-283.4,-0.049
2015/1/8,-283.4,-0.049
2015/1/9,-283.4,-0.049
2015/1/12,-253.4,-0.0444
2015/1/13,-303.4,-0.0532
2015/1/14,-223.4,-0.0397
2015/1/15,-423.4,-0.0753
2015/1/16,-368.4,-0.0664
2015/1/19,-498.4,-0.0886
2015/1/20,-578.4,-0.1028
2015/1/21,-708.4,-0.1241
2015/1/22,-708.4,-0.1241
2015/1/23,-708.4,-0.1241
2015/1/26,-758.4,-0.1329
2015/1/27,-808.4,-0.1416
2015/1/28,-778.4,-0.1371
2015/1/29,-828.4,-0.1459
2015/1/30,-878.4,-0.1547
2015/2/2,-878.4,-0.1547
2015/2/3,-878.4,-0.1547
2015/2/4,-878.4,-0.1547
2015/2/5,-608.4,-0.1125
2015/2/6,-568.4,-0.1059
2015/2/9,-488.4,-0.0924
2015/2/10,-408.4,-0.0784
2015/2/11,-448.4,-0.0854
2015/2/12,-373.4,-0.0722
2015/2/13,-373.4,-0.0722
2015/2/16,-373.4,-0.0722
2015/2/17,-373.4,-0.0722
2015/2/18,-373.4,-0.0722
2015/2/19,-373.4,-0.0722
2015/2/20,-373.4,-0.0722
2015/2/23,-373.4,-0.0722
2015/2/24,-373.4,-0.0722
2015/2/25,-453.4,-0.0863
2015/2/26,-453.4,-0.0863
2015/2/27,-453.4,-0.0863
2015/3/2,-363.4,-0.0697
2015/3/3,-363.4,-0.0697
2015/3/4,-583.4,-0.1064
2015/3/5,-583.4,-0.1064
2015/3/6,-583.4,-0.1064
2015/3/9,-583.4,-0.1064
2015/3/10,-583.4,-0.1064
2015/3/11,-583.4,-0.1064
2015/3/12,-433.4,-0.079
2015/3/13,-628.4,-0.1107
2015/3/16,-508.4,-0.0915
2015/3/17,-583.4,-0.1036
2015/3/18,-583.4,-0.1036
2015/3/19,-663.4,-0.1161
2015/3/20,-663.4,-0.1161
2015/3/23,-453.4,-0.0816
2015/3/24,-428.4,-0.0761
2015/3/25,-468.4,-0.0826
2015/3/26,-623.4,-0.1071
2015/3/27,-623.4,-0.1071
2015/3/30,-598.4,-0.1015
2015/3/31,-493.4,-0.0837
2015/4/1,-493.4,-0.0837
2015/4/2,-568.4,-0.0952
2015/4/3,-368.4,-0.0617
2015/4/6,-368.4,-0.0617
2015/4/7,-468.4,-0.0766
2015/4/8,-368.4,-0.0602
2015/4/9,-368.4,-0.0602
2015/4/10,-368.4,-0.0602
2015/4/13,-368.4,-0.0602
2015/4/14,-408.4,-0.0663
2015/4/15,-408.4,-0.0663
2015/4/16,-408.4,-0.0663
2015/4/17,-408.4,-0.0663
2015/4/20,-458.4,-0.0744
2015/4/21,-458.4,-0.0744
2015/4/22,-458.4,-0.0744
2015/4/23,-508.4,-0.0826
2015/4/24,-508.4,-0.0826
2015/4/27,-508.4,-0.0826
2015/4/28,-458.4,-0.0744
2015/4/29,-458.4,-0.0744
2015/4/30,-458.4,-0.0744
2015/5/1,-458.4,-0.0744
2015/5/4,-458.4,-0.0744
2015/5/5,-458.4,-0.0744
2015/5/6,-458.4,-0.0744
2015/5/7,-458.4,-0.0744
2015/5/8,-458.4,-0.0744
2015/5/11,-458.4,-0.0744
2015/5/12,-508.4,-0.0826
2015/5/13,-383.4,-0.063
2015/5/14,-283.4,-0.0466
2015/5/15,-183.4,-0.0301
2015/5/18,-108.4,-0.018
2015/5/19,-108.4,-0.018
2015/5/20,-33.4,-0.0056
2015/5/21,-83.4,-0.0141
2015/5/22,-83.4,-0.0141
2015/5/25,66.6,0.0115
2015/5/26,16.6,0.0029
2015/5/27,-63.4,-0.0108
2015/5/28,-63.4,-0.0108
2015/5/29,-63.4,-0.0108
2015/6/1,-113.4,-0.0193
2015/6/2,-113.4,-0.0193
2015/6/3,36.6,0.0064
2015/6/4,36.6,0.0064
2015/6/5,36.6,0.0064
2015/6/8,36.6,0.0064
2015/6/9,-13.4,-0.0023
2015/6/10,-63.4,-0.0111
2015/6/11,-38.4,-0.0068
2015/6/12,-38.4,-0.0068
2015/6/15,-13.4,-0.0024
2015/6/16,-13.4,-0.0024
2015/6/17,11.6,0.0021
2015/6/18,-38.4,-0.007
2015/6/19,-38.4,-0.007
2015/6/22,-38.4,-0.007
2015/6/23,-88.4,-0.0161
2015/6/24,-88.4,-0.0161
2015/6/25,-88.4,-0.0161
2015/6/26,-88.4,-0.0161
2015/6/29,-138.4,-0.0252
2015/6/30,-138.4,-0.0252
2015/7/1,-138.4,-0.0252
2015/7/2,-48.4,-0.0089
2015/7/3,-8.4,-0.0016
2015/7/6,151.6,0.0289
2015/7/7,151.6,0.0289
2015/7/8,101.6,0.0194
2015/7/9,51.6,0.0098
2015/7/10,51.6,0.0098
2015/7/13,131.6,0.0255
2015/7/14,291.6,0.0582
2015/7/15,291.6,0.0582
2015/7/16,211.6,0.0416
2015/7/17,131.6,0.0255
2015/7/20,81.6,0.0158
2015/7/21,-73.4,-0.0138
2015/7/22,-73.4,-0.0138
2015/7/23,-73.4,-0.0138
2015/7/24,-73.4,-0.0138
2015/7/27,-198.4,-0.0368
2015/7/28,-198.4,-0.0368
2015/7/29,-198.4,-0.0368
2015/7/30,-268.4,-0.0491
2015/7/31,-268.4,-0.0491
2015/8/3,-238.4,-0.0442
2015/8/4,-238.4,-0.0442
2015/8/5,-288.4,-0.0535
2015/8/6,-248.4,-0.0464
2015/8/7,-248.4,-0.0464
2015/8/10,-208.4,-0.0393
2015/8/11,-208.4,-0.0393
2015/8/12,-208.4,-0.0393
2015/8/13,-208.4,-0.0393
2015/8/14,-208.4,-0.0393
2015/8/17,-136.4,-0.026
2015/8/18,-136.4,-0.026
2015/8/19,-136.4,-0.026
2015/8/20,-136.4,-0.026
2015/8/21,-136.4,-0.026
2015/8/24,-136.4,-0.026
2015/8/25,-136.4,-0.026
2015/8/26,-136.4,-0.026
2015/8/27,-136.4,-0.026
2015/8/28,-136.4,-0.026
2015/8/31,-136.4,-0.026
2015/9/1,-136.4,-0.026
2015/9/2,-136.4,-0.026
2015/9/3,-136.4,-0.026
2015/9/4,-136.4,-0.026
2015/9/7,-153.4,-0.0293
2015/9/8,-243.4,-0.0458
2015/9/9,-168.4,-0.0321
2015/9/10,-168.4,-0.0321
2015/9/11,-188.4,-0.036
2015/9/14,-188.4,-0.036
2015/9/15,-198.4,-0.0379
2015/9/16,-198.4,-0.0379
2015/9/17,-238.4,-0.0455
2015/9/18,-108.4,-0.0213
2015/9/21,-138.4,-0.0272
2015/9/22,-138.4,-0.0272
2015/9/23,-138.4,-0.0272
2015/9/24,-218.4,-0.0423
2015/9/25,-218.4,-0.0423
2015/9/28,-268.4,-0.0519
2015/9/29,-268.4,-0.0519
2015/9/30,-268.4,-0.0519
2015/10/1,-268.4,-0.0519
2015/10/2,-268.4,-0.0519
2015/10/5,-268.4,-0.0519
2015/10/6,-268.4,-0.0519
2015/10/7,-268.4,-0.0519
2015/10/8,-268.4,-0.0519
2015/10/9,-318.4,-0.0616
2015/10/12,-318.4,-0.0616
2015/10/13,-318.4,-0.0616
2015/10/14,-318.4,-0.0616
2015/10/15,-318.4,-0.0616
2015/10/16,-558.4,-0.1032
2015/10/19,-558.4,-0.1032
2015/10/20,-513.4,-0.0957
2015/10/21,-513.4,-0.0957
2015/10/22,-513.4,-0.0957
2015/10/23,-513.4,-0.0957
2015/10/26,-513.4,-0.0957
2015/10/27,-513.4,-0.0957
2015/10/28,-513.4,-0.0957
2015/10/29,-513.4,-0.0957
2015/10/30,-563.4,-0.105
2015/11/2,-458.4,-0.0872
2015/11/3,-458.4,-0.0872
2015/11/4,-508.4,-0.0967
2015/11/5,-428.4,-0.0827
2015/11/6,-428.4,-0.0827
2015/11/9,-478.4,-0.0924
2015/11/10,-478.4,-0.0924
2015/11/11,-478.4,-0.0924
2015/11/12,-478.4,-0.0924
2015/11/13,-528.4,-0.102
2015/11/16,-528.4,-0.102
2015/11/17,-528.4,-0.102
2015/11/18,-528.4,-0.102
2015/11/19,-578.4,-0.1117
2015/11/20,-498.4,-0.0978
2015/11/23,-418.4,-0.0834
2015/11/24,-378.4,-0.076
2015/11/25,-378.4,-0.076
2015/11/26,-383.4,-0.0769
2015/11/27,-463.4,-0.0915
2015/11/30,-543.4,-0.1056
2015/12/1,-623.4,-0.1193
2015/12/2,-673.4,-0.1289
2015/12/3,-673.4,-0.1289
2015/12/4,-723.4,-0.1385
2015/12/7,-693.4,-0.1335
2015/12/8,-693.4,-0.1335
2015/12/9,-693.4,-0.1335
2015/12/10,-693.4,-0.1335
2015/12/11,-853.4,-0.1594
2015/12/14,-853.4,-0.1594
2015/12/15,-853.4,-0.1594
2015/12/16,-853.4,-0.1594
2015/12/17,-853.4,-0.1594
2015/12/18,-853.4,-0.1594
2015/12/21,-853.4,-0.1594
2015/12/22,-853.4,-0.1594
2015/12/23,-803.4,-0.1501
2015/12/24,-673.4,-0.1277
2015/12/25,-623.4,-0.1182
2015/12/28,-623.4,-0.1182
2015/12/29,-623.4,-0.1182
2015/12/30,-623.4,-0.1182
2015/12/31,-618.2,-0.1173
2016/1/1,-618.2,-0.1173
2016/1/4,-618.2,-0.1173
2016/1/5,-618.2,-0.1173
2016/1/6,-618.2,-0.1173
2016/1/7,-618.2,-0.1173
2016/1/8,-618.2,-0.1173
2016/1/11,-618.2,-0.1173
2016/1/12,-498.2,-0.0968
2016/1/13,-498.2,-0.0968
2016/1/14,-498.2,-0.0968
2016/1/15,-463.2,-0.0915
2016/1/18,-433.2,-0.0869
2016/1/19,-353.2,-0.072
2016/1/20,-433.2,-0.0869
2016/1/21,-433.2,-0.0869
2016/1/22,-553.2,-0.1084
2016/1/25,-553.2,-0.1084
2016/1/26,-423.2,-0.0842
2016/1/27,-373.2,-0.075
2016/1/28,-293.2,-0.0599
2016/1/29,-253.2,-0.0522
2016/2/1,-253.2,-0.0522
2016/2/2,-333.2,-0.0675
2016/2/3,-333.2,-0.0675
2016/2/4,-333.2,-0.0675
2016/2/5,-333.2,-0.0675
2016/2/8,-333.2,-0.0675
2016/2/9,-333.2,-0.0675
2016/2/10,-333.2,-0.0675
2016/2/11,-333.2,-0.0675
2016/2/12,-333.2,-0.0675
2016/2/15,-443.2,-0.087
2016/2/16,-393.2,-0.0772
2016/2/17,-393.2,-0.0772
2016/2/18,-393.2,-0.0772
2016/2/19,-153.2,-0.0316
2016/2/22,-133.2,-0.027
2016/2/23,-133.2,-0.027
2016/2/24,-133.2,-0.027
2016/2/25,-103.2,-0.021
2016/2/26,-183.2,-0.0368
2016/2/29,-183.2,-0.0368
2016/3/1,-58.2,-0.012
2016/3/2,-58.2,-0.012
2016/3/3,-218.2,-0.0435
2016/3/4,-218.2,-0.0435
2016/3/7,-168.2,-0.0335
2016/3/8,-38.2,-0.0077
2016/3/9,-38.2,-0.0077
2016/3/10,-68.2,-0.0136
2016/3/11,-38.2,-0.0077
2016/3/14,56.8,0.0115
2016/3/15,136.8,0.0278
2016/3/16,266.8,0.0552
2016/3/17,281.8,0.0579
2016/3/18,241.8,0.0493
2016/3/21,241.8,0.0493
2016/3/22,241.8,0.0493
2016/3/23,291.8,0.0595
2016/3/24,291.8,0.0595
2016/3/25,291.8,0.0595
2016/3/28,291.8,0.0595
2016/3/29,291.8,0.0595
2016/3/30,291.8,0.0595
2016/3/31,291.8,0.0595
2016/4/1,286.8,0.0584
2016/4/4,286.8,0.0584
2016/4/5,296.8,0.0605
2016/4/6,336.8,0.0693
2016/4/7,306.8,0.0627
2016/4/8,136.8,0.0273
2016/4/11,61.8,0.0121
2016/4/12,61.8,0.0121
2016/4/13,61.8,0.0121
2016/4/14,31.8,0.0062
2016/4/15,16.8,0.0033
2016/4/18,16.8,0.0033
2016/4/19,16.8,0.0033
2016/4/20,16.8,0.0033
2016/4/21,16.8,0.0033
2016/4/22,-93.2,-0.0179
2016/4/25,-138.2,-0.0264
2016/4/26,-98.2,-0.0189
2016/4/27,-18.2,-0.0036
2016/4/28,61.8,0.0123
2016/4/29,-18.2,-0.0036
2016/5/2,-18.2,-0.0036
2016/5/3,-98.2,-0.0189
2016/5/4,-148.2,-0.0285
2016/5/5,-118.2,-0.0231
2016/5/6,-118.2,-0.0231
2016/5/9,-168.2,-0.0329
2016/5/10,-48.2,-0.0096
2016/5/11,-88.2,-0.0175
2016/5/12,-128.2,-0.0252
2016/5/13,-128.2,-0.0252
2016/5/16,-88.2,-0.0175
2016/5/17,-88.2,-0.0175
2016/5/18,-128.2,-0.0252
2016/5/19,-128.2,-0.0252
2016/5/20,-88.2,-0.0175
2016/5/23,-38.2,-0.0076
2016/5/24,-38.2,-0.0076
2016/5/25,-38.2,-0.0076
2016/5/26,-38.2,-0.0076
2016/5/27,-78.2,-0.0154
2016/5/30,-158.2,-0.0307
2016/5/31,-198.2,-0.0381
2016/6/1,-198.2,-0.0381
2016/6/2,-198.2,-0.0381
2016/6/3,-198.2,-0.0381
2016/6/6,-198.2,-0.0381
2016/6/7,71.8,0.0146
2016/6/8,71.8,0.0146
2016/6/9,71.8,0.0146
2016/6/10,71.8,0.0146
2016/6/13,51.8,0.0105
2016/6/14,-28.2,-0.0056
2016/6/15,-68.2,-0.0135
2016/6/16,-68.2,-0.0135
2016/6/17,-108.2,-0.0212
2016/6/20,51.8,0.0105
2016/6/21,91.8,0.0187
2016/6/22,91.8,0.0187
2016/6/23,91.8,0.0187
2016/6/24,101.8,0.0206
2016/6/27,191.8,0.0391
2016/6/28,191.8,0.0391
2016/6/29,231.8,0.0476
2016/6/30,271.8,0.0563
2016/7/1,271.8,0.0563
2016/7/4,321.8,0.0667
2016/7/5,421.8,0.0874
2016/7/6,453.8,0.0946
2016/7/7,453.8,0.0946
2016/7/8,453.8,0.0946
2016/7/11,453.8,0.0946
2016/7/12,453.8,0.0946
2016/7/13,503.8,0.105
2016/7/14,503.8,0.105
2016/7/15,503.8,0.105
2016/7/18,503.8,0.105
2016/7/19,503.8,0.105
2016/7/20,503.8,0.105
2016/7/21,503.8,0.105
2016/7/22,471.8,0.0977
2016/7/25,473.8,0.0982
2016/7/26,473.8,0.0982
2016/7/27,473.8,0.0982
2016/7/28,473.8,0.0982
2016/7/29,473.8,0.0982
2016/8/1,428.8,0.088
2016/8/2,528.8,0.1086
2016/8/3,528.8,0.1086
2016/8/4,468.8,0.0951
2016/8/5,468.8,0.0951
2016/8/8,518.8,0.1052
2016/8/9,493.8,0.0986
2016/8/10,543.8,0.1086
2016/8/11,543.8,0.1086
2016/8/12,498.8,0.0988
2016/8/15,518.8,0.1021
2016/8/16,518.8,0.1021
2016/8/17,518.8,0.1021
2016/8/18,568.8,0.1119
2016/8/19,493.8,0.0958
2016/8/22,493.8,0.0958
2016/8/23,493.8,0.0958
2016/8/24,543.8,0.1055
2016/8/25,543.8,0.1055
2016/8/26,543.8,0.1055
2016/8/29,543.8,0.1055
2016/8/30,543.8,0.1055
2016/8/31,543.8,0.1055
2016/9/1,543.8,0.1055
2016/9/2,543.8,0.1055
2016/9/5,471.8,0.0902
2016/9/6,471.8,0.0902
2016/9/7,471.8,0.0902
2016/9/8,471.8,0.0902
2016/9/9,406.8,0.0761
2016/9/12,421.8,0.0784
2016/9/13,461.8,0.0865
2016/9/14,741.8,0.139
2016/9/15,741.8,0.139
2016/9/16,741.8,0.139
2016/9/19,743.8,0.1363
2016/9/20,793.8,0.1455
2016/9/21,793.8,0.1455
2016/9/22,793.8,0.1455
2016/9/23,793.8,0.1455
2016/9/26,971.8,0.1711
2016/9/27,971.8,0.1711
2016/9/28,1043.8,0.1862
2016/9/29,1043.8,0.1862
2016/9/30,1043.8,0.1862
2016/10/3,1043.8,0.1862
2016/10/4,1043.8,0.1862
2016/10/5,1043.8,0.1862
2016/10/6,1043.8,0.1862
2016/10/7,1043.8,0.1862
2016/10/10,1043.8,0.1862
2016/10/11,1143.8,0.204
2016/10/12,1143.8,0.204
2016/10/13,1143.8,0.204
2016/10/14,1143.8,0.204
2016/10/17,1071.8,0.1888
2016/10/18,1071.8,0.1888
2016/10/19,1071.8,0.1888
2016/10/20,1111.8,0.1972
2016/10/21,1143.8,0.204
2016/10/24,1168.8,0.2057
2016/10/25,1218.8,0.2145
2016/10/26,1218.8,0.2145
2016/10/27,1268.8,0.2233
2016/10/28,1268.8,0.2233
2016/10/31,1318.8,0.2321
2016/11/1,1418.8,0.2497
2016/11/2,1518.8,0.2673
2016/11/3,1518.8,0.2673
2016/11/4,1618.8,0.2849
2016/11/7,1668.8,0.2937
2016/11/8,1748.8,0.3078
2016/11/9,1818.8,0.3201
2016/11/10,1868.8,0.3289
2016/11/11,2018.8,0.3554
2016/11/14,2068.8,0.3642
2016/11/15,2068.8,0.3642
2016/11/16,2023.8,0.3534
2016/11/17,1993.8,0.3464
2016/11/18,1911.8,0.3303
2016/11/21,1871.8,0.3212
2016/11/22,1871.8,0.3212
2016/11/23,1851.8,0.3177
2016/11/24,1893.8,0.329
2016/11/25,1843.8,0.3203
2016/11/28,1721.8,0.2954
2016/11/29,1641.8,0.2779
2016/11/30,1491.8,0.2525
2016/12/1,1391.8,0.2356
2016/12/2,1443.8,0.2508
2016/12/5,1443.8,0.2508
2016/12/6,1393.8,0.2421
2016/12/7,1393.8,0.2421
2016/12/8,1393.8,0.2421
2016/12/9,1343.8,0.2335
2016/12/12,1243.8,0.2161
2016/12/13,1243.8,0.2161
2016/12/14,1143.8,0.1987
2016/12/15,961.8,0.1662
2016/12/16,813.8,0.1406
2016/12/19,613.8,0.1061
2016/12/20,443.8,0.0767
2016/12/21,363.8,0.0629
2016/12/22,213.8,0.037
2016/12/23,213.8,0.037
2016/12/26,313.8,0.0542
2016/12/27,313.8,0.0542
2016/12/28,313.8,0.0542
2016/12/29,313.8,0.0542
2016/12/30,313.8,0.0542
2017/1/2,343.7,0.0597
2017/1/3,343.7,0.0597
2017/1/4,243.7,0.0423
2017/1/5,243.7,0.0423
2017/1/6,93.7,0.0163
2017/1/9,93.7,0.0163
2017/1/10,123.7,0.0216
2017/1/11,223.7,0.0391
2017/1/12,243.7,0.0426
2017/1/13,243.7,0.0426
2017/1/16,273.7,0.0478
2017/1/17,273.7,0.0478
2017/1/18,373.7,0.0653
2017/1/19,373.7,0.0653
2017/1/20,373.7,0.0653
2017/1/23,373.7,0.0653
2017/1/24,373.7,0.0653
2017/1/25,373.7,0.0653
2017/1/26,373.7,0.0653
2017/1/27,373.7,0.0653
2017/1/30,373.7,0.0653
2017/1/31,373.7,0.0653
2017/2/1,373.7,0.0653
2017/2/2,373.7,0.0653
2017/2/3,468.7,0.0825
2017/2/6,575.9,0.1015
2017/2/7,625.9,0.1103
2017/2/8,675.9,0.1191
2017/2/9,675.9,0.1191
2017/2/10,626.7,0.1095
2017/2/13,546.7,0.0942
2017/2/14,591.7,0.1028
2017/2/15,681.7,0.1192
2017/2/16,731.7,0.128
2017/2/17,721.7,0.1271
2017/2/20,806.7,0.1455
2017/2/21,806.7,0.1455
2017/2/22,756.7,0.1365
2017/2/23,756.7,0.1365
2017/2/24,656.7,0.1185
2017/2/27,746.7,0.1369
2017/2/28,746.7,0.1369
2017/3/1,696.7,0.1278
2017/3/2,696.7,0.1278
2017/3/3,696.7,0.1278
2017/3/6,766.7,0.1406
2017/3/7,776.7,0.1424
2017/3/8,796.7,0.1461
2017/3/9,796.7,0.1461
2017/3/10,796.7,0.1461
2017/3/13,796.7,0.1461
2017/3/14,796.7,0.1461
2017/3/15,856.7,0.158
2017/3/16,856.7,0.158
2017/3/17,856.7,0.158
2017/3/20,856.7,0.158
2017/3/21,871.7,0.1621
2017/3/22,871.7,0.1621
2017/3/23,871.7,0.1621
2017/3/24,821.7,0.1528
2017/3/27,561.7,0.1014
2017/3/28,471.7,0.0846
2017/3/29,381.7,0.0679
2017/3/30,381.7,0.0679
2017/3/31,331.7,0.059
2017/4/5,326.7,0.0586
2017/4/6,566.7,0.1063
2017/4/7,566.7,0.1063
2017/4/10,516.7,0.0969
2017/4/11,511.7,0.0968
2017/4/12,511.7,0.0968
2017/4/13,461.7,0.0873
2017/4/14,411.7,0.0779
2017/4/17,361.7,0.0684
2017/4/18,351.7,0.067
2017/4/19,251.7,0.048
2017/4/20,251.7,0.048
2017/4/21,191.7,0.0361
2017/4/24,161.7,0.0303
2017/4/25,161.7,0.0303
2017/4/26,116.7,0.0217
2017/4/27,116.7,0.0217
2017/4/28,116.7,0.0217
2017/5/2,116.7,0.0217
2017/5/3,86.7,0.016
2017/5/4,41.7,0.0076
2017/5/5,41.7,0.0076
2017/5/8,41.7,0.0076
2017/5/9,41.7,0.0076
2017/5/10,41.7,0.0076
2017/5/11,41.7,0.0076
2017/5/12,41.7,0.0076
2017/5/15,41.7,0.0076
2017/5/16,91.7,0.0168
2017/5/17,141.7,0.026
2017/5/18,141.7,0.026
2017/5/19,326.7,0.0614
2017/5/22,376.7,0.0708
2017/5/23,426.7,0.0802
2017/5/24,426.7,0.0802
2017/5/25,386.7,0.0721
2017/5/26,386.7,0.0721
2017/5/31,341.7,0.0638
2017/6/1,341.7,0.0638
2017/6/2,476.7,0.0904
2017/6/5,426.7,0.0809
2017/6/6,456.7,0.0871
2017/6/7,456.7,0.0871
2017/6/8,456.7,0.0871
2017/6/9,456.7,0.0871
2017/6/12,456.7,0.0871
2017/6/13,456.7,0.0871
2017/6/14,456.7,0.0871
2017/6/15,456.7,0.0871
2017/6/16,381.7,0.0718
2017/6/19,331.7,0.0624
2017/6/20,206.7,0.0383
2017/6/21,206.7,0.0383
2017/6/22,206.7,0.0383
2017/6/23,226.7,0.0418
2017/6/26,251.7,0.0458
2017/6/27,226.7,0.0407
2017/6/28,226.7,0.0407
2017/6/29,276.7,0.0497
2017/6/30,326.7,0.0586
2017/7/3,376.7,0.0676
2017/7/4,376.7,0.0676
2017/7/5,426.7,0.0766
2017/7/6,526.7,0.0945
2017/7/7,626.7,0.1125
2017/7/10,721.7,0.1306
2017/7/11,871.7,0.1577
2017/7/12,871.7,0.1577
2017/7/13,871.7,0.1577
2017/7/14,871.7,0.1577
2017/7/17,871.7,0.1577
2017/7/18,826.7,0.1483
2017/7/19,751.7,0.1331
2017/7/20,901.7,0.1596
2017/7/21,901.7,0.1596
2017/7/24,901.7,0.1596
2017/7/25,901.7,0.1596
2017/7/26,901.7,0.1596
2017/7/27,901.7,0.1596
2017/7/28,901.7,0.1596
2017/7/31,901.7,0.1596
2017/8/1,901.7,0.1596
2017/8/2,1001.7,0.1774
2017/8/3,1051.7,0.1862
2017/8/4,1151.7,0.2039
2017/8/7,1206.7,0.212
2017/8/8,1306.7,0.2295
2017/8/9,1306.7,0.2295
2017/8/10,1306.7,0.2295
2017/8/11,1406.7,0.2471
2017/8/14,1406.7,0.2471
2017/8/15,1406.7,0.2471
2017/8/16,1406.7,0.2471
2017/8/17,1406.7,0.2471
2017/8/18,1406.7,0.2471
2017/8/21,1356.7,0.2383
2017/8/22,1356.7,0.2383
2017/8/23,1406.7,0.2471
2017/8/24,1406.7,0.2471
2017/8/25,1406.7,0.2471
2017/8/28,1406.7,0.2471
2017/8/29,1456.7,0.2559
2017/8/30,1456.7,0.2559
2017/8/31,1426.7,0.2493
2017/9/1,1526.7,0.2668
2017/9/4,1626.7,0.2842
2017/9/5,1676.7,0.293
2017/9/6,1676.7,0.293
2017/9/7,1676.7,0.293
2017/9/8,1676.7,0.293
2017/9/11,1601.7,0.2762
2017/9/12,1651.7,0.2849
2017/9/13,1651.7,0.2849
2017/9/14,1556.7,0.2651
2017/9/15,1481.7,0.2504
2017/9/18,1301.7,0.2188
2017/9/19,1301.7,0.2188
2017/9/20,1201.7,0.202
2017/9/21,1051.7,0.1768
2017/9/22,951.7,0.16
2017/9/25,951.7,0.16
2017/9/26,951.7,0.16
2017/9/27,951.7,0.16
2017/9/28,951.7,0.16
2017/9/29,951.7,0.16
2017/10/9,526.7,0.0833
2017/10/10,456.7,0.0722
2017/10/11,306.7,0.0474
2017/10/12,126.7,0.0196
2017/10/13,126.7,0.0196
2017/10/16,126.7,0.0196
2017/10/17,76.7,0.0119
2017/10/18,76.7,0.0119
2017/10/19,-23.3,-0.0036
2017/10/20,-23.3,-0.0036
2017/10/23,6.7,0.001
2017/10/24,26.7,0.0041
2017/10/25,26.7,0.0041
2017/10/26,6.7,0.001
2017/10/27,6.7,0.001
2017/10/30,6.7,0.001
2017/10/31,6.7,0.001
2017/11/1,16.7,0.0026
2017/11/2,21.7,0.0034
2017/11/3,-8.3,-0.0013
2017/11/6,-108.3,-0.0171
2017/11/7,-108.3,-0.0171
2017/11/8,-108.3,-0.0171
2017/11/9,-108.3,-0.0171
2017/11/10,-138.3,-0.0218
2017/11/13,-138.3,-0.0218
2017/11/14,-188.3,-0.0297
2017/11/15,-288.3,-0.0455
2017/11/16,-388.3,-0.0613
2017/11/17,-388.3,-0.0613
2017/11/20,-388.3,-0.0613
2017/11/21,-388.3,-0.0613
2017/11/22,-388.3,-0.0613
2017/11/23,-238.3,-0.0385
2017/11/24,-238.3,-0.0385
2017/11/27,-238.3,-0.0385
2017/11/28,-288.3,-0.0466
2017/11/29,-288.3,-0.0466
2017/11/30,-323.3,-0.0524
2017/12/1,-323.3,-0.0524
2017/12/4,-273.3,-0.0443
2017/12/5,-173.3,-0.0281
2017/12/6,-173.3,-0.0281
2017/12/7,-13.3,-0.0022
2017/12/8,-13.3,-0.0022
2017/12/11,36.7,0.006
2017/12/12,111.7,0.0185
2017/12/13,111.7,0.0185
2017/12/14,111.7,0.0185
2017/12/15,91.7,0.0152
2017/12/18,131.7,0.0218
2017/12/19,161.7,0.0268
2017/12/20,161.7,0.0268
2017/12/21,161.7,0.0268
2017/12/22,161.7,0.0268
2017/12/25,111.7,0.0185
2017/12/26,111.7,0.0185
2017/12/27,111.7,0.0185
2017/12/28,111.7,0.0185
2017/12/29,111.7,0.0185
2018/1/2,161.7,0.0268
2018/1/3,226.7,0.0376
2018/1/4,226.7,0.0376
2018/1/5,276.7,0.0459
2018/1/8,276.7,0.0459
2018/1/9,276.7,0.0459
2018/1/10,336.7,0.0565
2018/1/11,336.7,0.0565
2018/1/12,336.7,0.0565
2018/1/15,381.7,0.0645
2018/1/16,331.7,0.0561
2018/1/17,331.7,0.0561
2018/1/18,331.7,0.0561
2018/1/19,331.7,0.0561
2018/1/22,331.7,0.0561
2018/1/23,331.7,0.0561
2018/1/24,381.7,0.0645
2018/1/25,431.7,0.073
2018/1/26,431.7,0.073
2018/1/29,451.7,0.0759
2018/1/30,451.7,0.0759
2018/1/31,451.7,0.0759
2018/2/1,451.7,0.0759
2018/2/2,451.7,0.0759
2018/2/5,401.7,0.0675
2018/2/6,401.7,0.0675
2018/2/7,401.7,0.0675
2018/2/8,401.7,0.0675
2018/2/9,401.7,0.0675
2018/2/12,401.7,0.0675
2018/2/13,401.7,0.0675
2018/2/14,401.7,0.0675
2018/2/22,401.7,0.0675
2018/2/23,401.7,0.0675
2018/2/26,401.7,0.0675
2018/2/27,401.7,0.0675
2018/2/28,401.7,0.0675
2018/3/1,401.7,0.0675
2018/3/2,401.7,0.0675
2018/3/5,401.7,0.0675
2018/3/6,381.7,0.0645
2018/3/7,381.7,0.0645
2018/3/8,381.7,0.0645
2018/3/9,386.7,0.0665
2018/3/12,411.7,0.0718
2018/3/13,361.7,0.063
2018/3/14,361.7,0.063
2018/3/15,361.7,0.063
2018/3/16,311.7,0.0543
2018/3/19,311.7,0.0543
2018/3/20,261.7,0.0456
2018/3/21,261.7,0.0456
2018/3/22,261.7,0.0456
2018/3/23,261.7,0.0456
2018/3/26,261.7,0.0456
2018/3/27,261.7,0.0456
2018/3/28,261.7,0.0456
2018/3/29,261.7,0.0456
2018/3/30,261.7,0.0456
2018/4/2,311.7,0.0543
2018/4/3,236.7,0.0407
2018/4/4,176.7,0.0301
2018/4/9,151.7,0.0255
2018/4/10,201.7,0.0339
2018/4/11,201.7,0.0339
2018/4/12,201.7,0.0339
2018/4/13,201.7,0.0339
2018/4/16,201.7,0.0339
2018/4/17,201.7,0.0339
2018/4/18,201.7,0.0339
2018/4/19,201.7,0.0339
2018/4/20,201.7,0.0339
2018/4/23,251.7,0.0423
2018/4/24,306.7,0.0512
2018/4/25,306.7,0.0512
2018/4/26,406.7,0.0679
2018/4/27,456.7,0.0762
2018/5/2,456.7,0.0762
2018/5/3,456.7,0.0762
2018/5/4,556.7,0.0929
2018/5/7,606.7,0.1012
2018/5/8,676.7,0.1124
2018/5/9,676.7,0.1124
2018/5/10,676.7,0.1124
2018/5/11,676.7,0.1124
2018/5/14,676.7,0.1124
2018/5/15,676.7,0.1124
2018/5/16,676.7,0.1124
2018/5/17,676.7,0.1124
2018/5/18,676.7,0.1124
2018/5/21,676.7,0.1124
2018/5/22,626.7,0.1041
2018/5/23,626.7,0.1041
2018/5/24,626.7,0.1041
2018/5/25,626.7,0.1041
2018/5/28,526.7,0.0875
2018/5/29,526.7,0.0875
2018/5/30,526.7,0.0875
2018/5/31,526.7,0.0875
2018/6/1,526.7,0.0875
2018/6/4,526.7,0.0875
2018/6/5,576.7,0.0958
2018/6/6,576.7,0.0958
2018/6/7,626.7,0.1041
2018/6/8,676.7,0.1124
2018/6/11,726.7,0.1207
2018/6/12,726.7,0.1207
2018/6/13,726.7,0.1207
2018/6/14,726.7,0.1207
2018/6/15,726.7,0.1207
2018/6/19,676.7,0.1124
2018/6/20,676.7,0.1124
2018/6/21,676.7,0.1124
2018/6/22,676.7,0.1124
2018/6/25,626.7,0.1041
2018/6/26,626.7,0.1041
2018/6/27,626.7,0.1041
2018/6/28,626.7,0.1041
2018/6/29,676.7,0.1124
2018/7/2,626.7,0.1041
2018/7/3,626.7,0.1041
2018/7/4,626.7,0.1041
2018/7/5,626.7,0.1041
2018/7/6,576.7,0.0958
2018/7/9,576.7,0.0958
2018/7/10,576.7,0.0958
2018/7/11,576.7,0.0958
2018/7/12,626.7,0.1041
2018/7/13,626.7,0.1041
2018/7/16,626.7,0.1041
2018/7/17,701.7,0.118
2018/7/18,701.7,0.118
2018/7/19,701.7,0.118
2018/7/20,701.7,0.118
2018/7/23,751.7,0.1264
2018/7/24,751.7,0.1264
2018/7/25,801.7,0.1348
2018/7/26,801.7,0.1348
2018/7/27,801.7,0.1348
2018/7/30,776.7,0.129
2018/7/31,776.7,0.129
2018/8/1,776.7,0.129
2018/8/2,776.7,0.129
2018/8/3,826.7,0.1373
2018/8/6,876.7,0.1456
2018/8/7,876.7,0.1456
2018/8/8,1026.7,0.1705
2018/8/9,1026.7,0.1705
2018/8/10,1026.7,0.1705
2018/8/13,1056.7,0.1763
2018/8/14,1056.7,0.1763
2018/8/15,1056.7,0.1763
2018/8/16,1056.7,0.1763
2018/8/17,996.7,0.1647
2018/8/20,946.7,0.1564
2018/8/21,901.7,0.1479
2018/8/22,901.7,0.1479
2018/8/23,851.7,0.1397
2018/8/24,726.7,0.1177
2018/8/27,726.7,0.1177
2018/8/28,576.7,0.0912
2018/8/29,576.7,0.0912
2018/8/30,501.7,0.0784
2018/8/31,501.7,0.0784
2018/9/3,351.7,0.055
2018/9/4,351.7,0.055
2018/9/5,351.7,0.055
2018/9/6,351.7,0.055
2018/9/7,351.7,0.055
2018/9/10,351.7,0.055
2018/9/11,351.7,0.055
2018/9/12,351.7,0.055
2018/9/13,321.7,0.0501
2018/9/14,321.7,0.0501
2018/9/17,226.7,0.035
2018/9/18,226.7,0.035
2018/9/19,226.7,0.035
2018/9/20,226.7,0.035
2018/9/21,151.7,0.0232
2018/9/24,151.7,0.0232
2018/9/25,1.7,0.0003
2018/9/26,-48.3,-0.0072
2018/9/27,-48.3,-0.0072
2018/9/28,-48.3,-0.0072
2018/10/8,-48.3,-0.0072
2018/10/9,-48.3,-0.0072
2018/10/10,-98.3,-0.0147
2018/10/11,-98.3,-0.0147
2018/10/12,-98.3,-0.0147
2018/10/15,-23.3,-0.0035
2018/10/16,-23.3,-0.0035
2018/10/17,-73.3,-0.0111
2018/10/18,-73.3,-0.0111
2018/10/19,-73.3,-0.0111
2018/10/22,-123.3,-0.0186
2018/10/23,-48.3,-0.0074
2018/10/24,-48.3,-0.0074
2018/10/25,26.7,0.0041
2018/10/26,26.7,0.0041
2018/10/29,-125.8,-0.019
2018/10/30,-175.8,-0.0265
2018/10/31,-175.8,-0.0265
2018/11/1,-175.8,-0.0265
2018/11/2,-125.8,-0.0192
2018/11/5,-8.3,-0.0013
2018/11/6,-18.3,-0.0029
2018/11/7,-18.3,-0.0029
2018/11/8,-18.3,-0.0029
2018/11/9,11.7,0.0018
2018/11/12,155.9,0.025
2018/11/13,155.9,0.025
2018/11/14,205.9,0.033
2018/11/15,205.9,0.033
2018/11/16,285.9,0.0458
2018/11/19,285.9,0.0458
2018/11/20,255.9,0.041
2018/11/21,255.9,0.041
2018/11/22,235.9,0.0378
2018/11/23,235.9,0.0378
2018/11/26,235.9,0.0378
2018/11/27,205.9,0.033
2018/11/28,205.9,0.033
2018/11/29,280.9,0.0455
2018/11/30,280.9,0.0455
2018/12/3,365.9,0.06
2018/12/4,365.9,0.06
2018/12/5,480.9,0.0799
2018/12/6,585.9,0.0986
2018/12/7,605.9,0.1019
2018/12/10,595.9,0.1003
2018/12/11,585.9,0.0986
2018/12/12,585.9,0.0986
2018/12/13,605.9,0.1019
2018/12/14,605.9,0.1019
2018/12/17,735.9,0.1277
2018/12/18,735.9,0.1277
2018/12/19,705.9,0.1225
2018/12/20,705.9,0.1225
2018/12/21,705.9,0.1225
2018/12/24,680.9,0.1191
2018/12/25,680.9,0.1191
2018/12/26,680.9,0.1191
2018/12/27,680.9,0.1191
2018/12/28,680.9,0.1191
2018/12/31,680.9,0.1191
2019/1/1,769.7,0.1343
2019/1/2,769.7,0.1343
2019/1/3,769.7,0.1343
2019/1/4,769.7,0.1343
2019/1/7,749.7,0.1308
2019/1/8,749.7,0.1308
2019/1/9,729.7,0.1273
2019/1/10,729.7,0.1273
2019/1/11,729.7,0.1273
2019/1/14,719.7,0.1256
2019/1/15,689.7,0.1204
2019/1/16,689.7,0.1204
2019/1/17,639.7,0.1116
2019/1/18,639.7,0.1116
2019/1/21,624.7,0.1082
2019/1/22,624.7,0.1082
2019/1/23,624.7,0.1082
2019/1/24,624.7,0.1082
2019/1/25,624.7,0.1082
2019/1/28,594.7,0.1024
2019/1/29,594.7,0.1024
2019/1/30,594.7,0.1024
2019/1/31,594.7,0.1024
2019/2/1,594.7,0.1024
2019/2/11,519.7,0.0884
2019/2/12,519.7,0.0884
2019/2/13,519.7,0.0884
2019/2/14,519.7,0.0884
2019/2/15,469.7,0.0799
2019/2/18,514.7,0.0882
2019/2/19,494.7,0.0848
2019/2/20,494.7,0.0848
2019/2/21,494.7,0.0848
2019/2/22,494.7,0.0848
2019/2/25,494.7,0.0848
2019/2/26,504.7,0.0865
2019/2/27,514.7,0.0882
2019/2/28,494.7,0.0848
2019/3/1,514.7,0.0882
2019/3/4,494.7,0.0848
2019/3/5,494.7,0.0848
2019/3/6,425.5,0.0719
2019/3/7,445.5,0.0753
2019/3/8,445.5,0.0753
2019/3/11,415.5,0.0692
2019/3/12,415.5,0.0692
2019/3/13,375.5,0.0625
2019/3/14,375.5,0.0625
2019/3/15,375.5,0.0625
2019/3/18,165.5,0.0269
2019/3/19,165.5,0.0269
2019/3/20,90.5,0.0145
2019/3/21,90.5,0.0145
2019/3/22,120.5,0.0193
2019/3/25,-9.5,-0.0015
2019/3/26,-109.5,-0.0168
2019/3/27,-59.5,-0.0091
2019/3/28,-59.5,-0.0091
2019/3/29,-59.5,-0.0091
2019/4/1,100.5,0.0154
2019/4/2,50.5,0.0077
2019/4/3,80.5,0.0123
2019/4/4,80.5,0.0123
2019/4/5,80.5,0.0123
2019/4/8,190.5,0.0292
2019/4/9,190.5,0.0292
2019/4/10,190.5,0.0292
2019/4/11,190.5,0.0292
2019/4/12,180.5,0.0276
2019/4/15,195.5,0.0296
2019/4/16,195.5,0.0296
2019/4/17,145.5,0.022
2019/4/18,145.5,0.022
2019/4/19,125.5,0.019
2019/4/22,145.5,0.022
2019/4/23,220.5,0.0338
2019/4/24,130.5,0.0195
2019/4/25,170.5,0.0255
2019/4/26,180.5,0.027
2019/4/29,148,0.0219
2019/4/30,148,0.0219
2019/5/1,148,0.0219
2019/5/2,148,0.0219
2019/5/3,248,0.0367
2019/5/6,340.5,0.0504
2019/5/7,460.5,0.0694
2019/5/8,780.5,0.1235
2019/5/9,780.5,0.1235
2019/5/10,845.5,0.1354
2019/5/13,755.5,0.121
2019/5/14,915.5,0.1505
2019/5/15,1070.5,0.1805
2019/5/16,1070.5,0.1805
2019/5/17,1065.5,0.1795
2019/5/20,923,0.1544
2019/5/21,763,0.1243
2019/5/22,763,0.1243
2019/5/23,633,0.1018
2019/5/24,655.5,0.1058
2019/5/27,665.5,0.1085
2019/5/28,855.5,0.1439
2019/5/29,885.5,0.1497
2019/5/30,885.5,0.1497
2019/5/31,923,0.1571
2019/6/3,763,0.1264
2019/6/4,763,0.1264
2019/6/5,815.5,0.1376
2019/6/6,898,0.1537
2019/6/7,858,0.1469
2019/6/10,728,0.1229
2019/6/11,678,0.1145
2019/6/12,678,0.1145
2019/6/13,678,0.1145
2019/6/14,997.2,0.178
2019/6/17,997.2,0.178
2019/6/18,918,0.1616
2019/6/19,880,0.1538
2019/6/20,720.5,0.1225
2019/6/21,733,0.1239
2019/6/24,668,0.1107
2019/6/25,518,0.0838
2019/6/26,518,0.0838
2019/6/27,498,0.0806
2019/6/28,348,0.055
2019/7/1,228,0.0352
2019/7/2,268,0.0413
2019/7/3,238,0.0363
2019/7/4,200.5,0.0304
2019/7/5,200.5,0.0304
2019/7/8,43,0.0064
2019/7/9,5.5,0.0008
